text,label
"WhatsApp status pettanu motivational quote, nenu depressed undoo — content and life different",1
"Rakesh LinkedIn lo 'open to work' pettadu, recruiter leduu, relatives vasindi — wrong platform response",1
"Hindupur chala big city undi, population chaallu undi currently",0
"today linear algebra lab session undi, experiment complete chesaadhu",0
"state lo rainfall chaalaa undy this monsoon season, reservoirs full avvunu",0
reading habit challa useful undie long term lo anukuntunna,0
"professor cheppadu 'attendance mandatory', Rakesh proxy pettadu, professor ne proxy ichadu — full circle bru",1
mirchi bajji preparation method different ga undii different regions lo,0
"Twitter lo argument chesaadhu Pavan, 200 replies vasindi, everyone against — ratio avunuu broh",1
"nenu Dunzo lo payment chesadhu bill ki, easy ga undii",0
"office coffee machine broken avunuu, entire team productivity zero — dependency confirmed bru",1
"Telugu language chaalaa old language undoo, rich literature undii",0
"power cut avvunuu Rajahmundry lo, exam night lo — God timing perfect brooo",1
algorithms concepts chaala important undie software engineering ki,0
group study sometimes helpful avvunu anukunde complex subjects ki,0
"amma cheppiindi 'doctor avutav' ani, naa marks chusaka 'compounder avunuu kadha' ani update chesdu",1
"naa life okkaa hero laa start avvunuu — but interval leduu, climax ledu, budget laedu",1
"Sai assignment last minute chesdu, font 16, margins wide, 3 pages done — engineering at its peak",1
TOC interesting subject undoo naa opinion lo,0
Eluru lo okkaa new Roposo office open avnu this month,0
attu preparation method different ga undie different regions lo,0
"Telugu language challaa old language undy, rich literature undy",0
"Babu cheppadu tomorrow Nellore lo program undy ani, attend chestava adugadu",0
"Kavya cheppiindi notes share cheyyi ani, share chesanu",0
"Netflix order cancel aayindi, money 7 days lo refund avunu ani cheppindi — 7 days lo naa hunger wait ledhu",1
teamwork skills develop avvunuu group projects tho anukuntunna,0
Secunderabad lo transport options improve avvunu metro tho,0
"PhonePe notification off chesanu, silent mode chesaadu, still distracted avvunuu — problem internal broh",1
"internals lo Dinesh ki 9/30 vasthe 'grace marks' antadu, grace means 9 ye brooo",1
"Chintu deadline miss chesadu, 'estimation ga chesanu' annadu — estimation = guess confirmed bro",1
"rain start avunu — naa umbrella room lo undie, nenu Ongole middle lo undy",1
"Eluru lo colleges challa undii, students everywhere undi anukuntaa",0
"propose chesanu WhatsApp lo, Swathi blue tick chesaadu, reply ledu — left on read forever brooo",1
"mail ki 'as per my last mail' chesadu, war started avvunu — corporate battlefield bro",1
"hostel cricket lo Rahul out avunuu, 'no ball' ani argue chesadhu — classic denial",1
"Hema 'nuwu change avvali' annadi, Lokesh hairstyle change chesaadu — nenu try chesanu brooo",1
"nenu sambar tinnanu, chaala undoo anukunta",0
"power cut ayindhi, phone dead, fan leduu, summer — Eluru punishment level heat",1
"naa discrete maths class night lo undie, attend chesanu",0
time management important skill undi students ki anukuntunna,0
"3 months crush chesanu, Farida chepindi 'I have a boyfriend' ani day 1 lo ledoo — time waste certified",1
"Hindupur lo new IT park build avutundi, jobs increase avnu anukunde",0
"India batting collapse avunuu, nenu TOC notes rasanu — parallel disasters brooo",1
"naa placement cell ki Uber lo daily velthunna, time avvunu chaalaa",0
"India World Cup win chesadhu, nenu engineering drawing fail avvunu same day — mixed emotions brooo",1
"hostel curfew 10 PM, Arjun 10:01 ki vasadu — warden face priceless broh",1
"movie lo villain chala smart undhi, hero okka scene lo defeat chesaadhu — audience: wait what",1
Tadipatri lo weather chaala hot ga undi summers lo generally,0
"Hema cheppiindi exam postpone avvunuu ani, relief avvunuu",0
"Vijay cheppadu Tenali ki vellaadani, nenu koodaa veltanu annanu",0
"Twitter lo argument chesaadhu Anil, 200 replies vasindi, everyone against — ratio avunuu bro",1
"valentine's day ki Dinesh alone undhi, fried rice order chesadu — self love era F",1
"naa digital circuits record okkaa page kooda rayaledu, submission day lo Munna xerox shop lo undi",1
"diet chesadu, results ledu, fried rice eat chesdu, results ledoo — same outcome different happiness",1
"relatives adugutunnaru 'what are your plans' ani, nenu DBMS pass avvadam plan broh — small goals fr fr",1
"restaurant lo menu photos chala undii, actual plate small avunuu — food photography crimes broh",1
"engineering colleges chaala undie Telangana lo, competition kuda chala",0
"long distance relationship undoo, calls challa undii, meet avnu — bills only growing",1
software jobs chaala undii Bhimavaram lo young graduates ki,0
"akka result vasindi, ammaa sweets chesindi, naa result vasindi, ammgaru fasting chesindi — clear bias",1
library resources properly use chesukovalani compilers better understand avvadam ki,0
"GPay lo gongura rice order chesanu, wrong item vasindi, hungry avunuu tinna — hunger defeats ego",1
"nenu chicken curry try chesanu first time, okay ga undoo",0
mental health kuda physical health la important undi anukuntunna,0
"Girish chepdu project submit chesaadhu ani, good annanu",0
"movie lo villain chala smart undii, hero okkka scene lo defeat chesadhu — audience: wait what",1
match tension lo tomato rice ledoo tinnanu — superstition eating bru,1
"naa discrete maths class Monday lo undoo, attend chesanu",0
"new hospital Dilsukhnagar lo open avutundi next month, facilities chaallu undii",0
"Bhaskar Facebook lo 'checking in' everywhere pettadu, ammaaa ki location track avunu — backfire bru",1
"nenu Moj lo payment chesaadu bill ki, easy ga undie",0
AI prepare avvadam ki daily consistent practice important undii,0
compilers basics strong avnu antee advanced concepts easy avunuu,0
"mess poori bad undi, outside poori expensive undy, ammaaa poori perfect undhi — home truth",1
"relatives adugutunnaru 'what are your plans' ani, nenu OS pass avvadam plan broo — small goals 💀",1
naa environmental science marks chusaka okka nimisham silent ga undii — grief kaadhu pure shock broh,1
"Varun Tej mass scene lo BGM chala loud undhi, theater shake ayindi, naa heart shake ayindhi — same energy",1
OOPS research field challaa active undie currently globally,0
Abhi cheppaadu new Moj download chesanu try cheyyi ani,0
"Zara chepindi library books return date vasindi ani, return chesanu",0
crush cheppindhi 'we are just friends' ani — microprocessors fail kanna painful avnu broo,1
"new startup Tenali lo start avnu, local nurse opportunities create avvunu",0
reading habit chaallu useful undhi long term lo anukunta,0
"power cut avunu, phone charge ledoo, powerbank edu — darkness in every way brow",1
"restaurant lo menu photos challaa undi, actual plate small avnu — food photography crimes bro",1
"hostel curfew 10 PM, Tarun 10:01 ki vasadu — warden face priceless bro",1
"generator sound undoo, power back avunu ani excited avunuu, neighbour generator avunu — false hope brow",1
"new restaurant undi, expensive menu chusaka water only order chesanu — budget dining broh",1
Raju new scooty kinukkunnadu last month Rajahmundry lo,0
"Kadapa challa big city undii, population challaa undhi currently",0
"Chirala climate chala hot summers lo, monsoon better ga undy",0
"Kiran viva lo professor adugadu 'explain DSA', Kiran cheppadu 'sir nenu physics chesanu' — wrong subject attended",1
"new restaurant undi, expensive menu chusaka water only order chesanu — budget dining brow",1
"new flyover Guntur lo ready avvunuu next month, traffic ease avvunuu anukuntaa",0
amma: nuvuu ekkadaa unnav? nenu: library lo. ammaa: mee college lo library ekado undhi raa? finished bro,1
"government data scientist recruitment notification release avunu, applications start avunuu",0
healthy ga undadam ki gulab jamun tho balanced diet maintain avvunu,0
Chiranjeevi interview lo 'fans my strength' annadu — fans hearing this: power up avnu,1
"naa CN valla discrete maths miss ayindii, discrete maths valla CN miss aayindi — perfect planning 😭😭",1
"Naga chepindhi library books return date vasindi ani, return chesanu",0
"Madhapur lo colleges challa undy, students everywhere undy anukuntaa",0
"Hema chepindi tomorrow test undy management lo ani, prepare avnu",0
nenu Lokesh tho Tirupati meet avnu ani plan chesaadu,0
"naa environmental science paper lo okka question kadu telivindi, kani confident ga avunu rasa — confidence bru not knowledge genius bro",1
"Hindupur lo colleges challaa undie, students everywhere undie anukunde",0
"Babai cooking first time chesaadu, gongura rice chesanu, amma feedback: 'next time ledoo chesuku' — harsh review",1
"diet start chesanu — chicken curry chusaka cancel avvunuu, health is wealth but food is life brooo",1
"nenu discrete maths notes prepare chesanu exam ki, chaallu undi material",0
"restaurant bill chaallu undoo, split chesamu, nenu extra chesanu — mathematics of friendship bro",1
"Sai cheppadu tomorrow Vizag lo program undoo ani, attend chestava adugadu",0
Andhra Pradesh lo agriculture important sector undy economy ki,0
"theater lo Mahesh Babu entry scene ki claps, interval ki claps, climax ki claps — nenu snacks ki claps",1
"Telugu cinema industry chaalaa big undie, annual revenue chaala undi",0
today afternoon lo Kiran Bhimavaram ki MMTS lo vellaadu,0
"power cut ayindii, phone dead, fan ledoo, summer — Vijayawada punishment level heat",1
"WhatsApp lo paneer order chesanu, wrong item vasindi, hungry avunu tinna — hunger defeats ego",1
"rain avnu match cancel avunuu, DLS method vasindi — nobody understands DLS broh",1
"Amazon Prime lo chapati order chesanu, wrong item vasindi, hungry avvunu tinna — hunger defeats ego",1
Hindupur lo real estate prices increase avvunu last year lo,0
"online meeting lo nenu mute avnu matladanu 5 mins — everyone heard, no one told bru",1
"nanna cheppadu 'architect avvali' ani, nenu cheppanu 'try chestunna' ani — 4 years same conversation brow",1
"amma cheppindi 'doctor avutav' ani, naa marks chusaka 'compounder avnu kada' ani update chesadhu",1
teamwork skills develop avunuu group projects tho anukuntunna,0
university new courses announce chesdu next academic year ki,0
"Warangal lo new IT park build avutundi, jobs increase avunuu anukuntunna",0
"online lo Priya profile photo chaallu undi, real lo meet avunuu — filter technology peak level broh",1
"bag pack chesanu trip ki, okka thing forget chesaadhu, charger — always the charger",1
"mess biryani bad undy, outside biryani expensive undhi, ammaaa biryani perfect undoo — home truth",1
poori health benefits chala undi nutritional value tho,0
"3 months crush chesanu, Sirisha cheppindhi 'I have a boyfriend' ani day 1 lo laedu — time waste certified",1
Eluru lo weather challa hot ga undi summers lo generally,0
"hostel lo electricity bill split chesamu, AC room ki kudaa split avnu — fair leduu bro",1
resume lo relevant discrete maths skills clearly mention cheyyadam important,0
"rain avvunuu match cancel avvunu, DLS method vasindi — nobody understands DLS bro",1
naa AI marks chusaka okka nimisham silent ga undii — grief kaaduu pure shock brooo,1
"Arun LinkedIn lo 'open to work' pettadu, recruiter laedu, relatives vasindi — wrong platform response",1
"new joiner vasadu, nenu senior ani feel avvunuu, nenu kudaa confused undi — leading the lost brow",1
"paneer order chesanu, delivery boy chepdu '5 mins', 45 mins avvunuu — elastic 5 mins bru",1
government schemes challaa undi students ki Vijayawada lo,0
"state lo rainfall chaallu undii this monsoon season, reservoirs full avunuu",0
"BYJU's order cancel ayindii, money 7 days lo refund avunu ani cheppindi — 7 days lo naa hunger wait ledu legend",1
electricity rates change avutunnai Tirupati lo this quarter,0
Chiranjeevi interview lo 'fans my strength' annadu — fans hearing this: power up avnu 💔,1
"3 months crush chesanu, Bhavana cheppiindi 'I have a boyfriend' ani day 1 lo laedu — time waste certified",1
"morning pappu breakfast ki chesamu, ammaa chesaadhu today",0
"sprint planning lo story points debate chesanu 2 hours, actual work 30 mins — agile philosophy brow",1
nenu Rohit tho Warangal meet avvunuu ani plan chesaadhu,0
"Dinesh adugadu ekkada undi nuvvu ani, Secunderabad lo undoo cheppanu",0
"Bhimavaram lo colleges challa undy, students everywhere undoo anukuntaa",0
software engineering okka important branch undhi computer science lo,0
"Deepika dp change chesadhu, Ramu first like chesaadhu — notification ON obviously 😭😭",1
"Roposo lo garelu 50% off undhi, order chesanu, delivery charge 100 rs — discount illusion bru",1
"today microprocessors lab session undy, experiment complete chesadu",0
"cooking chesadhu, taste check chesanu, taste check again — by end tomato rice ledu bru",1
Munna today discrete maths assignment submit chesadhu on time,0
IAS officer ki necessary certifications obtain cheyyadam career growth ki helpful,0
Chaitra adugindi 'emaina special undiva nalo?' — nenu discrete maths notes rasaanu simultaneously,1
"nenu mirchi bajji tinnanu, chala undi anukuntunna",0
"Raju cheppaadu Secunderabad ki vellaadani, nenu koodaa veltanu annanu",0
Teja department lo software engineering class attend chesadu morning lo,0
Arjun gate lo maths class attend chesaadu morning lo,0
"restaurant lo menu photos chala undy, actual plate small avunuu — food photography crimes brooo",1
"online lo Sravani profile photo chaallu undii, real lo meet avnu — filter technology peak level brow",1
"IPL season lo microprocessors study laedu, exam results reflect avunuu — cricket education bru",1
"theater lo Ram Charan entry scene ki claps, interval ki claps, climax ki claps — nenu snacks ki claps F",1
maths okaa important branch undi computer science lo,0
"ShareChat lo pulihora order chesanu '30 mins' anti — 2 hours lo vasindi, cold ga undoo",1
"rain start avunuu — naa umbrella room lo undie, nenu Kurnool middle lo undhi",1
"pongal order chesanu, delivery boy chepdu '5 mins', 45 mins avnu — elastic 5 mins brooo",1
"Prasad Vani ki good morning text chesadu daily, read avvunu reply ledoo — read receipts cruelty",1
"Venu Keerthi tho first date ki LB Nagar lo vada tinnaru, bill split chesdu — modern love",1
"Divya cheppindhi notes share cheyyi ani, share chesanu",0
"Surya Mounika ki gifts icchaadu, Mounika chepindi 'you are like my brother' — return policy edu broo",1
"Machilipatnam lo new IT park build avutundi, jobs increase avvunu anukuntunna",0
"3 months crush chesanu, Zara chepindi 'I have a boyfriend' ani day 1 lo ledhu — time waste certified haha",1
"midnight hunger avvunuu, WhatsApp open chesanu, Vijayawada delivery ledu — location punishment bru",1
Gopi library lo software engineering chadduvutunnadu evening daka,0
"nenu today Narasaraopet ki bike lo vellanu, challaa time avvunu",0
teamwork skills develop avunuu group projects tho anukunde,0
"today OS lab session undii, experiment complete chesaadu",0
"garelu spicy order chesanu, 'extra spicy' ante, tears vasindi — bravado backfire brooo",1
"ammgaru dal rice chesaadu, nenu 'chala undi' annanu — ledoo, pure diplomacy brow",1
"online meeting lo nenu mute avunuu matladanu 5 mins — everyone heard, no one told broo",1
"state lo rainfall chaala undii this monsoon season, reservoirs full avvunuu",0
exam lo Lucky pray chesadu 'God MCQ lo A avvani cheyyatam' — very specific prayer brow,1
"Sanjay cheppadu today class undi ani, nenu attend chesanu",0
"diet chesaadhu, results laedu, jalebi eat chesaadu, results leduu — same outcome different happiness",1
"nenu today Anantapur ki truck lo vellanu, chaala time avnu",0
government schemes challaa undi students ki Ongole lo,0
"power cut avvunu, phone charge edu, powerbank edu — darkness in every way brooo",1
"Lokesh Swathi kosam physics study chesadu, Swathi different section lo undi — wasted effort",1
Mehdipatnam lo transport options improve avunuu metro tho,0
"Srinu assignment last minute chesdu, font 16, margins wide, 3 pages done — engineering at its peak",1
"fried rice traditional Dilsukhnagar dish undi, festivals lo prepare avunu",0
"naa life Balayya movie la undhi — interval ki twist, climax ki logic ledhu bru",1
"engineering colleges chaallu undhi Telangana lo, competition koodha challaa",0
software jobs chala undi Hyderabad lo young graduates ki,0
mental health kuda physical health la important undy anukuntaa,0
"India match undie, data mining exam kuda undi, nenu match chesanu — priorities clear bro",1
"bag pack chesanu trip ki, okaa thing forget chesadu, charger — always the charger",1
"Tadipatri lo different areas undhi, each area different culture undii",0
"naa birthday ki okaa wish ledhu, exam result ki chaallu messages vasindi — wrong notifications bro",1
"Munna laundry okaa month chesadu, room lo mountain avvunuu — Himalayas size brooo",1
"babai cheppadu 'Girish ni chuso chaala undy' — Girish fail avunu broo, different level inspiration",1
"online meeting lo nenu mute avvunu matladanu 5 mins — everyone heard, no one told brow",1
"naa chemistry class afternoon lo undie, attend chesanu",0
"diet start chesanu — fried rice chusaka cancel avvunu, health is wealth but food is life broo",1
practical knowledge challa important undy theoretical kanna anukunde,0
"naa DBMS class afternoon lo undoo, attend chesanu",0
"chapati traditional Tirupati dish undoo, festivals lo prepare avunuu",0
"hostel curfew 10 PM, Rahul 10:01 ki vasadu — warden face priceless bru",1
"villain 1000 cr spend chesaadu plan ki, hero oka punch lo finish — ROI zero bro",1
punctuality important habit undoo professional life lo,0
"follow request pampanu, pending lo undy 6 months — neither yes nor no bro",1
"naa DSA paper lo okkaa question kaadu telivindi, kani confident ga avvunu rasa — confidence brooo not knowledge",1
"hero bike stunt chesadhu, Suresh try chesdu — bike undhi, Suresh hospital lo undoo",1
"bus timings change avvunu Rajahmundry lo recently, new schedule vasindi",0
"Jasmine story pettindi, nenu first viewer avvunu — stalker edu bro just coincidence",1
"hostel gate closed avnu, Surya wall jump chesadu, security undii — caught in 4K broo",1
"hostel gate closed avnu, Deepak wall jump chesdu, security undoo — caught in 4K brow",1
communication clearly cheyydam professional trader ki essential skill undie,0
"Kiran Instagram bio lo 'entrepreneur' pettadu, venture ledoo — aspirational lying bro",1
government 'smart city' antaa Kurnool lo truck ki roads leduu — very smart planning broh,1
"Rohit Sharma interview lo Telugu lo chepadu, nenu proud avunu — cultural representation broh",1
"pongal healthy ani chaddivanu, oil lo fry chesanu — healthy intent unhealthy execution brooo",1
regular exercise challa important undhi long term health ki,0
mental health kudaa physical health la important undy anukuntaa,0
"diet start chesanu — chicken curry chusaka cancel avunu, health is wealth but food is life brow",1
"nenu data mining notes prepare chesanu exam ki, chala undii material",0
"new flyover Mehdipatnam lo ready avunu next month, traffic ease avvunu anukuntaa",0
"Mahesh cheppaadu Ongole ki vellaadani, nenu koodha veltanu annanu",0
"naa exam hall ki Pleasure lo daily velthunna, time avvunuu challaa",0
"Ravi cheppadu project submit chesaadu ani, good annanu",0
"Zomato order cancel aayindi, money 7 days lo refund avvunuu ani cheppindi — 7 days lo naa hunger wait edu",1
"valentine's day ki Varun alone undhi, lemon rice order chesaadu — self love era",1
"Telugu language challaa old language undhi, rich literature undhi",0
Vijayawada lo weather challa hot ga undoo summers lo generally,0
Arjun today OOPS assignment submit chesaadu on time,0
"Naveen adugadu ekkada undie nuvvu ani, Kukatpally lo undoo cheppanu",0
Abhi hostel lo ML class attend chesadu morning lo,0
"Haritha chepindhi library books return date vasindi ani, return chesanu",0
"new hospital Machilipatnam lo open avutundi next month, facilities challaa undii",0
communication skills important undhi any pilot ki,0
"movie lo NTR tho fight scene, 50 mandi ni okkka hand tho — physics take a vacation brow",1
"group project lo Rajesh oka slide chesadu, presentation day lo nenu explain chesanu — Rajesh ekkada undy",1
Bhimavaram lo water supply schedule change avunuu maintenance ki,0
"Mohan placement cell lo attendance ledu brooo, but ammaa tho 'daily velthunna' antadu — technically edu kada",1
"upma spicy order chesanu, 'extra spicy' ante, tears vasindi — bravado backfire bru",1
"propose chesanu WhatsApp lo, Bindu blue tick chesdu, reply ledoo — left on read forever brooo",1
"new flyover Kurnool lo ready avvunu next month, traffic ease avvunuu anukunta",0
"story post chesanu, Kalyani viewed chesadhu, reply leduu — seen without acknowledgement bro",1
content creator avvadam challa kaashtam kani worth it undy anukuntunna,0
"Girish broh linear algebra exam ki prepare ledoo, result vasthe 'paper tough undhi' ani blame chesadhu 💔",1
nenu Babai tho Adoni meet avunu ani plan chesadhu,0
"roti chesthu undi ammgaru, nenu taste chesanu, 'challa undi' annanu — chef appreciation broo",1
"nanna 'maa time lo chaallu kashtapaddamu' antey, a time lo DBMS ledu brooo — different struggle",1
"nannagaru cheppadu 'IAS officer avvali' ani, nenu cheppanu 'try chestunna' ani — 4 years same conversation brooo",1
"nenu today Secunderabad ki Pulsar lo vellanu, chaallu time avnu",0
nenu Rajesh tho Dilsukhnagar meet avnu ani plan chesadu,0
water sufficient ga taagadam daily health ki essential undi,0
practical knowledge chaala important undi theoretical kanna anukuntunna,0
mental health kuda physical health la important undoo anukunta,0
"traffic lo Narasaraopet lo okaa hour stuck, GPS '2 mins away' antu undhi — GPS lying brooo",1
government 'smart city' anti Warangal lo bike ki roads edu — very smart planning brooo,1
internships challa important undhi final year students ki,0
tamarind rice chala healthy option undy daily diet lo,0
"ex vasindi message 'how are you' ani, nenu discrete maths fail avutunna — great timing bro",1
"YouTube lo gongura rice 50% off undhi, order chesanu, delivery charge 100 rs — discount illusion broo",1
"barber ki 'thoda trim' annanu — half head gone, lost in translation brooo",1
"naa algorithms class morning lo undii, attend chesanu",0
"amma hostel food check chesadhu, tiffin box tho vasindi — mom knows best broh",1
"India batting collapse avvunu, nenu ML notes rasanu — parallel disasters bro",1
"diet start chesanu — pappu chusaka cancel avnu, health is wealth but food is life bru",1
"new flyover Rajahmundry lo ready avnu next month, traffic ease avunu anukuntaa",0
communication clearly cheyyatam professional CA ki essential skill undhi,0
"rain avvunu match cancel avvunuu, DLS method vasindi — nobody understands DLS broo",1
youtuber ki necessary certifications obtain cheyyadam career growth ki helpful,0
economics nerchukovadam career ki important undy anukunta,0
Kadapa lo transport options improve avunuu metro tho,0
"hostel mess lo biryani undoo, canteen lo biryani undi, outside lo biryani undi — biryani universe bru",1
"crush 'good morning' text pampindi — nenu environmental science exam forget chesadu, failed — worth it broo gg",1
"hostel mess lo gulab jamun undoo, canteen lo gulab jamun undhi, outside lo gulab jamun undii — gulab jamun universe broh",1
"naa algorithms notes chaallu neat ga undy, exam ki neney chadduvukoledu — aesthetic > knowledge",1
"hostel gate closed avnu, Naidu wall jump chesaadu, security undii — caught in 4K broo",1
Bunny university lo microprocessors class attend chesadu morning lo,0
"state lo rainfall chaala undi this monsoon season, reservoirs full avvunu",0
"okkaa bite noodles tinnanu, finish avnu entire plate — portion control failed broh",1
"night lo punugulu crave avnu, Blinkit open chesanu, delivery ledoo hostel ki — hunger unsatisfied brow",1
today night lo Mohan LB Nagar ki Ola lo vellaadu,0
"naa seminar hall ki truck lo daily velthunna, time avunu challa",0
"akka result vasindi, ammaa sweets chesindi, naa result vasindi, ammaa fasting chesindi — clear bias legend",1
Tirupati lo IT sector chaala grow avutundi past decade lo,0
"group project lo Varun oka slide chesadu, presentation day lo nenu explain chesanu — Varun ekkada undii",1
"summer lo Proddatur lo power cut — fan ledhu, AC ledhu, life ledhu bru",1
"meeting lo yawn chesanu, boss chusadu — yawn explain cheyyadam hardest thing brow",1
"water filter leduu, bottle water kinukkunnamu — monthly attu budget lo cut avutundi broo",1
"Suresh room lo idli dabbala cook chesaadu, entire floor smell ayindii — community notification",1
Chirala lo road expansion project start avvunu this month,0
"relatives adugutunnaru 'what are your plans' ani, nenu data mining pass avvadam plan broh — small goals",1
"office lunch lo butter chicken undoo, nenu Moj order chesanu — mess food bypass broh",1
"naa software engineering valla discrete maths miss aayindi, discrete maths valla software engineering miss ayindii — perfect planning lol",1
"Kadapa lo new IT park build avutundi, jobs increase avvunu anukuntaa",0
Proddatur lo okkka new ShareChat office open avvunuu this month,0
Swathi adugindi 'emaina special undoova nalo?' — nenu TOC notes rasaanu simultaneously finished bro,1
Karimnagar lo road expansion project start avunu this month,0
"Ojaswi adugundi canteen ekkadoo undi ani, direction cheppanu",0
tomato rice challa healthy option undhi daily diet lo,0
"movie lo villain chaallu smart undi, hero okaa scene lo defeat chesaadu — audience: wait what",1
"nenu paneer tho dinner chesamu family tho, chala undhi",0
"hostel room lo 4 people, okaa charger, okkaa wifi — survival of the fittest",1
"warden room check chesdu, Surya room clean chesdu first time — inspection effect bru",1
"Rakesh cheppadu today class undi ani, nenu attend chesanu",0
Babai back bench lo undie kani first bencher kanna better marks — back lo wifi strong undy kadha,1
savings account lo auto debit set cheyyadam financial discipline ki undoo,0
"Gopi Bindu ki good morning text chesadu daily, read avnu reply leduu — read receipts cruelty",1
"pongal chesthu undhi ammaaa, nenu taste chesanu, 'chaallu undie' annanu — chef appreciation broo",1
"exam ki notes miss avvadam kaduu, regular revision important",0
"gulab jamun chesthu undi ammaa, nenu taste chesanu, 'chaallu undie' annanu — chef appreciation brooo",1
healthy ga undadam ki pulihora tho balanced diet maintain avunu,0
"hostel room lo 4 people, okaa charger, okaa wifi — survival of the fittest",1
"Mahesh Zara ki 'hi' text chesaadhu, 3 days tarvata reply vasindi — chala busy schedule undoo bru",1
"hostel curfew 10 PM, Sai 10:01 ki vasadu — warden face priceless bro",1
"Ishani story pettindi, nenu first viewer avnu — stalker laedu bro just coincidence",1
Santosh computer lab lo OS class attend chesaadhu morning lo,0
movie lo hero love failure tarvata oka song lo recover avvunuu — real life lo years kudaa leduu 💔,1
movie lo hero love failure tarvata okka song lo recover avunuu — real life lo years koodaa ledu,1
"Zara cheppindhi tomorrow test undie English lo ani, prepare avvunuu",0
Vijayawada lo oka new Flipkart office open avunu this month,0
"villain 1000 cr spend chesaadu plan ki, hero oka punch lo finish — ROI zero bru",1
"group project lo Tarun okkaa slide chesadu, presentation day lo nenu explain chesanu — Tarun ekkada undii",1
"restaurant lo menu photos challa undii, actual plate small avnu — food photography crimes bro",1
government schemes chaallu undy students ki Guntur lo,0
accountant avvadam chaallu kaashtam kani worth it undy anukuntaa,0
Pavan Kurnool lo nurse ga work chestunnadu currently,0
"nenu roti tho dinner chesamu family tho, chaallu undi",0
"Venu Facebook lo 'checking in' everywhere pettadu, ammgaru ki location track avunuu — backfire bro",1
"Paytm lo dal rice order chesanu, wrong item vasindi, hungry avvunuu tinna — hunger defeats ego",1
"water filter ledhu, bottle water kinukkunnamu — monthly pongal budget lo cut avutundi bru",1
"Nani room lo paneer dabbala cook chesdu, entire floor smell aayindi — community notification",1
"nenu microprocessors notes prepare chesanu exam ki, challa undi material",0
"Zomato order cancel ayindy, money 7 days lo refund avunu ani cheppindi — 7 days lo naa hunger wait ledoo",1
"nanna WhatsApp lo 'good morning' message forward chesadu, nenu reply ledu chesanu — generational gap",1
"nenu Bindu ki cheppanu class time change avvunuu ani, okay annadi",0
relationship status: chemistry tho — at least it needs me broo,1
microprocessors interesting subject undie naa opinion lo,0
Tirupati lo road expansion project start avunuu this month,0
"WFH undie, camera off meeting, pajama lo undy — professional from waist up broh",1
"Babai selfie 50 teesadu, okka post chesadhu, 2 likes vasindi — effort vs result gap broh",1
Ganesh new Jupiter kinukkunnadu last month Vijayawada lo,0
Kukatpally lo real estate prices increase avunuu last year lo,0
Tirupati challa develop avutundi last few years lo,0
"YouTube lo jalebi order chesanu, wrong item vasindi, hungry avvunuu tinna — hunger defeats ego",1
today weekend lo Pappu Gachibowli ki Ola lo vellaadu,0
"power cut avvunu Kurnool lo, exam night lo — God timing perfect brow",1
"Amazon lo pappu order chesanu '30 mins' antey — 2 hours lo vasindi, cold ga undi",1
"Twitter lo argument chesdu Rahul, 200 replies vasindi, everyone against — ratio avunuu brow",1
"naa seminar hall ki metro lo daily velthunna, time avunuu chaala",0
naa OOPS marks chusaka okkaa nimisham silent ga undoo — grief kaaduu pure shock brow,1
"Arjun LinkedIn lo 'open to work' pettadu, recruiter ledhu, relatives vasindi — wrong platform response",1
"nenu Munna ki OOPS concept explain chesanu, understood annadu",0
"new startup Gachibowli lo start avvunu, local businessman opportunities create avnu",0
"Ojaswi chepindhi library books return date vasindi ani, return chesanu",0
Vizag lo road expansion project start avnu this month,0
naa engineering drawing marks chusaka okaa nimisham silent ga undie — grief kaadu pure shock broh,1
"Suresh laundry okka month chesadu, room lo mountain avvunu — Himalayas size brow",1
government 'smart city' anti Vijayawada lo MMTS ki roads ledhu — very smart planning brow,1
"nenu halwa tho dinner chesamu family tho, chaallu undoo",0
"naa wifi chaala fast undoo — speed test lo matrame, actual lo edu bro",1
punctuality important habit undii professional life lo,0
"Raju cheppadu today class undii ani, nenu attend chesanu",0
Mani back bench lo undi kani first bencher kanna better marks — back lo wifi strong undii kaadaa,1
"office lunch lo attu undii, nenu BYJU's order chesanu — mess food bypass brooo",1
"Suresh Facebook lo 'checking in' everywhere pettadu, amma ki location track avunuu — backfire bru",1
"nannaa 'maa time lo chaallu kashtapaddamu' antee, a time lo DBMS laedu brooo — different struggle",1
"nenu punugulu try chesanu first time, okay ga undie",0
"nenu coconut rice tinnanu, challa undii anukunta",0
"nenu Dharani ki cheppanu class time change avnu ani, okay annadi",0
healthy ga undadam ki sambar tho balanced diet maintain avvunu,0
"nenu Keerthi tho software engineering group study chesaadhu, helpful avunuu",0
"India win avunu, Gandu bike lo celebrate chesadu — oka run ki overreact avvunuu bro",1
"Swiggy lo pongal order chesanu, wrong item vasindi, hungry avunuu tinna — hunger defeats ego",1
"Prasad laundry oka month chesadu, room lo mountain avvunuu — Himalayas size brow",1
internships chaala important undhi final year students ki,0
"Raju viva lo professor adugadu 'explain DSA', Raju cheppadu 'sir nenu English chesanu' — wrong subject attended",1
exam lo Nani pray chesaadu 'God MCQ lo A avvani cheyyatam' — very specific prayer bro,1
"Chintu adugadu which chemistry book better ani, reference book suggest chesanu",0
Friday lo urgent task vasindi — weekend destroyer confirmed broh,1
"bug report vasindi, nenu 'not able to reproduce' chesaadu — classic response brow",1
relationship status: software engineering tho — at least it needs me brow,1
statistics basics strong avnu anti advanced concepts easy avvunuu,0
"Raju cheppadu Tenali ki vellaadani, nenu koodha veltanu annanu",0
"ammgaru 'oka lawyer ni chadi set avutav' anti, nenu still environmental science clear cheyyalekapotunna",1
"nenu Priya tho DSA group study chesdu, helpful avvunuu",0
"naa algorithms class morning lo undoo, attend chesanu",0
"new hospital Adoni lo open avutundi next month, facilities chaallu undie",0
"Eswari chepindhi exam postpone avvunuu ani, relief avvunuu",0
"Dinesh cheppdu Chirala ki vellaadani, nenu kudaa veltanu annanu",0
"Hindupur lo okkka seat dorikithe lucky ani anukunde, destination ki reach avvunuu — always like this",1
youtuber avvadam chala kaashtam kani worth it undoo anukuntaa,0
Lokesh Eluru lo relatives ni chusaadaniki chesaadhu weekend lo,0
"night lo Anil snore chesaadhu, nenu headphones pettanu, battery edu, suffering begin avvunu",1
"to-do list rasanu, to-do list kooda to-do lo undii — meta productivity brow",1
"naa physics paper lo okkaa question kadu telivindi, kani confident ga avunuu rasa — confidence broo not knowledge haha",1
"Mohan Padma ki good morning text chesadu daily, read avunu reply laedu — read receipts cruelty",1
discrete maths nerchukovadam career ki important undy anukunta,0
Venu new Activa kinukkunnadu last month Secunderabad lo,0
"Telugu language chaallu old language undoo, rich literature undie",0
"mail ki 'as per my last mail' chesaadhu, war started avvunu — corporate battlefield broh",1
compilers research field chaalaa active undie currently globally,0
"state lo rainfall chaalaa undoo this monsoon season, reservoirs full avunu",0
Gachibowli lo water supply schedule change avnu maintenance ki,0
"office lunch lo garelu undii, nenu WhatsApp order chesanu — mess food bypass brooo",1
"Anna adugadu ekkada undie nuvvu ani, Guntur lo undoo cheppanu",0
Tenali lo new college open avutundi engineering courses tho,0
"long distance relationship undhi, calls challaa undi, meet avunuu — bills only growing legend",1
"nenu Babu tho English doubts discuss chesanu, clear avunu finally",0
"amma phone lo data ledu, naa phone lo data leduu, iddaru fight chesamu — poverty bonding",1
"Abhi Facebook lo 'checking in' everywhere pettadu, amma ki location track avunu — backfire broo",1
"naa life okaa hero laa start avunuu — but interval ledhu, climax ledhu, budget ledu gone case",1
"3 months crush chesanu, Yamini chepindhi 'I have a boyfriend' ani day 1 lo edu — time waste certified",1
"ammaa phone lo data ledhu, naa phone lo data ledu, iddaru fight chesamu — poverty bonding no cap",1
"mail ki 'as per my last mail' chesaadhu, war started avvunuu — corporate battlefield brooo",1
"Kadapa lo different areas undoo, each area different culture undi",0
"office coffee machine broken avunu, entire team productivity zero — dependency confirmed brow",1
"Anil deadline miss chesadhu, 'estimation ga chesanu' annadu — estimation = guess confirmed broh",1
regular medical checkup chesukovalani health issues early detect avvadam ki,0
"diet chesadu, results laedu, pesarattu eat chesaadu, results edu — same outcome different happiness",1
"nenu Munna ki cheppanu today assignment undi ani, thanks annadu",0
"Telugu cinema industry chaallu big undhi, annual revenue chala undoo",0
Bhimavaram lo new college open avutundi engineering courses tho,0
"Varun Tej movie trailer chaallu undii ani 4 tickets kattanu, movie logic ledoo — trailer cheated bru",1
"new flyover Secunderabad lo ready avunuu next month, traffic ease avunuu anukunde",0
Mahesh cheppdu new CRED download chesanu try cheyyi ani,0
"morning rasgulla breakfast ki chesamu, ammaaa chesadhu today",0
"Balayya movie review: 'logic ledoo' — fans: 'logic antey em bru, emotion chuso'",1
Pappu seminar hall lo maths class attend chesaadu morning lo,0
statistics concepts chaallu important undoo software engineering ki,0
"nenu Bindu tho DBMS group study chesaadhu, helpful avvunuu",0
"morning punugulu breakfast ki chesamu, ammgaru chesdu today",0
"Munna cheppadu today class undoo ani, nenu attend chesanu",0
Harish Madhapur lo relatives ni chusaadaniki chesaadhu weekend lo,0
"ammaa 'oka youtuber ni chadi set avutav' anti, nenu still CN clear cheyyalekapotunna 😬",1
"Bumrah interview lo Telugu lo cheppadu, nenu proud avnu — cultural representation brow",1
software jobs chaala undie Gachibowli lo young graduates ki,0
"hostel wifi password change avunu, warden ki request chesadu, 'study cheyyi' annadu — classic block",1
CN basics strong avvunuu antey advanced concepts easy avvunu,0
"engineering colleges chaalaa undi Telangana lo, competition kudaa chala",0
"movie lo villain challa smart undii, hero okaa scene lo defeat chesadhu — audience: wait what",1
"Nandini chepindhi exam postpone avvunu ani, relief avnu",0
"new startup LB Nagar lo start avunu, local lawyer opportunities create avnu",0
"new hospital Dilsukhnagar lo open avutundi next month, facilities chala undhi",0
"Warangal lo different areas undie, each area different culture undie",0
"nenu Blinkit lo payment chesdu bill ki, easy ga undy",0
crush cheppiindi 'we are just friends' ani — maths fail kanna painful avnu bru,1
"restaurant lo menu photos chaalaa undi, actual plate small avnu — food photography crimes bru",1
time management important skill undhi students ki anukunde,0
"new hospital Vizag lo open avutundi next month, facilities chala undy",0
"work life balance undi ani join chesaadu, 10 PM mail vasindi — balance means different things brow",1
"office lunch lo chicken curry undy, nenu Dunzo order chesanu — mess food bypass bru",1
"Sai Tej movie lo villain chaalaa try chesadu, hero ki okkaa scratch ledu — plot armour S tier finished bro",1
Nellore lo road expansion project start avunu this month,0
"Rana movie ticket 500 rs, popcorn 300 rs, hero entry scene — priceless, worth it",1
"new joiner vasadu, nenu senior ani feel avnu, nenu kuda confused undi — leading the lost brooo",1
"Sanjay DSA project last night chesadu, works on his laptop, laedu lab lo — classic",1
"rain avnu match cancel avvunu, DLS method vasindi — nobody understands DLS brooo",1
engineering drawing basics strong avnu antaa advanced concepts easy avunu,0
"valentine's day ki Sekhar alone undy, chapati order chesaadu — self love era",1
practical knowledge challaa important undoo theoretical kanna anukuntunna,0
"night mess lo tomato rice extra undie, Tarun 5 plates tinnadu — bulk season broh",1
"Pavan Amulya ki halwa treat ichadu, Amulya friend kooda vasindi, friend ki kuda treat ichadu — poverty begins",1
"nenu tamarind rice tinnanu, chaallu undy anukuntunna",0
"queue lo okaa hour stand chesanu, naa turn ki 'closed' board — universal suffering brooo",1
Naidu new Apache kinukkunnadu last month Mehdipatnam lo,0
"nenu today Madhapur ki tractor lo vellanu, chala time avunu",0
"night lo Pavan snore chesadhu, nenu headphones pettanu, battery laedu, suffering begin avnu",1
Mohan library lo linear algebra chadduvutunnadu evening daka,0
"movie lo hero oka song lo 5 countries lo dance chesdu, nenu okkka Hindupur bus stop daataledu",1
Sunil back bench lo undhi kani first bencher kanna better marks — back lo wifi strong undii kaadaa,1
"alarm 5 AM ki pettanu 'productive avutanu' ani, snooze chesanu 6 times — productivity achieved bru",1
"India World Cup win chesaadhu, nenu microprocessors fail avnu same day — mixed emotions broh",1
"online exam lo Chintu tab switch chesaadu, 'suspicious activity' alert vasindi — leduu bro just water taaganiki vellanu",1
"amma butter chicken chesaadu, nenu 'chaalaa undii' annanu — ledu, pure diplomacy broh",1
"nenu YouTube lo payment chesaadu bill ki, easy ga undy",0
"Mohan cooking first time chesaadhu, butter chicken chesanu, ammaa feedback: 'next time edu chesuku' — harsh review",1
government schemes chaalaa undii students ki Adoni lo,0
Lucky hostel lo TOC class attend chesdu morning lo,0
"internals lo Girish ki 9/30 vasthe 'grace marks' antadu, grace means 9 ye broo",1
"engineering colleges challa undy Telangana lo, competition kuda challaa",0
"nenu Padma tho economics group study chesaadhu, helpful avvunu",0
maths interesting subject undii naa opinion lo,0
"retrospective lo 'what went wrong' adugutunnaru, everything brooo — honest answer give ledoo",1
"Sai cheppadu project submit chesadu ani, good annanu",0
ML research field chaala active undie currently globally,0
"phone ledu chesanu '1 week', day 3 ki check chesanu — addiction certified bru",1
"Mani LinkedIn lo 'open to work' pettadu, recruiter ledhu, relatives vasindi — wrong platform response",1
"performance review lo self assessment rasanu, manager overwrite chesaadhu — useless exercise brooo",1
butter chicken chala healthy option undy daily diet lo,0
"naa lab ki Pleasure lo daily velthunna, time avnu chala",0
"naa computer lab ki metro lo daily velthunna, time avvunu challa",0
"Narasaraopet lo okaa seat dorikithe lucky ani anukunta, destination ki reach avvunu — always like this",1
"new hospital LB Nagar lo open avutundi next month, facilities chaalaa undie",0
"power cut avnu Madhapur lo, exam night lo — God timing perfect bru",1
"naa economics valla AI miss ayindhi, AI valla economics miss aayindi — perfect planning",1
"ammgaru cooking chesthu undie, nenu help cheyyadham try chesanu — 'nuvvuu poni chadduvuko' annadi yikes",1
communication skills important undie any politician ki,0
"Anantapur climate chala hot summers lo, monsoon better ga undii",0
"meeting schedule avnu, 'this could have been an email' — every time bro",1
"India match undii, English exam kuda undii, nenu match chesanu — priorities clear brooo",1
"night lo Kamal snore chesdu, nenu headphones pettanu, battery laedu, suffering begin avunuu",1
"Deepak LinkedIn lo 'open to work' pettadu, recruiter ledhu, relatives vasindi — wrong platform response",1
"naa birthday ki oka wish laedu, exam result ki challaa messages vasindi — wrong notifications bru",1
"nenu Netflix lo payment chesadu bill ki, easy ga undi",0
"naa wifi chala fast undhi — speed test lo matrame, actual lo ledhu bro",1
"engineering colleges challa undi Telangana lo, competition koodha chala",0
"naa phone battery chaalaa fast poothundi, relationships kanna faster haha",1
"morning biryani breakfast ki chesamu, amma chesadhu today",0
"Pappu cheppdu Narasaraopet ki vellaadani, nenu kudaa veltanu annanu",0
"night lo tamarind rice eat chesanu, morning ki ammaaa ki telusindi — digestive system traitor brow",1
"Kamal cheppadu today class undi ani, nenu attend chesanu",0
Venky gate lo economics class attend chesaadhu morning lo,0
"Virat Kohli interview lo Telugu lo chepdu, nenu proud avunu — cultural representation broh",1
"performance review lo self assessment rasanu, manager overwrite chesadu — useless exercise bro",1
"movie lo Naga Chaitanya tho fight scene, 50 mandi ni okkka hand tho — physics take a vacation brooo",1
"Ganesh Facebook lo 'checking in' everywhere pettadu, amma ki location track avnu — backfire broo",1
"morning sambar breakfast ki chesamu, amma chesadu today",0
"nenu Vani ki cheppanu class time change avnu ani, okay annadi",0
"nanaaa bike ki petrol ledoo, naaku pocket money ledhu, iddaru okkka team kadhaa",1
"attu order chesanu, delivery boy cheppadu '5 mins', 45 mins avvunu — elastic 5 mins brow",1
"nenu noodles try chesanu first time, okay ga undii",0
"nenu Rajesh tho compilers doubts discuss chesanu, clear avunu finally",0
time management important skill undhi students ki anukuntunna,0
"Adivi Sesh movie ticket 500 rs, popcorn 300 rs, hero entry scene — priceless, worth it",1
"Tirupati lo colleges chaalaa undoo, students everywhere undy anukuntunna",0
"India lose avunuu, everyone 'team selection problem' antaru — expert analysts everywhere",1
"government data scientist recruitment notification release avunu, applications start avunu",0
"Proddatur lo colleges chaallu undi, students everywhere undoo anukunta",0
"YouTube lo parotta order chesanu '30 mins' antee — 2 hours lo vasindi, cold ga undoo",1
government schemes chala undii students ki Vijayawada lo,0
exam lo Srinu pray chesadu 'God MCQ lo A avvani cheyyadham' — very specific prayer brow,1
Sai Proddatur lo relatives ni chusaadaniki chesdu weekend lo,0
Eluru lo new metro line start avutundi next year ani announce avvunuu,0
"rain avunuu match cancel avvunuu, DLS method vasindi — nobody understands DLS broo",1
government schemes chaala undhi students ki Bhimavaram lo,0
"Surya brow DSA exam ki prepare ledoo, result vasthe 'paper tough undii' ani blame chesadhu",1
"nenu Anu tho statistics group study chesdu, helpful avunu",0
Narasaraopet lo weather chaallu hot ga undie summers lo generally,0
"Anu chepindhi tomorrow test undi data mining lo ani, prepare avvunu",0
time management important skill undi students ki anukuntaa,0
"new startup Adoni lo start avnu, local MLA opportunities create avunu",0
"movie lo hero okkaa song lo 5 countries lo dance chesadu, nenu okaa Proddatur bus stop daataledu",1
"engineering colleges chaala undoo Telangana lo, competition kooda chaallu",0
Proddatur lo weather challaa hot ga undi summers lo generally,0
"Sharwanand movie lo villain challaa try chesaadhu, hero ki okaa scratch leduu — plot armour S tier",1
"nenu Abhi ki cheppanu today assignment undy ani, thanks annadu",0
"stadium ki ticket kattanu, match rain avunuu — Rs 2000 rain experience brow",1
"office coffee machine broken avunu, entire team productivity zero — dependency confirmed bru",1
mental health koodaa physical health la important undoo anukunde,0
"nanna WhatsApp lo 'good morning' message forward chesadhu, nenu reply ledu chesanu — generational gap",1
"room mate broh early rise chesadu, alarm 5 AM ki, nenu 5 AM ki sleeping — different schedules brooo",1
"Pappu deadline miss chesaadhu, 'estimation ga chesanu' annadu — estimation = guess confirmed broo",1
"Gayatri cheppindhi tomorrow test undhi AI lo ani, prepare avunuu",0
"Swiggy notification off chesanu, silent mode chesdu, still distracted avunuu — problem internal bru",1
"nenu Jyothi tho compilers group study chesdu, helpful avvunuu",0
"meme post chesanu, 0 likes, friend post chesanu same meme, viral avunuu — timing is everything broo",1
"ammgaru chepindhi 'doctor avutav' ani, naa marks chusaka 'compounder avunu kadaa' ani update chesadhu",1
"online class lo professor 'unmute avvandi' anti — 50 fans, 10 dogs, 5 ammaaa voices genius bro",1
"online lo Amulya profile photo chaalaa undie, real lo meet avvunu — filter technology peak level bru",1
"Jasmine cheppiindi exam postpone avnu ani, relief avnu",0
"nenu Zomato lo payment chesadhu bill ki, easy ga undoo",0
"Kamal assignment last minute chesaadu, font 16, margins wide, 3 pages done — engineering at its peak",1
"ammaaa hostel food check chesaadu, tiffin box tho vasindi — mom knows best broh",1
"morning garelu breakfast ki chesamu, ammgaru chesdu today",0
naa friend Nithiin dialogue morning ki evening daka repeat chesaadu — method acting ledu just annoying,1
"naa ML valla physics miss ayindhi, physics valla ML miss ayindhi — perfect planning",1
biryani preparation method different ga undii different regions lo,0
Suresh new auto kinukkunnadu last month Narasaraopet lo,0
"Ajay Jyothi ki 'hi' text chesadhu, 3 days tarvata reply vasindi — chaallu busy schedule undie bru",1
"hostel mess lo tamarind rice undii, canteen lo tamarind rice undhi, outside lo tamarind rice undi — tamarind rice universe bru",1
"diet chesadhu, results leduu, rasgulla eat chesadhu, results leduu — same outcome different happiness",1
communication skills important undie any teacher ki,0
"Chitti cheppaadu project submit chesadhu ani, good annanu",0
mental health koodaa physical health la important undie anukuntaa,0
"commentary lo 'magnificent shot' antaa, camera replay chesaadu, edge undie — commentary lying bru",1
Ramu Gachibowli lo bank manager ga work chestunnadu currently,0
"new flyover Tenali lo ready avvunuu next month, traffic ease avvunu anukuntaa",0
"nenu Anna tho microprocessors doubts discuss chesanu, clear avvunuu finally",0
"Tadipatri lo new IT park build avutundi, jobs increase avvunu anukuntaa",0
biryani challa healthy option undi daily diet lo,0
"traffic lo Kurnool lo okkka hour stuck, GPS '2 mins away' antu undie — GPS lying bru",1
"Shubman Gill interview lo Telugu lo chepadu, nenu proud avvunuu — cultural representation brooo",1
"online meeting lo nenu mute avunuu matladanu 5 mins — everyone heard, no one told brooo",1
"meme post chesanu, 0 likes, friend post chesanu same meme, viral avnu — timing is everything brooo",1
"Telugu cinema industry challa big undii, annual revenue challa undoo",0
"meeting lo yawn chesanu, boss chusadu — yawn explain cheyyadam hardest thing brooo",1
"hostel cricket lo Deepak out avunuu, 'no ball' ani argue chesadhu — classic denial",1
"midnight hunger avvunuu, PhonePe open chesanu, Kurnool delivery leduu — location punishment bru",1
"ShareChat order cancel ayindi, money 7 days lo refund avunu ani cheppindi — 7 days lo naa hunger wait edu",1
"group project lo Gopi okaa slide chesadu, presentation day lo nenu explain chesanu — Gopi ekkada undoo",1
"traffic lo Machilipatnam lo oka hour stuck, GPS '2 mins away' antu undoo — GPS lying broh",1
"nenu Rajesh ki cheppanu today assignment undy ani, thanks annadu",0
"Zepto order cancel ayindhi, money 7 days lo refund avnu ani cheppindi — 7 days lo naa hunger wait edu",1
"mail ki 'as per my last mail' chesadu, war started avunuu — corporate battlefield bru",1
"pappu order chesanu, delivery boy cheppdu '5 mins', 45 mins avvunu — elastic 5 mins bru",1
Abhi LB Nagar lo accountant ga work chestunnadu currently,0
"new startup Madhapur lo start avunu, local designer opportunities create avunuu",0
"nenu Gayatri tho OS group study chesdu, helpful avvunu",0
group study sometimes helpful avvunu anukunta complex subjects ki,0
"today DBMS lab session undie, experiment complete chesadu",0
"Pavan records room lo attendance laedu broo, but ammaa tho 'daily velthunna' antadu — technically leduu kadha",1
communication clearly cheyyadham professional CA ki essential skill undoo,0
auto wala 'meter ledhu' antee 3x rate adugadu — Kurnool special experience,1
exam lo Naveen pray chesadu 'God MCQ lo A avvani cheyyatam' — very specific prayer bru,1
"summer lo Guntur lo power cut — fan edu, AC leduu, life ledoo broh",1
"India last over lo 20 kavali, Harish prayer start chesaadhu — sudden devotion broo",1
"online exam lo Harish tab switch chesadhu, 'suspicious activity' alert vasindi — ledoo bro just water taaganiki vellanu",1
Tadipatri lo IT sector chaalaa grow avutundi past decade lo,0
Nitesh campus lo ML class attend chesdu morning lo,0
"Telugu language challaa old language undhi, rich literature undoo",0
"crush 'good morning' text pampindi — nenu software engineering exam forget chesadhu, failed — worth it brow xd",1
Srinu back bench lo undoo kani first bencher kanna better marks — back lo wifi strong undy kadhaa,1
"Tarun viva lo professor adugadu 'explain ML', Tarun cheppadu 'sir nenu DSA chesanu' — wrong subject attended",1
"'gym join chestanu' ani January 1 ki fee kattanu, January 5 ki forget avnu — annual tradition",1
"nenu Lucky ki cheppanu today assignment undy ani, thanks annadu",0
mental health koodaa physical health la important undy anukuntaa,0
"nanna WhatsApp lo 'good morning' message forward chesaadu, nenu reply leduu chesanu — generational gap",1
OS concepts chaala important undie software engineering ki,0
amma: nuvuu ekkadoo unnav? nenu: library lo. amma: mee college lo library ekado undhi roo? 😬,1
relationship status: CN tho — at least it needs me broo,1
"theater lo Pawan Kalyan entry scene ki claps, interval ki claps, climax ki claps — nenu snacks ki claps gone case",1
"state lo rainfall challaa undie this monsoon season, reservoirs full avunuu",0
"meeting lo yawn chesanu, boss chusadu — yawn explain cheyyatam hardest thing brooo",1
"today CN lab session undii, experiment complete chesaadhu",0
physics interesting subject undi naa opinion lo,0
healthy ga undadam ki punugulu tho balanced diet maintain avnu,0
"nenu Mohan ki cheppanu today assignment undy ani, thanks annadu",0
"Babai Indu ki good morning text chesadu daily, read avnu reply laedu — read receipts cruelty",1
mental health kooda physical health la important undhi anukuntunna,0
"India batting collapse avvunu, nenu OS notes rasanu — parallel disasters brow",1
"Naga dp change chesaadhu, Gopi first like chesaadhu — notification ON obviously",1
"Venky adugadu ekkada undie nuvvu ani, Vizag lo undy cheppanu",0
"Mahesh cheppaadu project submit chesaadhu ani, good annanu",0
"Vizag lo colleges chaallu undhi, students everywhere undy anukunta",0
"Telugu cinema industry challa big undoo, annual revenue chaalaa undie",0
"Raju adugadu ekkada undi nuvvu ani, Gachibowli lo undhi cheppanu",0
"ex vasindi message 'how are you' ani, nenu DSA fail avutunna — great timing broh",1
family function lo uncle adugadu 'marks entha' ani — nanna topic change chesadu immediately,1
"Lucky cheppadu tomorrow Kadapa lo program undii ani, attend chestava adugadu",0
"ammaaa 'oka nurse ni chadi set avutav' antee, nenu still microprocessors clear cheyyalekapotunna bruh",1
"Harish LinkedIn lo 'open to work' pettadu, recruiter edu, relatives vasindi — wrong platform response",1
politician avvadam challa kaashtam kani worth it undie anukunde,0
"amma dosa chesdu, nenu 'chala undhi' annanu — leduu, pure diplomacy bro",1
Bhaskar today environmental science assignment submit chesaadu on time,0
"UPS undii ante power cut ledu kani, UPS battery leduu — backup of backup ledu broo",1
"new startup LB Nagar lo start avunuu, local lawyer opportunities create avunu",0
"mess food chaalaa bad undoo, complain chesamu, next day kooda same — feedback loop laedu",1
"Prasad Bindu tho first date ki Hyderabad lo rasgulla tinnaru, bill split chesadhu — modern love",1
Munna library lo microprocessors chadduvutunnadu evening daka,0
"Amazon Prime lo dal rice order chesanu '30 mins' ante — 2 hours lo vasindi, cold ga undii",1
"Anantapur lo colleges chaallu undii, students everywhere undie anukuntaa",0
"hero bike stunt chesaadu, Bhaskar try chesdu — bike undy, Bhaskar hospital lo undoo",1
"cousin vasadu, naa room occupy chesaadu, nenu hall lo — guest rights > family rights broo",1
"power cut avvunu Nellore lo, exam night lo — God timing perfect bro",1
"Lavanya adugundi canteen ekado undy ani, direction cheppanu",0
"new joiner vasadu, nenu senior ani feel avunu, nenu kuda confused undhi — leading the lost brow",1
"new hospital Tadipatri lo open avutundi next month, facilities chaala undhi",0
AI basics strong avunu ante advanced concepts easy avvunu,0
CN prepare avvadam ki daily consistent practice important undhi,0
"ammaaa 'oka youtuber ni chadi set avutav' anti, nenu still TOC clear cheyyalekapotunna",1
"today discrete maths lab session undy, experiment complete chesaadhu",0
"Gopi cheppadu today class undii ani, nenu attend chesanu",0
communication clearly cheyydam professional pilot ki essential skill undii,0
"night mess lo halwa extra undii, Teja 5 plates tinnadu — bulk season broh",1
"last ball lo 6 kavali, Bhaskar TV off chesaadhu — cannot witness the end brow",1
"ammaa chepindhi 'doctor avutav' ani, naa marks chusaka 'compounder avvunuu kaadaa' ani update chesadu",1
engineering chala popular course undi Andhra Pradesh lo,0
"warden room check chesadu, Rajesh room clean chesadhu first time — inspection effect brooo",1
poori chaallu healthy option undoo daily diet lo,0
"nanna bike ki petrol leduu, naaku pocket money ledhu, iddaru okaa team kaadaa",1
"nenu Tejaswi ki wish chesanu exam ki, all the best annadi",0
Eluru lo water supply schedule change avvunu maintenance ki,0
"Balayya movie review: 'logic laedu' — fans: 'logic antee em bro, emotion chuso'",1
"okka bite gulab jamun tinnanu, finish avvunu entire plate — portion control failed bru",1
OOPS okkka important branch undii computer science lo,0
communication skills important undy any content creator ki,0
"India last over lo 20 kavali, Mohan prayer start chesadhu — sudden devotion broo",1
Vizag chaala develop avutundi last few years lo,0
"naa OS valla networks miss ayindii, networks valla OS miss aayindi — perfect planning",1
Proddatur lo oka new Amazon Prime office open avvunuu this month,0
"WFH undii, camera off meeting, pajama lo undie — professional from waist up broo",1
"WhatsApp order cancel aayindi, money 7 days lo refund avunuu ani cheppindi — 7 days lo naa hunger wait ledhu",1
today midnight lo Sanjay Madhapur ki Pulsar lo vellaadu,0
"nenu Girish tho ML doubts discuss chesanu, clear avunuu finally",0
resume lo relevant TOC skills clearly mention cheyyadam important,0
"phone leduu chesanu '1 week', day 3 ki check chesanu — addiction certified bro",1
"nenu idli tho dinner chesamu family tho, chaala undii",0
"state lo rainfall chaala undhi this monsoon season, reservoirs full avvunuu",0
"idli order chesanu, delivery boy chepdu '5 mins', 45 mins avvunu — elastic 5 mins brooo",1
"India World Cup win chesaadhu, nenu engineering drawing fail avvunu same day — mixed emotions brooo",1
"Deepak Padma ki 'hi' text chesadu, 3 days tarvata reply vasindi — chala busy schedule undy bru",1
"engineering colleges chaallu undii Telangana lo, competition koodha challaa",0
Hindupur lo okaa new Amazon office open avunuu this month,0
"nenu parotta tho dinner chesamu family tho, chaala undii",0
"placement cell lo HR adugadu 'where do you see yourself in 5 years', Mohan 'sleeping' annadu — honest answer seriously",1
Srinu new Pleasure kinukkunnadu last month Narasaraopet lo,0
"GPay lo punugulu order chesanu '30 mins' ante — 2 hours lo vasindi, cold ga undi",1
"nenu Ravi ki DSA concept explain chesanu, understood annadu",0
"movie lo Adivi Sesh tho fight scene, 50 mandi ni okka hand tho — physics take a vacation bru",1
"Suresh cheppdu project submit chesadu ani, good annanu",0
chelli adugutundi 'nuwu ekkadaa vellav?' nenu: exam. chelli: pass avutava? — motivating broo,1
"warden room check chesdu, Naveen room clean chesdu first time — inspection effect brow",1
"today microprocessors lab session undie, experiment complete chesdu",0
"nenu Priya ki cheppanu class time change avvunu ani, okay annadi",0
"Telugu cinema industry challa big undii, annual revenue challa undy",0
"night mess lo idli extra undi, Kiran 5 plates tinnadu — bulk season broh",1
"Gayatri dp change chesadu, Kiran first like chesdu — notification ON obviously gg",1
"state lo rainfall chaala undy this monsoon season, reservoirs full avvunuu",0
"3 months crush chesanu, Tejaswi cheppindi 'I have a boyfriend' ani day 1 lo edu — time waste certified bro what",1
"Tirupati lo different areas undhi, each area different culture undy",0
professor 'open book exam' anti Pavan library motham bag lo pettukochadu W move,1
Harish back bench lo undie kani first bencher kanna better marks — back lo wifi strong undii kada,1
practical knowledge challaa important undi theoretical kanna anukunta,0
"Tadipatri lo new IT park build avutundi, jobs increase avunuu anukuntaa",0
communication skills important undie any professor ki,0
"India match undhi, economics exam kudaa undii, nenu match chesanu — priorities clear broo",1
"nenu Priya ki wish chesanu exam ki, all the best annadi",0
"Padma dp change chesaadhu, Girish first like chesaadhu — notification ON obviously yikes",1
"online meeting lo nenu mute avvunuu matladanu 5 mins — everyone heard, no one told brooo",1
software jobs chaallu undie Rajahmundry lo young graduates ki,0
Chirala lo weather chaala hot ga undie summers lo generally,0
"online lo Tejaswi profile photo chaallu undy, real lo meet avvunuu — filter technology peak level bru",1
Lokesh new metro kinukkunnadu last month Tenali lo,0
"summer lo Machilipatnam lo power cut — fan laedu, AC edu, life ledhu bru",1
"internals lo Nani ki 9/30 vasthe 'grace marks' antadu, grace means 9 ye broh",1
AI nerchukovadam career ki important undoo anukunde,0
OOPS interesting subject undy naa opinion lo,0
nenu Naidu tho Narasaraopet meet avunu ani plan chesdu,0
"nenu Rohit tho CN doubts discuss chesanu, clear avvunu finally",0
Adoni lo infrastructure improve avnu last few years lo slowly,0
"room mate brow early rise chesdu, alarm 5 AM ki, nenu 5 AM ki sleeping — different schedules brow",1
"hostel mess lo dosa undie, canteen lo dosa undii, outside lo dosa undi — dosa universe brow",1
Venu library lo data mining chadduvutunnadu evening daka,0
match tension lo curd rice ledu tinnanu — superstition eating bru,1
"Dharani chepindhi notes share cheyyi ani, share chesanu",0
"nenu today Chirala ki Pleasure lo vellanu, chaallu time avnu",0
"Babu Yamini tho first date ki Tirupati lo pongal tinnaru, bill split chesaadu — modern love",1
ML okkaa important branch undie computer science lo,0
"nenu Charan ki cheppanu today assignment undhi ani, thanks annadu",0
resume lo relevant environmental science skills clearly mention cheyyadam important,0
"night lo Pavan snore chesadhu, nenu headphones pettanu, battery leduu, suffering begin avunu",1
"Rohit Vani ki gifts icchaadu, Vani cheppiindi 'you are like my brother' — return policy ledu broo",1
"Amulya chepindhi exam postpone avvunu ani, relief avvunuu",0
Sirisha adugindi 'emaina special undyva nalo?' — nenu networks notes rasaanu simultaneously,1
"cricket prediction chesanu, wrong avnu, always — analyst career edu broo",1
"new hospital Mehdipatnam lo open avutundi next month, facilities chaallu undie",0
reading habit chala useful undii long term lo anukuntaa,0
"stadium ki ticket kattanu, match rain avunuu — Rs 2000 rain experience bru",1
"night lo paneer eat chesanu, morning ki amma ki telusindi — digestive system traitor broo",1
reading habit challa useful undoo long term lo anukuntaa,0
"generator sound undii, power back avnu ani excited avnu, neighbour generator avnu — false hope brow",1
"bag pack chesanu trip ki, okaa thing forget chesaadu, charger — always the charger",1
"amma phone lo data ledhu, naa phone lo data ledoo, iddaru fight chesamu — poverty bonding",1
"bus timings change avunu Nellore lo recently, new schedule vasindi",0
"India win avvunuu, Raju bike lo celebrate chesadu — okkka run ki overreact avnu brooo",1
"naa linear algebra paper lo okkka question kaduu telivindi, kani confident ga avnu rasa — confidence broo not knowledge",1
"mail ki 'as per my last mail' chesadu, war started avvunuu — corporate battlefield brooo",1
"Ishani cheppiindi exam postpone avnu ani, relief avunuu",0
"Sekhar adugadu ekkada undhi nuvvu ani, Ongole lo undhi cheppanu",0
"Rohit Bhavana kosam English study chesadu, Bhavana different section lo undoo — wasted effort finished bro",1
"stadium ki ticket kattanu, match rain avvunuu — Rs 2000 rain experience broh",1
"nenu Surya tho discrete maths doubts discuss chesanu, clear avunu finally",0
"nenu Harish tho physics doubts discuss chesanu, clear avunu finally",0
Anantapur lo weather chaalaa hot ga undi summers lo generally,0
"mess rasgulla bad undy, outside rasgulla expensive undy, amma rasgulla perfect undy — home truth",1
Mohan Hindupur lo bank manager ga work chestunnadu currently,0
movie lo hero love failure tarvata okkka song lo recover avvunu — real life lo years kudaa ledu 😭😭,1
"new flyover Machilipatnam lo ready avnu next month, traffic ease avvunuu anukuntaa",0
Surya library lo discrete maths chadduvutunnadu evening daka,0
"hostel cricket lo Tarun out avunu, 'no ball' ani argue chesaadu — classic denial",1
"naa digital circuits record okkaa page kooda rayaledu, submission day lo Suresh xerox shop lo undie",1
"nenu Jyothi ki wish chesanu exam ki, all the best annadi",0
"Balayya movie trailer chaalaa undie ani 4 tickets kattanu, movie logic edu — trailer cheated bru",1
"naa physics class weekend lo undi, attend chesanu",0
"stadium ki ticket kattanu, match rain avnu — Rs 2000 rain experience bro",1
"bus timings change avunu Madhapur lo recently, new schedule vasindi",0
Surya Chirala lo content creator ga work chestunnadu currently,0
"naa life oka hero laa start avvunuu — but interval ledoo, climax leduu, budget edu genius bro",1
"Chiranjeevi movie trailer chaalaa undy ani 4 tickets kattanu, movie logic ledu — trailer cheated bru",1
"placement cell lo HR adugadu 'where do you see yourself in 5 years', Ajay 'sleeping' annadu — honest answer",1
"naa computer lab ki Apache lo daily velthunna, time avunu chala",0
"ammaa cooking chesthu undie, nenu help cheyyadam try chesanu — 'nuvvuu poni chadduvuko' annadi",1
"nenu Indu ki cheppanu class time change avnu ani, okay annadi",0
"naaku egg rice challa ishtam, amma chesadu, vere egg rice chesadu — betrayal",1
"bug report vasindi, nenu 'not able to reproduce' chesadhu — classic response brow",1
"new hospital Mehdipatnam lo open avutundi next month, facilities challaa undi",0
"bag pack chesanu trip ki, oka thing forget chesdu, charger — always the charger",1
"rain start avvunuu — naa umbrella room lo undhi, nenu Mehdipatnam middle lo undhi",1
poori health benefits chaallu undoo nutritional value tho,0
"Dilsukhnagar lo new IT park build avutundi, jobs increase avvunu anukuntaa",0
"Gachibowli lo different areas undi, each area different culture undii",0
"Eluru lo colleges chala undhi, students everywhere undy anukuntaa",0
Mani Machilipatnam lo relatives ni chusaadaniki chesdu weekend lo,0
"naa DSA professor chaalaa fast bru, notes ledhu, brain laedu, future ledu 😬",1
"naa library lo chemistry class cancel aayindi, but attendance portal lo present show avunuu — glitch in the matrix",1
"Anil brow chemistry exam ki prepare edu, result vasthe 'paper tough undii' ani blame chesdu",1
Bhaskar library lo English chadduvutunnadu evening daka,0
Ajay new cycle kinukkunnadu last month Adoni lo,0
internships chaallu important undi final year students ki,0
"amma fried rice chesadu, nenu 'challa undie' annanu — ledoo, pure diplomacy brooo",1
state lo new industrial area develop avunu employment ki,0
Hindupur lo okaa new Zomato office open avvunu this month,0
government schemes chala undii students ki Chirala lo,0
software jobs chaala undhi Tirupati lo young graduates ki,0
data mining oka important branch undoo computer science lo,0
fried rice health benefits chaallu undoo nutritional value tho,0
"meeting schedule avvunu, 'this could have been an email' — every time bru",1
Warangal lo new college open avutundi engineering courses tho,0
government new scholarship scheme announce chesaadu engineering students ki,0
"code review lo Ramu cheppadu 'this can be optimized' — nenu rasanu, nenu embarrassed avvunu",1
"nenu linear algebra notes prepare chesanu exam ki, chaala undy material",0
"India last over lo 20 kavali, Venky prayer start chesdu — sudden devotion broo",1
Guntur challa develop avutundi last few years lo,0
roti health benefits challaa undi nutritional value tho,0
"nenu pesarattu try chesanu first time, okay ga undie",0
"Varun cheppadu results night lo vasthay ani, wait chesamu",0
Venu Anantapur lo pilot ga work chestunnadu currently,0
"power cut avvunu Tadipatri lo, exam night lo — God timing perfect broo",1
"nenu Chitti ki TOC concept explain chesanu, understood annadu",0
"naa digital circuits notes chaala neat ga undii, exam ki neney chadduvukoledu — aesthetic > knowledge",1
"hostel lo electricity bill split chesamu, AC room ki kooda split avunu — fair ledhu brooo",1
"warden room check chesadhu, Prasad room clean chesdu first time — inspection effect brow",1
Venky chepadu new Flipkart download chesanu try cheyyi ani,0
"alarm 5 AM ki pettanu 'productive avutanu' ani, snooze chesanu 6 times — productivity achieved bro",1
"India win avunu, Pappu bike lo celebrate chesadu — okaa run ki overreact avvunu bro",1
"nanna cheppadu 'trader avvali' ani, nenu cheppanu 'try chestunna' ani — 4 years same conversation bru",1
"team outing undoo, Arjun leave chesadu — anti-social professional broh",1
"night lo pulihora eat chesanu, morning ki ammaa ki telusindi — digestive system traitor broh",1
"generator sound undii, power back avvunuu ani excited avvunuu, neighbour generator avunuu — false hope brow",1
"Telugu language challa old language undi, rich literature undii",0
"stadium ki ticket kattanu, match rain avnu — Rs 2000 rain experience broh",1
"hero bike stunt chesadhu, Lucky try chesdu — bike undie, Lucky hospital lo undoo",1
Nellore lo road expansion project start avunuu this month,0
"ammgaru hostel food check chesaadhu, tiffin box tho vasindi — mom knows best broo",1
"Adoni chaala big city undi, population chaallu undhi currently",0
"phone edu chesanu '1 week', day 3 ki check chesanu — addiction certified broo",1
"diet chesaadhu, results ledu, sambar eat chesaadhu, results ledhu — same outcome different happiness",1
OS basics strong avnu antey advanced concepts easy avnu,0
"Pavan LinkedIn lo 'open to work' pettadu, recruiter laedu, relatives vasindi — wrong platform response",1
"Rakesh cheppadu results evening lo vasthay ani, wait chesamu",0
"online class lo professor 'unmute avvandi' ante — 50 fans, 10 dogs, 5 ammaaa voices",1
"Suresh cooking first time chesadu, poori chesanu, ammaaa feedback: 'next time leduu chesuku' — harsh review",1
"India World Cup win chesadhu, nenu compilers fail avvunuu same day — mixed emotions bro",1
auto wala 'meter ledu' antee 3x rate adugadu — Proddatur special experience,1
"today maths lab session undie, experiment complete chesaadu",0
"India batting collapse avunu, nenu compilers notes rasanu — parallel disasters brow",1
"attha illu vacchindi, ammaaa cleaning started 6 AM — natural disaster alert legend",1
software jobs chaala undhi Vijayawada lo young graduates ki,0
Secunderabad lo water supply schedule change avvunu maintenance ki,0
"nenu Mohan ki cheppanu today assignment undoo ani, thanks annadu",0
"restaurant bill chala undhi, split chesamu, nenu extra chesanu — mathematics of friendship bru",1
time management important skill undoo students ki anukuntunna,0
professor 'open book exam' antee Suresh library motham bag lo pettukochadu wait what,1
exam lo Chitti pray chesadhu 'God MCQ lo A avvani cheyyadam' — very specific prayer broh,1
Ramu today digital circuits assignment submit chesadhu on time,0
"night mess lo roti extra undii, Pappu 5 plates tinnadu — bulk season bro",1
"last ball lo 6 kavali, Ravi TV off chesadhu — cannot witness the end bro",1
communication skills important undii any data scientist ki,0
naa discrete maths marks chusaka okkaa nimisham silent ga undii — grief kaadu pure shock brooo,1
software jobs challa undie Chirala lo young graduates ki,0
"Machilipatnam climate chala hot summers lo, monsoon better ga undi",0
"Ramesh bru environmental science exam ki prepare leduu, result vasthe 'paper tough undy' ani blame chesadu",1
Pappu chepadu new Spotify download chesanu try cheyyi ani,0
communication clearly cheyydam professional collector ki essential skill undhi,0
"cousin vasadu, naa room occupy chesdu, nenu hall lo — guest rights > family rights bru",1
"night lo pulihora crave avnu, WhatsApp open chesanu, delivery ledoo hostel ki — hunger unsatisfied brooo",1
"Proddatur lo okaa seat dorikithe lucky ani anukunde, destination ki reach avunuu — always like this",1
"Santosh cheppadu today class undhi ani, nenu attend chesanu",0
Chirala lo real estate prices increase avvunu last year lo,0
communication clearly cheyyatam professional doctor ki essential skill undi,0
"Deepak deadline miss chesaadu, 'estimation ga chesanu' annadu — estimation = guess confirmed bro",1
"nenu Babai ki statistics concept explain chesanu, understood annadu",0
"Lucky adugadu ekkada undhi nuvvu ani, Narasaraopet lo undi cheppanu",0
Andhra Pradesh lo agriculture important sector undi economy ki,0
data scientist ki necessary certifications obtain cheyyadam career growth ki helpful,0
"Sai Usha ki gifts icchaadu, Usha cheppiindi 'you are like my brother' — return policy edu broh",1
Prabhas interview lo 'fans my strength' annadu — fans hearing this: power up avunu,1
amma: nuwu ekada unnav? nenu: library lo. amma: mee college lo library ekkado undoo ra?,1
today afternoon lo Mani Dilsukhnagar ki bike lo vellaadu,0
Ganesh today algorithms assignment submit chesadhu on time,0
pulihora challaa healthy option undhi daily diet lo,0
statistics interesting subject undii naa opinion lo,0
"standup lo 'yesterday same, today same' annanu — honest answer brooo, fired avutana anukunde",1
group study sometimes helpful avunuu anukuntaa complex subjects ki,0
"nenu CRED lo payment chesadhu bill ki, easy ga undii",0
"last ball lo 6 kavali, Anna TV off chesdu — cannot witness the end brow",1
mental health kooda physical health la important undie anukuntunna,0
communication skills important undii any nurse ki,0
"room mate broh light 2 AM daka chestunnadu, exam ledhu, YouTube undi — dedication wrong place",1
"night mess lo pappu extra undii, Munna 5 plates tinnadu — bulk season brooo",1
"Rana new movie announce ayindi, fans excited avunuu, nenu DSA exam tension lo undhi — different worlds",1
"broh cheppadu 'battery saver mode lo undhi' — nenu text chesanu, 3 hours tarvata reply vasindi",1
crush cheppindi 'we are just friends' ani — data mining fail kanna painful avunuu brow,1
"Kukatpally lo different areas undhi, each area different culture undoo",0
digital circuits concepts challa important undii software engineering ki,0
"ammgaru phone lo data ledu, naa phone lo data ledu, iddaru fight chesamu — poverty bonding yikes",1
Karimnagar lo road expansion project start avvunu this month,0
"hostel curfew 10 PM, Arjun 10:01 ki vasadu — warden face priceless bru",1
"naa phone battery chaala fast poothundi, relationships kanna faster",1
"new restaurant undhi, expensive menu chusaka water only order chesanu — budget dining broo",1
"Sunil cheppadu today class undy ani, nenu attend chesanu",0
"brooo cheppadu 'battery saver mode lo undie' — nenu text chesanu, 3 hours tarvata reply vasindi",1
"Sekhar viva lo professor adugadu 'explain AI', Sekhar cheppadu 'sir nenu linear algebra chesanu' — wrong subject attended xd",1
internships chaalaa important undhi final year students ki,0
"Narasaraopet chaalaa big city undy, population chaallu undii currently",0
"nenu today Ongole ki Dio lo vellanu, chala time avnu",0
"naa post lo 100 likes vasindi, Anil cheppdu 'paid promotion avnu' ani — jealousy speaks brooo",1
"engineering colleges chaallu undhi Telangana lo, competition kooda chala",0
"WFH undoo, camera off meeting, pajama lo undii — professional from waist up brow",1
"Babu cheppadu tomorrow LB Nagar lo program undie ani, attend chestava adugadu",0
"Telugu cinema industry chaalaa big undoo, annual revenue chala undie",0
"Jyothi cheppindi library books return date vasindi ani, return chesanu",0
"retrospective lo 'what went wrong' adugutunnaru, everything bru — honest answer give leduu",1
"Sirisha adugundi canteen ekkada undii ani, direction cheppanu",0
"LB Nagar lo colleges chaalaa undi, students everywhere undi anukunta",0
"nenu today Secunderabad ki Splendor lo vellanu, chaalaa time avvunuu",0
"Babu deadline miss chesdu, 'estimation ga chesanu' annadu — estimation = guess confirmed broh",1
"promotion vasindi — title change avunu, work increase avunuu, salary same — congrats broo",1
"engineering colleges chala undie Telangana lo, competition kudaa challa",0
"Sekhar cheppadu results afternoon lo vasthay ani, wait chesamu",0
"Arjun physics project last night chesadu, works on his laptop, ledoo lab lo — classic",1
internet speed improve avvunu rural areas lo new towers tho,0
bike maintain cheyyadaniki regular service okkka month ki okkka sari chesukovalani,0
"Hyderabad chaallu big city undy, population chaala undhi currently",0
"internals lo Vikram ki 9/30 vasthe 'grace marks' antadu, grace means 9 ye brow",1
"meme post chesanu, 0 likes, friend post chesanu same meme, viral avnu — timing is everything brow",1
"ex vasindi message 'how are you' ani, nenu digital circuits fail avutunna — great timing broo",1
Guntur lo road expansion project start avunu this month,0
"group project lo Teja okaa slide chesadu, presentation day lo nenu explain chesanu — Teja ekkada undi",1
"performance review lo self assessment rasanu, manager overwrite chesadu — useless exercise brow",1
"nenu Arun ki CN concept explain chesanu, understood annadu",0
"ex vasindi message 'how are you' ani, nenu OOPS fail avutunna — great timing broo",1
"Hotstar lo idli order chesanu '30 mins' anti — 2 hours lo vasindi, cold ga undii",1
"Tenali lo different areas undoo, each area different culture undi",0
practical knowledge chala important undie theoretical kanna anukunde,0
"placement cell lo HR adugadu 'where do you see yourself in 5 years', Vijay 'sleeping' annadu — honest answer no way",1
"Kavya chepindi tomorrow test undoo DSA lo ani, prepare avunuu",0
"crush same AI class lo undoo, nenu rojuu attend chesanu — subject edu bro attendance reason different",1
mirchi bajji preparation method different ga undi different regions lo,0
"hostel curfew 10 PM, Prasad 10:01 ki vasadu — warden face priceless brooo",1
Sunday night 11 PM ki Monday prepare avvadam start chesanu — classic procrastination broh,1
"Madhavi cheppindi 'just be yourself' ani, nenu myself avvunu undi, works ledhu bru — bad advice",1
"restaurant bill challaa undi, split chesamu, nenu extra chesanu — mathematics of friendship brooo",1
naa friend Pawan Kalyan dialogue morning ki evening daka repeat chesadhu — method acting leduu just annoying,1
"ammaaa vada chesaadhu, nenu 'chaallu undhi' annanu — leduu, pure diplomacy bru",1
"rain start avnu — naa umbrella room lo undi, nenu Vizag middle lo undoo",1
vegetables fruits daily diet lo include cheyyadam immunity ki important,0
pharmacist avvadam chaallu kaashtam kani worth it undii anukunta,0
Nellore lo real estate prices increase avunuu last year lo,0
"phone lo 1% battery, charger room lo, nenu hall lo — impossible distance brooo",1
"commentary lo 'magnificent shot' anti, camera replay chesdu, edge undie — commentary lying bru",1
"nenu today Vizag ki Apache lo vellanu, chala time avunuu",0
"naa economics valla OOPS miss ayindhi, OOPS valla economics miss ayindy — perfect planning",1
"Santosh Facebook lo 'checking in' everywhere pettadu, ammaaa ki location track avvunu — backfire broo",1
"night mess lo dosa extra undoo, Prasad 5 plates tinnadu — bulk season broo",1
Rajesh library lo microprocessors chadduvutunnadu evening daka,0
communication skills important undhi any MLA ki,0
"Girish cheppadu tomorrow Chirala lo program undii ani, attend chestava adugadu",0
"Virat Kohli interview lo Telugu lo cheppadu, nenu proud avvunu — cultural representation brow",1
"Instagram lo life challa undi, real lo meet avunuu — filter world different bru",1
compilers okaa important branch undhi computer science lo,0
"night lo Pappu snore chesaadu, nenu headphones pettanu, battery ledhu, suffering begin avvunu",1
"nenu Lavanya tho TOC group study chesaadu, helpful avvunu",0
"reel lo easy recipe chesanu, nenu try chesanu, disaster avvunuu — videos lie brooo",1
"engineering colleges chaallu undii Telangana lo, competition koodaa chaalaa",0
"garelu healthy ani chaddivanu, oil lo fry chesanu — healthy intent unhealthy execution broo",1
Tadipatri lo weather chaallu hot ga undoo summers lo generally,0
"Rohit chepdu Vijayawada ki vellaadani, nenu koodaa veltanu annanu",0
Madhapur lo real estate prices increase avunuu last year lo,0
regular exercise challa important undie long term health ki,0
"Haritha cheppiindi exam postpone avunu ani, relief avvunu",0
Chirala lo transport options improve avnu metro tho,0
tomato rice chaalaa healthy option undoo daily diet lo,0
"restaurant bill chaallu undi, split chesamu, nenu extra chesanu — mathematics of friendship brow",1
"bus timings change avvunuu Madhapur lo recently, new schedule vasindi",0
garelu chaallu healthy option undhi daily diet lo,0
"Mehdipatnam challaa big city undoo, population chaalaa undi currently",0
nannaa smartphone istE WhatsApp lo naa result forward chesadu relatives ki — appreciated ledhu broo,1
"Sanjay selfie 50 teesadu, okka post chesdu, 2 likes vasindi — effort vs result gap brow",1
"nenu pappu try chesanu first time, okay ga undi",0
"nenu data mining notes prepare chesanu exam ki, chaalaa undie material",0
"Nandini cheppindhi library books return date vasindi ani, return chesanu",0
Manoj new train kinukkunnadu last month Kadapa lo,0
"summer lo Hindupur lo power cut — fan ledhu, AC ledu, life ledhu broh",1
"Varun assignment last minute chesadhu, font 16, margins wide, 3 pages done — engineering at its peak",1
"hostel ki ammaaa vasindi, mess food chusaka tears vasindi — maternal emotion broo",1
"babai cheppadu 'Sunil ni chuso chala undie' — Sunil fail avunuu bru, different level inspiration",1
movie lo hero love failure tarvata oka song lo recover avnu — real life lo years kudaa laedu bruh,1
"new startup Anantapur lo start avnu, local IAS officer opportunities create avvunu",0
"power cut avunuu, phone charge ledu, powerbank ledoo — darkness in every way bru",1
"mess food chala bad undhi, complain chesamu, next day kuda same — feedback loop edu",1
"traffic lo Vijayawada lo oka hour stuck, GPS '2 mins away' antu undie — GPS lying bru",1
"Nandini cheppindi tomorrow test undy economics lo ani, prepare avunu",0
"night lo Venky snore chesadhu, nenu headphones pettanu, battery ledu, suffering begin avvunu",1
"naa mess lo maths class cancel ayindhi, but attendance portal lo present show avnu — glitch in the matrix",1
"diet start chesanu — dosa chusaka cancel avunu, health is wealth but food is life broo",1
"work life balance undy ani join chesadu, 10 PM mail vasindi — balance means different things brow",1
maths prepare avvadam ki daily consistent practice important undi,0
"morning butter chicken breakfast ki chesamu, ammaa chesaadhu today",0
"office coffee machine broken avvunu, entire team productivity zero — dependency confirmed bru",1
"Venky viva lo professor adugadu 'explain English', Venky cheppadu 'sir nenu CN chesanu' — wrong subject attended oof",1
online learning convenient ga undhi anukunta most students ki,0
"Srinu viva lo professor adugadu 'explain environmental science', Srinu cheppadu 'sir nenu engineering drawing chesanu' — wrong subject attended wait what",1
mirchi bajji preparation method different ga undhi different regions lo,0
"Hotstar notification off chesanu, silent mode chesdu, still distracted avvunuu — problem internal broh",1
engineer avvadam chaalaa kaashtam kani worth it undoo anukunde,0
"nenu attu try chesanu first time, okay ga undii",0
"naaku parotta challa ishtam, ammaaa chesaadhu, vere parotta chesadhu — betrayal",1
"bus timings change avunu Tadipatri lo recently, new schedule vasindi",0
roti health benefits chala undii nutritional value tho,0
"room mate bro early rise chesdu, alarm 5 AM ki, nenu 5 AM ki sleeping — different schedules brow",1
teamwork skills develop avvunu group projects tho anukuntaa,0
"Gandu LinkedIn lo 'open to work' pettadu, recruiter laedu, relatives vasindi — wrong platform response",1
"Suresh Sirisha ki 'hi' text chesadu, 3 days tarvata reply vasindi — challa busy schedule undii bru",1
"attha illu vacchindi, ammgaru cleaning started 6 AM — natural disaster alert haha",1
"new joiner vasadu, nenu senior ani feel avunuu, nenu kuda confused undoo — leading the lost broo",1
"rasam order chesanu, delivery boy cheppaadu '5 mins', 45 mins avnu — elastic 5 mins brow",1
"India win avnu, Naveen bike lo celebrate chesadu — okkaa run ki overreact avnu brooo",1
"match undie ani ammaaa ki chepadu, 'leduu study cheyyi' annadi — different priorities",1
"Telugu cinema industry challa big undoo, annual revenue chaala undhi",0
"night lo gongura rice crave avvunu, Amazon Prime open chesanu, delivery ledhu hostel ki — hunger unsatisfied bro",1
"group chat lo message chesadu, everyone read, no reply — ghost protocol activate avvunu",1
"match undhi ani ammaaa ki cheppaadu, 'ledu study cheyyi' annadi — different priorities",1
"WFH undii, camera off meeting, pajama lo undhi — professional from waist up bro",1
engineering drawing concepts challa important undy software engineering ki,0
"internals lo Sunil ki 9/30 vasthe 'grace marks' antadu, grace means 9 ye brooo",1
Vijayawada lo road expansion project start avnu this month,0
"morning 6 ki alarm, snooze, 7 ki alarm, snooze, 9 ki amma voice — most effective alarm brooo",1
"Anil cooking first time chesadhu, pulihora chesanu, amma feedback: 'next time ledoo chesuku' — harsh review",1
"ammaaa phone lo data ledu, naa phone lo data leduu, iddaru fight chesamu — poverty bonding",1
"new hospital Mehdipatnam lo open avutundi next month, facilities chaala undhi",0
"Naveen cheppadu Bhimavaram ki vellaadani, nenu koodaa veltanu annanu",0
"nenu Rohit tho software engineering doubts discuss chesanu, clear avvunu finally",0
"today OOPS lab session undy, experiment complete chesaadu",0
today Sunday lo Anil Dilsukhnagar ki train lo vellaadu,0
"traffic lo Anantapur lo oka hour stuck, GPS '2 mins away' antu undi — GPS lying bru",1
Eluru lo oka new Paytm office open avvunuu this month,0
"morning biryani breakfast ki chesamu, ammgaru chesdu today",0
English research field chala active undi currently globally,0
"Rohit adugadu ekkada undi nuvvu ani, Eluru lo undie cheppanu",0
"client call lo internet ledoo avunu, reschedule chesanu — wifi excuse brow",1
"ammaa cooking chesthu undoo, nenu help cheyyadam try chesanu — 'nuvvuu poni chadduvuko' annadi",1
"Kalyan Ram movie review: 'logic edu' — fans: 'logic ante em bru, emotion chuso'",1
"chutney traditional Vizag dish undhi, festivals lo prepare avvunuu",0
Srinu new truck kinukkunnadu last month Kukatpally lo,0
"nenu Mohan ki statistics concept explain chesanu, understood annadu",0
"Proddatur chaala big city undoo, population chala undie currently",0
"movie lo hero okaa song lo 5 countries lo dance chesadhu, nenu okaa Dilsukhnagar bus stop daataledu",1
"long distance relationship undi, calls chaalaa undhi, meet avnu — bills only growing",1
"babai cheppadu 'Harish ni chuso challa undie' — Harish fail avnu bro, different level inspiration",1
"Pappu viva lo professor adugadu 'explain algorithms', Pappu cheppadu 'sir nenu ML chesanu' — wrong subject attended XD",1
"government IAS officer recruitment notification release avvunuu, applications start avvunuu",0
"nannagaru 'maa time lo challaa kashtapaddamu' ante, a time lo linear algebra leduu brooo — different struggle",1
"Sai Tej movie lo villain chala try chesadu, hero ki okkaa scratch ledhu — plot armour S tier lmao",1
sleep 7-8 hours complete cheyyadam brain performance ki important,0
"nannaa cheppadu 'accountant avvali' ani, nenu cheppanu 'try chestunna' ani — 4 years same conversation brooo",1
"LB Nagar lo okkaa seat dorikithe lucky ani anukunta, destination ki reach avvunuu — always like this",1
"nenu Manoj ki cheppanu today assignment undhi ani, thanks annadu",0
"night lo noodles eat chesanu, morning ki ammgaru ki telusindi — digestive system traitor broo",1
Surya seminar hall lo physics class attend chesadhu morning lo,0
"India win avvunu, Sekhar bike lo celebrate chesadu — okkka run ki overreact avvunu broh",1
"nenu Sekhar ki cheppanu today assignment undoo ani, thanks annadu",0
"restaurant bill chaalaa undii, split chesamu, nenu extra chesanu — mathematics of friendship broo",1
internships chaalaa important undie final year students ki,0
"nenu Anu ki wish chesanu exam ki, all the best annadi",0
"Madhapur lo new IT park build avutundi, jobs increase avvunu anukunta",0
rasam chaalaa healthy option undhi daily diet lo,0
Girish library lo digital circuits chadduvutunnadu evening daka,0
"GPay lo poori 50% off undi, order chesanu, delivery charge 100 rs — discount illusion broo",1
"meeting lo yawn chesanu, boss chusadu — yawn explain cheyyadham hardest thing brow",1
communication skills important undi any teacher ki,0
"hostel gate closed avnu, Pavan wall jump chesadhu, security undoo — caught in 4K brow",1
chutney health benefits challa undoo nutritional value tho,0
"to-do list rasanu, to-do list koodaa to-do lo undie — meta productivity brow",1
Guntur lo road expansion project start avvunuu this month,0
"nenu today Eluru ki Ola lo vellanu, chala time avvunu",0
"today maths lab session undhi, experiment complete chesaadu",0
"Karimnagar lo different areas undy, each area different culture undhi",0
"Chiranjeevi dialogue Babai gate lo use chesaadu, professor appreciate chesaadu — cinema education works",1
"propose chesanu, 'I think of you as a brother' annadi — English result kanna worse shock bro",1
Kadapa chaallu develop avutundi last few years lo,0
healthy ga undadam ki poori tho balanced diet maintain avunuu,0
"PhonePe order cancel ayindii, money 7 days lo refund avvunuu ani cheppindi — 7 days lo naa hunger wait edu 😬",1
"Sekhar Padma ki 'hi' text chesadu, 3 days tarvata reply vasindi — chaallu busy schedule undie broo",1
pharmacist avvadam chaallu kaashtam kani worth it undi anukuntaa,0
"Venky brow DSA exam ki prepare ledhu, result vasthe 'paper tough undi' ani blame chesaadhu",1
healthy ga undadam ki curd rice tho balanced diet maintain avvunuu,0
Gachibowli lo new college open avutundi engineering courses tho,0
today Sunday lo Chintu Hindupur ki cab lo vellaadu,0
"midnight hunger avvunuu, Flipkart open chesanu, Proddatur delivery laedu — location punishment brow",1
Ishani adugindi 'emaina special undyva nalo?' — nenu compilers notes rasaanu simultaneously bruh,1
"promotion vasindi — title change avunu, work increase avvunuu, salary same — congrats brooo",1
reading habit challa useful undi long term lo anukuntaa,0
electricity rates change avutunnai Mehdipatnam lo this quarter,0
"nenu Dharani tho digital circuits group study chesaadhu, helpful avunu",0
"Hyderabad lo new IT park build avutundi, jobs increase avvunuu anukuntaa",0
resume lo relevant compilers skills clearly mention cheyyadam important,0
"new joiner vasadu, nenu senior ani feel avvunu, nenu koodaa confused undii — leading the lost brooo",1
"Abhi cheppaadu Kurnool ki vellaadani, nenu kooda veltanu annanu",0
"Bumrah form bad undoo, drop cheyyi antee, fans: 'he is legend' — unconditional support",1
"nenu Gayatri tho compilers group study chesadu, helpful avnu",0
"Twitter lo argument chesaadu Gandu, 200 replies vasindi, everyone against — ratio avvunu broo",1
communication clearly cheyyatam professional contractor ki essential skill undy,0
"propose chesanu WhatsApp lo, Ojaswi blue tick chesdu, reply leduu — left on read forever broo",1
"cooking chesaadhu, taste check chesanu, taste check again — by end sambar ledhu bro",1
"mess food chaala bad undy, complain chesamu, next day kudaa same — feedback loop edu",1
"Guntur lo okkka seat dorikithe lucky ani anukuntunna, destination ki reach avunu — always like this",1
"Usha cheppindhi notes share cheyyi ani, share chesanu",0
ammaaa: nuvuu ekkadoo unnav? nenu: library lo. ammaa: mee college lo library ekkadaa undoo raa? W move,1
"group chat lo message chesaadhu, everyone read, no reply — ghost protocol activate avunuu",1
"new hospital Kurnool lo open avutundi next month, facilities chaallu undhi",0
"power cut ayindii, phone dead, fan ledu, summer — Dilsukhnagar punishment level heat ikr",1
"Manoj adugadu which discrete maths book better ani, reference book suggest chesanu",0
"interview ki 'punctual ga veltanu' annanu, 10 mins late avnu — traffic blame chesanu obviously",1
"WFH undy, camera off meeting, pajama lo undhi — professional from waist up brow",1
Ramesh LB Nagar lo data scientist ga work chestunnadu currently,0
"Anil cheppadu today class undy ani, nenu attend chesanu",0
"nenu gulab jamun tho dinner chesamu family tho, chaalaa undii",0
"Dilsukhnagar lo different areas undoo, each area different culture undy",0
"PhonePe lo parotta 50% off undi, order chesanu, delivery charge 100 rs — discount illusion brow",1
statistics concepts challa important undoo software engineering ki,0
Rajahmundry lo okaa new WhatsApp office open avvunu this month,0
"traffic lo Mehdipatnam lo okaa hour stuck, GPS '2 mins away' antu undoo — GPS lying brooo",1
practical knowledge challa important undii theoretical kanna anukuntaa,0
"nannagaru bike ki petrol ledu, naaku pocket money edu, iddaru okka team kaadaa",1
"summer lo Tenali lo power cut — fan edu, AC edu, life ledoo broo",1
Nellore lo real estate prices increase avvunuu last year lo,0
"mess rasam bad undii, outside rasam expensive undie, ammaaa rasam perfect undi — home truth",1
"online meeting lo nenu mute avnu matladanu 5 mins — everyone heard, no one told broh",1
"nenu Madhavi tho microprocessors group study chesdu, helpful avunu",0
"naa phone battery challaa fast poothundi, relationships kanna faster",1
mental health koodha physical health la important undi anukunta,0
"Zepto lo punugulu order chesanu '30 mins' anti — 2 hours lo vasindi, cold ga undoo",1
"Bhimavaram lo colleges chaala undii, students everywhere undie anukuntaa",0
"movie lo hero okkaa song lo 5 countries lo dance chesdu, nenu okaa Tenali bus stop daataledu",1
"Sai Tej okaa punch lo 10 mandi ni ledoo chesadu, nenu okkka OOPS paper clear cheyyalekapoyanu legend",1
"group project lo Gopi okka slide chesadu, presentation day lo nenu explain chesanu — Gopi ekkada undi",1
"3 months crush chesanu, Padma cheppindhi 'I have a boyfriend' ani day 1 lo edu — time waste certified",1
"new hospital Mehdipatnam lo open avutundi next month, facilities chaalaa undie",0
"warden room check chesaadu, Nani room clean chesdu first time — inspection effect brooo",1
"nenu Arjun ki cheppanu today assignment undoo ani, thanks annadu",0
nenu Mohan tho Hindupur meet avvunuu ani plan chesadhu,0
Machilipatnam lo infrastructure improve avvunu last few years lo slowly,0
"nenu English notes prepare chesanu exam ki, chaala undii material",0
today Monday lo Arjun Dilsukhnagar ki Uber lo vellaadu,0
nenu Harish tho Tirupati meet avunu ani plan chesaadu,0
Babai library lo management chadduvutunnadu evening daka,0
"team celebration avvunuu, cake undy, Sekhar dietary restriction undii — cake still eaten broh",1
discrete maths research field challa active undi currently globally,0
Sanjay auditorium lo chemistry class attend chesadu morning lo,0
"diet chesdu, results ledhu, pesarattu eat chesaadu, results laedu — same outcome different happiness",1
"naaku rasgulla chaalaa ishtam, amma chesaadu, vere rasgulla chesadhu — betrayal",1
Kadapa lo road expansion project start avunuu this month,0
"room mate brow early rise chesaadu, alarm 5 AM ki, nenu 5 AM ki sleeping — different schedules bro",1
"Radha chepindi exam postpone avunu ani, relief avvunuu",0
"restaurant lo menu photos chaala undii, actual plate small avnu — food photography crimes broo",1
"naa records room ki tempo lo daily velthunna, time avunuu chaala",0
"work life balance undi ani join chesdu, 10 PM mail vasindi — balance means different things brow",1
"commentary lo 'magnificent shot' antaa, camera replay chesdu, edge undi — commentary lying brooo",1
"Suma cheppiindi library books return date vasindi ani, return chesanu",0
"retrospective lo 'what went wrong' adugutunnaru, everything brow — honest answer give leduu",1
"university exams schedule release avvunuu, students prepare avutunnaru",0
work from home easy ante — Deepak ammaa background lo curd rice chesthu meeting lo lmao,1
internships chaala important undi final year students ki,0
auto wala 'meter ledoo' anti 3x rate adugadu — Mehdipatnam special experience,1
"crush same CN class lo undoo, nenu rojuu attend chesanu — subject edu bro attendance reason different",1
"Sai selfie 50 teesadu, okka post chesaadhu, 2 likes vasindi — effort vs result gap broo",1
"Sirisha story pettindi, nenu first viewer avnu — stalker ledhu bro just coincidence",1
"Gachibowli lo new IT park build avutundi, jobs increase avunuu anukuntaa",0
"Bhimavaram lo colleges challa undy, students everywhere undhi anukunde",0
"night lo Surya snore chesaadhu, nenu headphones pettanu, battery ledu, suffering begin avvunuu",1
"naa OOPS professor chaalaa fast bru, notes ledoo, brain ledhu, future edu",1
Bhimavaram lo new metro line start avutundi next year ani announce avvunu,0
healthy ga undadam ki rasgulla tho balanced diet maintain avvunuu,0
"Suresh Keerthi tho first date ki Gachibowli lo coconut rice tinnaru, bill split chesadhu — modern love",1
"Ramu cooking first time chesaadu, rasgulla chesanu, amma feedback: 'next time leduu chesuku' — harsh review",1
"naa discrete maths valla microprocessors miss ayindy, microprocessors valla discrete maths miss ayindy — perfect planning",1
"long distance relationship undy, calls challaa undy, meet avnu — bills only growing",1
"team celebration avvunu, cake undoo, Bhai dietary restriction undi — cake still eaten bro",1
discrete maths prepare avvadam ki daily consistent practice important undoo,0
auto wala 'meter ledoo' antee 3x rate adugadu — Gachibowli special experience,1
relationship status: statistics tho — at least it needs me broo,1
software jobs chaala undhi LB Nagar lo young graduates ki,0
"naa college ki tractor lo daily velthunna, time avunu chala",0
public transport use cheyyadam traffic reduce avunu pollution kudaa taginchutundi,0
"Nandini adugundi canteen ekkado undi ani, direction cheppanu",0
naa friend Varun Tej dialogue morning ki evening daka repeat chesadu — method acting leduu just annoying,1
communication skills important undie any data scientist ki,0
"naa placement cell ki bike lo daily velthunna, time avunu challa",0
"generator sound undi, power back avvunu ani excited avnu, neighbour generator avvunuu — false hope broo",1
"metro lo seat dorikithe lucky day ani anukunde, next stop lo empty avnu — always like this",1
Raju today statistics assignment submit chesaadhu on time,0
"morning paneer breakfast ki chesamu, ammgaru chesadu today",0
"nenu attu tho dinner chesamu family tho, chaallu undoo",0
"diet start chesanu — noodles chusaka cancel avvunuu, health is wealth but food is life bro",1
healthy ga undadam ki idli tho balanced diet maintain avvunuu,0
"ammaa phone lo data edu, naa phone lo data ledhu, iddaru fight chesamu — poverty bonding",1
"Vikram adugadu which ML book better ani, reference book suggest chesanu",0
CN prepare avvadam ki daily consistent practice important undoo,0
"follow request pampanu, pending lo undii 6 months — neither yes nor no bro",1
Raju library lo environmental science chadduvutunnadu evening daka,0
tamarind rice health benefits chaalaa undhi nutritional value tho,0
"cricket prediction chesanu, wrong avunuu, always — analyst career leduu brow",1
"Abhi cheppadu tomorrow Warangal lo program undie ani, attend chestava adugadu",0
relationship status: engineering drawing tho — at least it needs me bro,1
"Secunderabad lo colleges chaalaa undoo, students everywhere undoo anukuntunna",0
regular exercise challaa important undie long term health ki,0
"movie lo villain challa smart undii, hero okkka scene lo defeat chesaadhu — audience: wait what",1
exam lo Prasad pray chesdu 'God MCQ lo A avvani cheyyatam' — very specific prayer bro,1
"naa birthday ki okka wish edu, exam result ki chala messages vasindi — wrong notifications bro",1
"warden room check chesadhu, Varun room clean chesaadhu first time — inspection effect brow",1
"naa chemistry record okaa page kooda rayaledu, submission day lo Harish xerox shop lo undii",1
"placement cell lo HR adugadu 'where do you see yourself in 5 years', Rahul 'sleeping' annadu — honest answer",1
"naa birthday ki okkaa wish leduu, exam result ki chaalaa messages vasindi — wrong notifications bru",1
"Ravi cheppadu tomorrow Karimnagar lo program undie ani, attend chestava adugadu",0
"summer lo Anantapur lo power cut — fan laedu, AC laedu, life leduu broh",1
"Arjun deadline miss chesaadhu, 'estimation ga chesanu' annadu — estimation = guess confirmed bru",1
management oka important branch undhi computer science lo,0
"restaurant bill challaa undie, split chesamu, nenu extra chesanu — mathematics of friendship broh",1
"nenu pappu tinnanu, chaallu undii anukuntaa",0
"office coffee machine broken avvunuu, entire team productivity zero — dependency confirmed bru",1
"nenu roti try chesanu first time, okay ga undii",0
"naa life Prabhas movie la undhi — interval ki twist, climax ki logic ledu brow",1
"Radha cheppiindi exam postpone avunuu ani, relief avunuu",0
crush chepindi 'we are just friends' ani — ML fail kanna painful avvunu bro,1
"office lunch lo mirchi bajji undy, nenu Blinkit order chesanu — mess food bypass broh",1
"Kurnool climate challaa hot summers lo, monsoon better ga undie",0
"nenu Anna ki OS concept explain chesanu, understood annadu",0
naa friend Kalyan Ram dialogue morning ki evening daka repeat chesadhu — method acting laedu just annoying,1
"power cut ayindi, phone dead, fan ledhu, summer — Nellore punishment level heat",1
"promotion vasindi — title change avnu, work increase avvunu, salary same — congrats broh",1
"generator sound undie, power back avvunuu ani excited avvunuu, neighbour generator avunuu — false hope broo",1
"Pawan Kalyan movie review: 'logic ledhu' — fans: 'logic ante em broh, emotion chuso'",1
"nenu Teja tho digital circuits doubts discuss chesanu, clear avvunu finally",0
government schemes chaallu undhi students ki Dilsukhnagar lo,0
teamwork skills develop avunu group projects tho anukuntunna,0
"dal rice healthy ani chaddivanu, oil lo fry chesanu — healthy intent unhealthy execution brooo",1
Pavan library lo discrete maths chadduvutunnadu evening daka,0
"Rajahmundry challaa big city undy, population chaallu undi currently",0
"generator sound undoo, power back avunuu ani excited avvunu, neighbour generator avunuu — false hope brow",1
"Mehdipatnam chala big city undii, population chala undii currently",0
"generator sound undii, power back avunuu ani excited avnu, neighbour generator avvunuu — false hope broo",1
"Teja Kalyani ki gifts icchaadu, Kalyani cheppindi 'you are like my brother' — return policy ledoo bru",1
"water filter edu, bottle water kinukkunnamu — monthly pongal budget lo cut avutundi brooo",1
microprocessors okka important branch undii computer science lo,0
"new flyover Eluru lo ready avunu next month, traffic ease avvunu anukuntaa",0
OS prepare avvadam ki daily consistent practice important undhi,0
"Madhapur lo different areas undi, each area different culture undi",0
family function lo uncle adugadu 'marks entha' ani — nanaaa topic change chesdu immediately,1
auto wala 'meter laedu' ante 3x rate adugadu — Dilsukhnagar special experience,1
"Dinesh Ojaswi ki good morning text chesadu daily, read avvunu reply ledoo — read receipts cruelty",1
chelli adugutundi 'nuvvuu ekkadoo vellav?' nenu: exam. chelli: pass avutava? — motivating bru,1
"Hyderabad lo new IT park build avutundi, jobs increase avnu anukuntaa",0
"ex vasindi message 'how are you' ani, nenu engineering drawing fail avutunna — great timing bro",1
naa OOPS marks chusaka okaa nimisham silent ga undie — grief kaduu pure shock broo,1
"ammaaa cooking chesthu undhi, nenu help cheyyadam try chesanu — 'nuvvu poni chadduvuko' annadi",1
relationship status: ML tho — at least it needs me broh,1
"Ajay exam hall lo calculator teesukochadu, physics lo calculations ledoo — prepared for wrong subject genius bro",1
"Padma cheppindi library books return date vasindi ani, return chesanu",0
reading habit challa useful undii long term lo anukuntaa,0
compilers interesting subject undi naa opinion lo,0
"Rajesh cheppadu tomorrow Nellore lo program undoo ani, attend chestava adugadu",0
mental health koodha physical health la important undhi anukuntaa,0
linear algebra research field challa active undhi currently globally,0
"Telugu cinema industry chaallu big undhi, annual revenue chala undii",0
"hostel lo electricity bill split chesamu, AC room ki kuda split avunuu — fair edu bru",1
"Naidu cheppadu today class undii ani, nenu attend chesanu",0
"placement cell lo HR adugadu 'where do you see yourself in 5 years', Gopi 'sleeping' annadu — honest answer",1
lemon rice preparation method different ga undoo different regions lo,0
engineering challa popular course undhi Andhra Pradesh lo,0
"nenu Naga ki cheppanu class time change avnu ani, okay annadi",0
Suresh library lo digital circuits chadduvutunnadu evening daka,0
"Usha chepindhi notes share cheyyi ani, share chesanu",0
"villain 1000 cr spend chesaadu plan ki, hero okka punch lo finish — ROI zero broo",1
"nenu Chitti tho environmental science doubts discuss chesanu, clear avvunuu finally",0
software jobs chaala undii Kukatpally lo young graduates ki,0
"Rana okaa punch lo 10 mandi ni ledoo chesaadhu, nenu oka OS paper clear cheyyalekapoyanu",1
"nenu Kamal ki engineering drawing concept explain chesanu, understood annadu",0
"Suma chepindi library books return date vasindi ani, return chesanu",0
networks basics strong avvunuu anti advanced concepts easy avunuu,0
"Kamal LinkedIn lo 'open to work' pettadu, recruiter ledu, relatives vasindi — wrong platform response",1
"to-do list rasanu, to-do list koodha to-do lo undhi — meta productivity broh",1
"nenu mirchi bajji tinnanu, challa undi anukuntaa",0
discrete maths okkka important branch undie computer science lo,0
"diet chesadhu, results ledu, pulihora eat chesadhu, results laedu — same outcome different happiness",1
Dilsukhnagar lo oka new Instagram office open avvunuu this month,0
Dilsukhnagar lo transport options improve avnu metro tho,0
"Nitesh deadline miss chesadhu, 'estimation ga chesanu' annadu — estimation = guess confirmed bru",1
Anna today linear algebra assignment submit chesdu on time,0
practical knowledge chaallu important undii theoretical kanna anukunde,0
"night lo dosa eat chesanu, morning ki amma ki telusindi — digestive system traitor bru",1
"Surya adugadu ekkada undhi nuvvu ani, LB Nagar lo undoo cheppanu",0
nanna smartphone istE WhatsApp lo naa result forward chesaadu relatives ki — appreciated edu broo,1
"Vijay Deverakonda mass scene lo BGM chaallu loud undi, theater shake aayindi, naa heart shake ayindii — same energy",1
match tension lo idli laedu tinnanu — superstition eating bro,1
electricity rates change avutunnai Chirala lo this quarter,0
"Lakshmi chepindi tomorrow test undoo algorithms lo ani, prepare avnu",0
"noodles chesthu undi ammaaa, nenu taste chesanu, 'chaalaa undhi' annanu — chef appreciation broh",1
"midnight hunger avvunu, Swiggy open chesanu, Nellore delivery ledoo — location punishment bru",1
nenu Raju tho Kurnool meet avunu ani plan chesaadu,0
"new hospital Karimnagar lo open avutundi next month, facilities challaa undie",0
"reel lo easy recipe chesanu, nenu try chesanu, disaster avunuu — videos lie bro",1
Vijay Machilipatnam lo contractor ga work chestunnadu currently,0
"WFH undii, camera off meeting, pajama lo undi — professional from waist up broh",1
communication clearly cheyyatam professional software engineer ki essential skill undie,0
"standup lo 'yesterday same, today same' annanu — honest answer broo, fired avutana anukuntunna",1
"Lucky adugadu ekkada undy nuvvu ani, LB Nagar lo undii cheppanu",0
"okkka bite pulihora tinnanu, finish avunu entire plate — portion control failed brooo",1
"morning butter chicken breakfast ki chesamu, ammgaru chesadu today",0
Babu principal office lo DBMS class attend chesadhu morning lo,0
"government businessman recruitment notification release avunu, applications start avunuu",0
bike maintain cheyyadaniki regular service okka month ki oka sari chesukovalani,0
"naa reading room ki tempo lo daily velthunna, time avunu chaallu",0
naa software engineering marks chusaka okkaa nimisham silent ga undoo — grief kaadu pure shock broh,1
"naa OOPS paper lo okaa question kadu telivindi, kani confident ga avvunu rasa — confidence brooo not knowledge",1
poori health benefits chaala undii nutritional value tho,0
"mess food chaallu bad undoo, complain chesamu, next day kuda same — feedback loop edu",1
"Charan viva lo professor adugadu 'explain networks', Charan cheppadu 'sir nenu data mining chesanu' — wrong subject attended rip",1
businessman avvadam challa kaashtam kani worth it undi anukunta,0
"nenu Ramesh ki ML concept explain chesanu, understood annadu",0
naa friend NTR dialogue morning ki evening daka repeat chesaadu — method acting edu just annoying,1
"alarm 5 AM ki pettanu 'productive avutanu' ani, snooze chesanu 6 times — productivity achieved broh",1
Andhra Pradesh lo agriculture important sector undie economy ki,0
chelli adugutundi 'nuvu ekada vellav?' nenu: exam. chelli: pass avutava? — motivating bro,1
"Zara cheppindi 'just be yourself' ani, nenu myself avvunu undi, works leduu bru — bad advice",1
"Nani Yamini ki pulihora treat ichadu, Yamini friend koodaa vasindi, friend ki koodaa treat ichadu — poverty begins",1
"follow request pampanu, pending lo undoo 6 months — neither yes nor no brooo",1
"naa statistics class midnight lo undhi, attend chesanu",0
Vijayawada lo infrastructure improve avvunu last few years lo slowly,0
Adoni lo new metro line start avutundi next year ani announce avvunu,0
"peddamma cheppindi 'Madhavi ni chuso doctor avunu' ani, Madhavi ki MBBS ledu — inspiration from fiction W move",1
"thammudu naa charger teesukuntunnadu, nenu teesukuntunna — family sharing plan bruh",1
TOC research field chaallu active undi currently globally,0
"Tarun cheppadu Vijayawada ki vellaadani, nenu kuda veltanu annanu",0
LB Nagar lo weather chaalaa hot ga undie summers lo generally,0
naa friend Sai Tej dialogue morning ki evening daka repeat chesaadhu — method acting edu just annoying,1
"nenu Hema ki cheppanu class time change avvunu ani, okay annadi",0
"Dhoni form bad undie, drop cheyyi anti, fans: 'he is legend' — unconditional support",1
"Vani cheppiindi exam postpone avunuu ani, relief avvunuu",0
"Rana dialogue Chintu mess lo use chesadu, professor appreciate chesdu — cinema education works",1
"new flyover Guntur lo ready avvunu next month, traffic ease avunu anukuntunna",0
"interview ki 'punctual ga veltanu' annanu, 10 mins late avvunu — traffic blame chesanu obviously",1
"movie lo hero okka song lo 5 countries lo dance chesadhu, nenu okka Chirala bus stop daataledu",1
"Arjun cheppdu Narasaraopet ki vellaadani, nenu koodaa veltanu annanu",0
"nenu today Chirala ki MMTS lo vellanu, challaa time avvunu",0
"Mahesh Babu mass scene lo BGM challaa loud undy, theater shake ayindii, naa heart shake ayindy — same energy",1
amma: nuvvu ekkadaa unnav? nenu: library lo. ammaaa: mee college lo library ekkadoo undoo roo?,1
mental health kooda physical health la important undy anukuntaa,0
"hostel lo electricity bill split chesamu, AC room ki kuda split avvunuu — fair ledoo bru",1
"India last over lo 20 kavali, Ganesh prayer start chesdu — sudden devotion bro",1
"ammaaa cooking chesthu undie, nenu help cheyyadham try chesanu — 'nuvu poni chadduvuko' annadi no way",1
"reel lo easy recipe chesanu, nenu try chesanu, disaster avnu — videos lie brooo",1
"naa discrete maths valla TOC miss aayindi, TOC valla discrete maths miss aayindi — perfect planning bro what",1
online learning convenient ga undhi anukuntaa most students ki,0
Chitti library lo software engineering chadduvutunnadu evening daka,0
"new flyover Mehdipatnam lo ready avunu next month, traffic ease avnu anukuntunna",0
"Adoni lo different areas undhi, each area different culture undii",0
electricity rates change avutunnai Dilsukhnagar lo this quarter,0
"nenu Madhavi ki cheppanu class time change avunuu ani, okay annadi",0
"Tarun adugadu ekkada undii nuvvu ani, Secunderabad lo undi cheppanu",0
"Rajahmundry lo okkka seat dorikithe lucky ani anukuntunna, destination ki reach avnu — always like this",1
"naa life Bellamkonda movie la undhi — interval ki twist, climax ki logic laedu bru",1
"queue lo oka hour stand chesanu, naa turn ki 'closed' board — universal suffering bru",1
"Naveen assignment last minute chesaadu, font 16, margins wide, 3 pages done — engineering at its peak",1
"nenu dosa tinnanu, chala undi anukuntaa",0
"naa university ki Royal Enfield lo daily velthunna, time avunuu challaa",0
reading habit challaa useful undhi long term lo anukunde,0
"thammudu naa charger teesukuntunnadu, nenu teesukuntunna — family sharing plan",1
software jobs challaa undy Narasaraopet lo young graduates ki,0
public transport use cheyyadam traffic reduce avvunuu pollution kuda taginchutundi,0
"Rajesh LinkedIn lo 'open to work' pettadu, recruiter ledoo, relatives vasindi — wrong platform response",1
ammaaa: nuvu ekada unnav? nenu: library lo. ammaaa: mee college lo library ekkado undhi daa?,1
"story post chesanu, Haritha viewed chesaadhu, reply ledoo — seen without acknowledgement bro",1
"government CA recruitment notification release avnu, applications start avnu",0
"group project lo Varun okaa slide chesadu, presentation day lo nenu explain chesanu — Varun ekkada undi lmao",1
"naa post lo 100 likes vasindi, Gopi chepdu 'paid promotion avunuu' ani — jealousy speaks brow",1
resume lo relevant management skills clearly mention cheyyadam important,0
"Ram Charan new movie announce aayindi, fans excited avnu, nenu linear algebra exam tension lo undi — different worlds",1
ML nerchukovadam career ki important undii anukunde,0
"retrospective lo 'what went wrong' adugutunnaru, everything broo — honest answer give edu",1
"follow request pampanu, pending lo undi 6 months — neither yes nor no bru",1
"naa chemistry class night lo undii, attend chesanu",0
Chirala lo IT sector chaala grow avutundi past decade lo,0
"Naveen Priya ki gifts icchaadu, Priya chepindhi 'you are like my brother' — return policy laedu broh",1
"office coffee machine broken avvunu, entire team productivity zero — dependency confirmed brow",1
"power cut ayindhi, phone dead, fan leduu, summer — Nellore punishment level heat lol",1
"nenu Kalyani ki cheppanu class time change avvunuu ani, okay annadi",0
"new year resolution 'early rise chesanu' — January 2 ki snooze, January 3 ki alarm delete chesadu",1
"Anil Instagram bio lo 'entrepreneur' pettadu, venture ledoo — aspirational lying brooo",1
"UPS undy ante power cut laedu kani, UPS battery ledoo — backup of backup edu broh",1
engineering chala popular course undie Andhra Pradesh lo,0
"work life balance undhi ani join chesaadu, 10 PM mail vasindi — balance means different things brow",1
"hostel wifi password change avvunu, warden ki request chesadhu, 'study cheyyi' annadu — classic block",1
professor 'open book exam' antee Bunny library motham bag lo pettukochadu XD,1
"nenu idli tinnanu, chala undie anukuntaa",0
Secunderabad lo road expansion project start avvunu this month,0
"Bumrah out avunuu, entire India silent avnu — national moment of grief",1
"Nani adugadu which statistics book better ani, reference book suggest chesanu",0
Rajesh today AI assignment submit chesadhu on time,0
"Santosh adugadu which microprocessors book better ani, reference book suggest chesanu",0
"nenu today Chirala ki Activa lo vellanu, chala time avunuu",0
Ravi back bench lo undii kani first bencher kanna better marks — back lo wifi strong undoo kada,1
"nenu Deepak ki cheppanu today assignment undi ani, thanks annadu",0
regular exercise challaa important undoo long term health ki,0
"thammudu naa charger teesukuntunnadu, nenu teesukuntunna — family sharing plan 😂",1
"nenu Meesho lo payment chesaadu bill ki, easy ga undy",0
"hostel mess lo gongura rice undy, canteen lo gongura rice undy, outside lo gongura rice undi — gongura rice universe bro",1
"Vikram reading room ki late vasthe professor 'reason?' adugadu, 'amma chesindi late' annadu — universal excuse",1
"nannagaru cheppadu 'CA avvali' ani, nenu cheppanu 'try chestunna' ani — 4 years same conversation broh",1
communication skills important undoo any politician ki,0
"Manoj adugadu which TOC book better ani, reference book suggest chesanu",0
"new startup LB Nagar lo start avvunu, local businessman opportunities create avnu",0
Kiran cheppadu new CRED download chesanu try cheyyi ani,0
"naa OS record oka page kooda rayaledu, submission day lo Anna xerox shop lo undie",1
"new startup Karimnagar lo start avunuu, local trader opportunities create avvunuu",0
coconut rice chala healthy option undoo daily diet lo,0
auto wala 'meter leduu' antey 3x rate adugadu — Dilsukhnagar special experience,1
"Twitter lo argument chesaadhu Ajay, 200 replies vasindi, everyone against — ratio avnu bro",1
"nanna bike ki petrol ledu, naaku pocket money ledhu, iddaru okaa team kada",1
"water filter laedu, bottle water kinukkunnamu — monthly punugulu budget lo cut avutundi brow",1
"nenu Dharani tho software engineering group study chesadu, helpful avnu",0
maths prepare avvadam ki daily consistent practice important undie,0
Ganesh library lo compilers chadduvutunnadu evening daka,0
"Vizag lo colleges chaalaa undoo, students everywhere undoo anukunde",0
"hostel lo electricity bill split chesamu, AC room ki koodha split avvunu — fair laedu broh",1
"Shubman Gill form bad undie, drop cheyyi antaa, fans: 'he is legend' — unconditional support",1
"today discrete maths lab session undoo, experiment complete chesadhu",0
Bhimavaram lo water supply schedule change avnu maintenance ki,0
"new startup Nellore lo start avvunu, local engineer opportunities create avvunu",0
"bus timings change avunuu LB Nagar lo recently, new schedule vasindi",0
"Adoni climate chaalaa hot summers lo, monsoon better ga undy",0
"diet start chesanu — pulihora chusaka cancel avunuu, health is wealth but food is life brooo",1
"Teja LinkedIn lo 'open to work' pettadu, recruiter ledoo, relatives vasindi — wrong platform response",1
ML nerchukovadam career ki important undoo anukuntunna,0
"hero bike stunt chesadu, Babu try chesadu — bike undi, Babu hospital lo undii 💀",1
relationship status: AI tho — at least it needs me broh,1
"Keerthi story pettindi, nenu first viewer avnu — stalker ledhu bro just coincidence",1
Deepika adugindi 'emaina special undyva nalo?' — nenu data mining notes rasaanu simultaneously bro what,1
"crush 'good morning' text pampindi — nenu chemistry exam forget chesaadhu, failed — worth it brow 💀",1
"nenu today LB Nagar ki tractor lo vellanu, chaalaa time avunu",0
"Vijay adugadu which microprocessors book better ani, reference book suggest chesanu",0
"Jadeja form bad undy, drop cheyyi antaa, fans: 'he is legend' — unconditional support",1
nenu Pappu tho Bhimavaram meet avvunu ani plan chesadu,0
"ammaa cheppindi 'doctor avutav' ani, naa marks chusaka 'compounder avunuu kaadaa' ani update chesadhu",1
relationship status: discrete maths tho — at least it needs me broh oof,1
"propose chesanu WhatsApp lo, Ishani blue tick chesadhu, reply leduu — left on read forever bru",1
"relatives adugutunnaru 'what are your plans' ani, nenu CN pass avvadam plan broo — small goals",1
"placement cell lo HR adugadu 'where do you see yourself in 5 years', Sunil 'sleeping' annadu — honest answer",1
nenu Arjun tho Guntur meet avunu ani plan chesadu,0
"propose chesanu WhatsApp lo, Amulya blue tick chesaadu, reply ledoo — left on read forever broh",1
communication skills important undii any SP ki,0
"Naga cheppindhi library books return date vasindi ani, return chesanu",0
"Deepak cheppadu today class undii ani, nenu attend chesanu",0
regular exercise challa important undi long term health ki,0
"nenu egg rice tho dinner chesamu family tho, challaa undie",0
"Anil cheppadu results midnight lo vasthay ani, wait chesamu",0
"government accountant recruitment notification release avvunuu, applications start avvunuu",0
time management important skill undhi students ki anukunta,0
"nenu today Chirala ki Ola lo vellanu, challa time avvunuu",0
Tadipatri lo oka new CRED office open avnu this month,0
software jobs challaa undoo Karimnagar lo young graduates ki,0
savings cheyyadam important undi early age lo start cheyyatam better,0
"cousin vasadu, naa room occupy chesaadhu, nenu hall lo — guest rights > family rights broh",1
"naa birthday ki okka wish leduu, exam result ki chaala messages vasindi — wrong notifications brooo",1
"Munna room lo gulab jamun dabbala cook chesaadhu, entire floor smell ayindy — community notification",1
Mehdipatnam lo infrastructure improve avnu last few years lo slowly,0
"new hospital Hyderabad lo open avutundi next month, facilities chaala undi",0
"Varun deadline miss chesdu, 'estimation ga chesanu' annadu — estimation = guess confirmed broh",1
"nenu Hema ki wish chesanu exam ki, all the best annadi",0
"Kukatpally lo different areas undi, each area different culture undie",0
"Zepto lo parotta order chesanu '30 mins' anti — 2 hours lo vasindi, cold ga undhi",1
"naa networks paper lo oka question kaadhu telivindi, kani confident ga avunu rasa — confidence brow not knowledge 💀",1
"Vikram Instagram bio lo 'entrepreneur' pettadu, venture leduu — aspirational lying bro",1
communication skills important undii any businessman ki,0
Kurnool lo IT sector chala grow avutundi past decade lo,0
"Ramesh cheppadu results Sunday lo vasthay ani, wait chesamu",0
"standup lo 'yesterday same, today same' annanu — honest answer brooo, fired avutana anukuntaa",1
"nenu Usha ki cheppanu class time change avvunuu ani, okay annadi",0
"Bhaskar Hema ki 'hi' text chesadu, 3 days tarvata reply vasindi — chaala busy schedule undy bro",1
"amma hostel food check chesadu, tiffin box tho vasindi — mom knows best broh",1
"team celebration avvunuu, cake undi, Surya dietary restriction undii — cake still eaten broh",1
"Indu cheppindi 'just be yourself' ani, nenu myself avvunu undi, works ledu bru — bad advice",1
"Adivi Sesh okaa punch lo 10 mandi ni edu chesadhu, nenu oka OS paper clear cheyyalekapoyanu no way",1
"online class lo professor 'unmute avvandi' ante — 50 fans, 10 dogs, 5 amma voices",1
"commentary lo 'magnificent shot' anti, camera replay chesdu, edge undoo — commentary lying brow",1
"India win avvunuu, Munna bike lo celebrate chesadu — oka run ki overreact avunu brooo",1
healthy ga undadam ki vada tho balanced diet maintain avvunu,0
Vikram new cab kinukkunnadu last month Guntur lo,0
"cooking chesaadhu, taste check chesanu, taste check again — by end tamarind rice ledoo broo",1
electricity rates change avutunnai Kadapa lo this quarter,0
"hostel cricket lo Rakesh out avvunu, 'no ball' ani argue chesaadu — classic denial",1
"Kiran laundry oka month chesadu, room lo mountain avunuu — Himalayas size bro",1
nenu Ramu tho Mehdipatnam meet avvunuu ani plan chesaadhu,0
"naa maths paper lo okka question kadu telivindi, kani confident ga avunuu rasa — confidence brooo not knowledge",1
"morning 6 ki alarm, snooze, 7 ki alarm, snooze, 9 ki ammaa voice — most effective alarm broh",1
movie lo hero love failure tarvata okka song lo recover avunuu — real life lo years koodha edu,1
"vada traditional Kurnool dish undie, festivals lo prepare avunuu",0
"engineering colleges challaa undy Telangana lo, competition kooda challaa",0
architect ki necessary certifications obtain cheyyadam career growth ki helpful,0
"engineering colleges challaa undoo Telangana lo, competition kuda chaallu",0
"queue lo okkka hour stand chesanu, naa turn ki 'closed' board — universal suffering broo",1
library resources properly use chesukovalani ML better understand avvadam ki,0
"Kurnool lo different areas undhi, each area different culture undoo",0
"team celebration avunuu, cake undii, Ravi dietary restriction undi — cake still eaten bro",1
paneer health benefits challa undoo nutritional value tho,0
"power cut avvunu Nellore lo, exam night lo — God timing perfect brow",1
"Rahul Kalyani ki good morning text chesadu daily, read avvunuu reply laedu — read receipts cruelty",1
"dal rice traditional Mehdipatnam dish undhi, festivals lo prepare avunuu",0
communication clearly cheyyatam professional youtuber ki essential skill undii,0
Sanjay library lo English chadduvutunnadu evening daka,0
"Bunny engineering drawing project last night chesadu, works on his laptop, edu lab lo — classic",1
"India last over lo 20 kavali, Mohan prayer start chesaadu — sudden devotion bru",1
"naa life Sharwanand movie la undy — interval ki twist, climax ki logic edu bru",1
"Dharani adugundi canteen ekkada undoo ani, direction cheppanu",0
internships chaallu important undoo final year students ki,0
"Naidu cheppadu today class undhi ani, nenu attend chesanu",0
"Munna chepadu Machilipatnam ki vellaadani, nenu koodha veltanu annanu",0
healthy ga undadam ki paneer tho balanced diet maintain avnu,0
"Nandini chepindhi library books return date vasindi ani, return chesanu",0
"restaurant bill chaalaa undii, split chesamu, nenu extra chesanu — mathematics of friendship broh",1
"naaku idli challaa ishtam, ammaa chesadu, vere idli chesaadhu — betrayal",1
Ongole lo new metro line start avutundi next year ani announce avnu,0
"bag pack chesanu trip ki, okkaa thing forget chesdu, charger — always the charger",1
"phone leduu chesanu '1 week', day 3 ki check chesanu — addiction certified broh",1
Ganesh bus stop lo digital circuits class attend chesadhu morning lo,0
"morning vada breakfast ki chesamu, ammaaa chesaadhu today",0
reading habit challaa useful undy long term lo anukuntaa,0
"nenu sambar tinnanu, challaa undy anukuntaa",0
"Abhi broo chemistry exam ki prepare edu, result vasthe 'paper tough undii' ani blame chesadu",1
Eluru lo new college open avutundi engineering courses tho,0
family function lo uncle adugadu 'marks entha' ani — nanna topic change chesaadhu immediately,1
"diet start chesanu — parotta chusaka cancel avnu, health is wealth but food is life broo",1
"nenu today Guntur ki train lo vellanu, chaalaa time avnu",0
"naa ML class morning lo undoo, attend chesanu",0
"Kiran cheppadu results midnight lo vasthay ani, wait chesamu",0
"meme post chesanu, 0 likes, friend post chesanu same meme, viral avunu — timing is everything broh",1
"reel lo easy recipe chesanu, nenu try chesanu, disaster avvunu — videos lie brow",1
Proddatur chala develop avutundi last few years lo,0
"engineering colleges challa undi Telangana lo, competition kooda chaalaa",0
"movie lo Pawan Kalyan tho fight scene, 50 mandi ni oka hand tho — physics take a vacation brooo",1
"Pawan Kalyan new movie announce aayindi, fans excited avvunu, nenu management exam tension lo undhi — different worlds",1
reading habit chala useful undii long term lo anukunde,0
"ammaa jalebi chesaadu, nenu 'chala undhi' annanu — ledhu, pure diplomacy bro",1
"propose chesanu WhatsApp lo, Divya blue tick chesaadhu, reply laedu — left on read forever broo",1
reading habit challaa useful undie long term lo anukunde,0
Mani new truck kinukkunnadu last month Warangal lo,0
"nenu Nandini ki cheppanu class time change avnu ani, okay annadi",0
"nenu today Karimnagar ki Splendor lo vellanu, chaalaa time avvunu",0
"nanna 'maa time lo challa kashtapaddamu' antee, a time lo DSA laedu brooo — different struggle",1
exam lo Sunil pray chesdu 'God MCQ lo A avvani cheyydam' — very specific prayer bru,1
attu chaallu healthy option undi daily diet lo,0
"Adivi Sesh movie trailer chaalaa undie ani 4 tickets kattanu, movie logic laedu — trailer cheated bro",1
electricity rates change avutunnai Eluru lo this quarter,0
"relatives adugutunnaru 'what are your plans' ani, nenu AI pass avvadam plan brooo — small goals",1
DSA prepare avvadam ki daily consistent practice important undy,0
electricity rates change avutunnai Tadipatri lo this quarter,0
"bug report vasindi, nenu 'not able to reproduce' chesadu — classic response broo",1
maths basics strong avnu ante advanced concepts easy avunu,0
"hostel ki amma vasindi, mess food chusaka tears vasindi — maternal emotion bru",1
"Twitter lo argument chesadhu Rahul, 200 replies vasindi, everyone against — ratio avnu bro",1
"nenu discrete maths notes prepare chesanu exam ki, chaalaa undii material",0
"reels chusanu '5 mins' ani, 2 hours poindi — time travel broh only downward",1
"Sanjay cheppaadu project submit chesadu ani, good annanu",0
"Ramu Instagram bio lo 'entrepreneur' pettadu, venture leduu — aspirational lying brooo",1
"Mohammed Siraj out avvunu, entire India silent avunuu — national moment of grief",1
"today English lab session undoo, experiment complete chesdu",0
"Anantapur lo different areas undii, each area different culture undii",0
nanna smartphone istE WhatsApp lo naa result forward chesaadu relatives ki — appreciated ledu bro,1
"naa life Nithiin movie la undi — interval ki twist, climax ki logic edu broo",1
"generator sound undoo, power back avvunu ani excited avvunu, neighbour generator avunu — false hope broh",1
"office lunch lo parotta undy, nenu Roposo order chesanu — mess food bypass brow",1
Ramu today TOC assignment submit chesadu on time,0
"Meena 'nuvvu change avvali' annadi, Anil hairstyle change chesdu — nenu try chesanu broh",1
"Dharani cheppindi library books return date vasindi ani, return chesanu",0
"live score check chesanu exam hall lo, invigilator chusadu — multi tasking broh",1
compilers concepts challaa important undhi software engineering ki,0
"theater lo Vijay Deverakonda entry scene ki claps, interval ki claps, climax ki claps — nenu snacks ki claps genius bro",1
"naa ML valla AI miss ayindhi, AI valla ML miss ayindii — perfect planning gg",1
relationship status: compilers tho — at least it needs me brooo F,1
"placement cell lo HR adugadu 'where do you see yourself in 5 years', Arun 'sleeping' annadu — honest answer",1
"Hardik Pandya century chesaadu, office lo koodaa celebration — productivity zero officially",1
networks interesting subject undi naa opinion lo,0
"morning noodles breakfast ki chesamu, ammaaa chesdu today",0
"amma cheppiindi 'doctor avutav' ani, naa marks chusaka 'compounder avnu kada' ani update chesadu",1
"valentine's day ki Harish alone undi, pulihora order chesadu — self love era",1
Madhapur chaala develop avutundi last few years lo,0
Vijayawada lo okkka new Swiggy office open avnu this month,0
professor 'open book exam' antee Arun library motham bag lo pettukochadu lmao,1
government 'smart city' ante Hindupur lo Activa ki roads ledu — very smart planning brooo,1
"nenu Harish tho statistics doubts discuss chesanu, clear avnu finally",0
"Abhi cheppadu results night lo vasthay ani, wait chesamu",0
Kukatpally lo transport options improve avvunu metro tho,0
mental health kuda physical health la important undii anukuntunna,0
"match undii ani ammaa ki cheppadu, 'laedu study cheyyi' annadi — different priorities",1
"Chitti cheppaadu Tadipatri ki vellaadani, nenu koodaa veltanu annanu",0
"naa OS paper lo okaa question kaduu telivindi, kani confident ga avunuu rasa — confidence bro not knowledge oof",1
"government engineer recruitment notification release avvunuu, applications start avvunuu",0
"nenu Meena ki cheppanu class time change avnu ani, okay annadi",0
"Bhaskar cheppaadu Bhimavaram ki vellaadani, nenu koodha veltanu annanu",0
"Rana movie trailer chaallu undii ani 4 tickets kattanu, movie logic laedu — trailer cheated broh",1
Rakesh Proddatur lo lawyer ga work chestunnadu currently,0
Anantapur lo water supply schedule change avvunu maintenance ki,0
match tension lo jalebi laedu tinnanu — superstition eating bro,1
"nenu today Nellore ki Royal Enfield lo vellanu, chaala time avunuu",0
naa TOC marks chusaka okkka nimisham silent ga undii — grief kaduu pure shock bru,1
"new shoes vecchaanu, blister vasindi — fashion pain is real bru",1
"India last over lo 20 kavali, Lucky prayer start chesaadu — sudden devotion brow",1
"Machilipatnam climate challaa hot summers lo, monsoon better ga undoo",0
"Anna cheppadu tomorrow Eluru lo program undhi ani, attend chestava adugadu",0
"diet start chesanu — chapati chusaka cancel avvunuu, health is wealth but food is life broo",1
"Vijayawada lo different areas undhi, each area different culture undoo",0
internships chaalaa important undii final year students ki,0
Abhi back bench lo undoo kani first bencher kanna better marks — back lo wifi strong undhi kada,1
"hostel room lo 4 people, oka charger, okaa wifi — survival of the fittest",1
"generator sound undii, power back avunu ani excited avvunu, neighbour generator avunu — false hope broh",1
Ganesh chepdu new PhonePe download chesanu try cheyyi ani,0
healthy ga undadam ki gulab jamun tho balanced diet maintain avunuu,0
"nanaaa 'maa time lo chaallu kashtapaddamu' antee, a time lo data mining ledhu brooo — different struggle",1
"stadium ki ticket kattanu, match rain avvunu — Rs 2000 rain experience bro",1
"match undhi ani ammaa ki cheppaadu, 'edu study cheyyi' annadi — different priorities",1
"cricket prediction chesanu, wrong avunuu, always — analyst career ledu bro",1
Vizag lo new metro line start avutundi next year ani announce avvunu,0
practical knowledge chala important undoo theoretical kanna anukuntaa,0
"rain avunuu match cancel avnu, DLS method vasindi — nobody understands DLS broh",1
"YouTube lo okkaa video chusanu, 3 hours tarvata okkka click lo — algorithm trap bro",1
public transport use cheyyadam traffic reduce avunuu pollution koodha taginchutundi,0
Hyderabad challa develop avutundi last few years lo,0
"new restaurant undii, expensive menu chusaka water only order chesanu — budget dining bro",1
compilers basics strong avvunuu antey advanced concepts easy avvunu,0
"Suresh assignment last minute chesaadhu, font 16, margins wide, 3 pages done — engineering at its peak",1
"Amazon lo punugulu order chesanu '30 mins' antey — 2 hours lo vasindi, cold ga undii",1
Prabhas interview lo 'fans my strength' annadu — fans hearing this: power up avunuu wait what,1
Eluru lo road expansion project start avnu this month,0
"movie lo hero okkaa song lo 5 countries lo dance chesdu, nenu okkka Guntur bus stop daataledu",1
"naa wifi chaalaa fast undie — speed test lo matrame, actual lo laedu bro",1
"Arun cheppadu project submit chesadhu ani, good annanu",0
Rajahmundry lo real estate prices increase avvunu last year lo,0
"metro lo seat dorikithe lucky day ani anukuntaa, next stop lo empty avnu — always like this 😭😭",1
"power cut ayindhi, phone dead, fan ledoo, summer — Karimnagar punishment level heat legend",1
"naa chemistry record okkka page kooda rayaledu, submission day lo Arjun xerox shop lo undhi",1
"movie lo Rana tho fight scene, 50 mandi ni okka hand tho — physics take a vacation brooo",1
"Shubman Gill out avvunu, entire India silent avvunu — national moment of grief",1
healthy ga undadam ki parotta tho balanced diet maintain avnu,0
electricity rates change avutunnai Bhimavaram lo this quarter,0
mental health kooda physical health la important undie anukuntaa,0
"water filter edu, bottle water kinukkunnamu — monthly noodles budget lo cut avutundi broo",1
upma challa healthy option undy daily diet lo,0
"client call lo internet leduu avvunuu, reschedule chesanu — wifi excuse broo",1
"Dinesh cooking first time chesadhu, pappu chesanu, ammgaru feedback: 'next time ledu chesuku' — harsh review",1
"naa seminar hall lo physics class cancel ayindy, but attendance portal lo present show avunu — glitch in the matrix",1
"team celebration avvunuu, cake undii, Dinesh dietary restriction undi — cake still eaten bro",1
Kukatpally chaalaa develop avutundi last few years lo,0
"morning sambar breakfast ki chesamu, ammaa chesaadhu today",0
"phone laedu chesanu '1 week', day 3 ki check chesanu — addiction certified broo",1
"peddamma cheppindi 'Meena ni chuso doctor avnu' ani, Meena ki MBBS edu — inspiration from fiction bruh",1
"story post chesanu, Zara viewed chesaadhu, reply ledu — seen without acknowledgement bro",1
"phone edu chesanu '1 week', day 3 ki check chesanu — addiction certified bro",1
"movie lo Varun Tej tho fight scene, 50 mandi ni okkaa hand tho — physics take a vacation brooo",1
family function lo uncle adugadu 'marks entha' ani — nanna topic change chesadhu immediately,1
"online class lo professor 'unmute avvandi' anti — 50 fans, 10 dogs, 5 ammaa voices",1
ML prepare avvadam ki daily consistent practice important undii,0
Mehdipatnam lo road expansion project start avunuu this month,0
"Shubman Gill century chesaadu, office lo kudaa celebration — productivity zero officially",1
LB Nagar lo weather chaala hot ga undoo summers lo generally,0
"Vijay cheppaadu Vizag ki vellaadani, nenu kooda veltanu annanu",0
"Instagram lo life chaala undy, real lo meet avnu — filter world different broh",1
practical knowledge chala important undie theoretical kanna anukuntaa,0
government schemes chala undy students ki Madhapur lo,0
"nannaa bike ki petrol ledu, naaku pocket money ledoo, iddaru okaa team kadhaa",1
"India win avvunu, Naveen bike lo celebrate chesadu — okka run ki overreact avvunu bro",1
"naa birthday ki okka wish ledhu, exam result ki chaalaa messages vasindi — wrong notifications bru",1
"Hindupur climate chala hot summers lo, monsoon better ga undi",0
"hostel wifi password change avvunuu, warden ki request chesadu, 'study cheyyi' annadu — classic block",1
"Jasmine adugundi canteen ekkada undii ani, direction cheppanu",0
"new hospital Gachibowli lo open avutundi next month, facilities chala undoo",0
"state lo rainfall challaa undhi this monsoon season, reservoirs full avnu",0
regular exercise chaallu important undhi long term health ki,0
mental health koodaa physical health la important undie anukunde,0
"Vijay Deverakonda movie trailer chala undy ani 4 tickets kattanu, movie logic leduu — trailer cheated bro",1
"naa bus stop ki Activa lo daily velthunna, time avnu chaalaa",0
"Naidu adugadu ekkada undie nuvvu ani, Tenali lo undie cheppanu",0
communication skills important undi any pilot ki,0
Eluru lo IT sector challaa grow avutundi past decade lo,0
"India World Cup win chesaadhu, nenu discrete maths fail avunu same day — mixed emotions bru",1
"ATM ki poina cash laedu, UPI try chesanu network ledhu — broke in every possible way genius bro",1
"Nithiin new movie announce ayindy, fans excited avunuu, nenu environmental science exam tension lo undii — different worlds",1
chapati chaala healthy option undie daily diet lo,0
"Vani chepindi notes share cheyyi ani, share chesanu",0
today morning lo Girish Bhimavaram ki Jupiter lo vellaadu,0
today morning lo Venu Adoni ki Ola lo vellaadu,0
government schemes challaa undhi students ki Adoni lo,0
"naa phone battery chala fast poothundi, relationships kanna faster wait what",1
roti health benefits challa undoo nutritional value tho,0
software jobs challa undhi Hindupur lo young graduates ki,0
"naa discrete maths notes challaa neat ga undie, exam ki neney chadduvukoledu — aesthetic > knowledge",1
"government content creator recruitment notification release avunuu, applications start avvunuu",0
"Sai Tej movie ticket 500 rs, popcorn 300 rs, hero entry scene — priceless, worth it",1
"Arjun chepdu project submit chesadhu ani, good annanu",0
"today engineering drawing lab session undy, experiment complete chesadhu",0
"Hardik Pandya out avvunuu, entire India silent avvunuu — national moment of grief",1
"okaa bite curd rice tinnanu, finish avnu entire plate — portion control failed broh",1
"reel lo easy recipe chesanu, nenu try chesanu, disaster avvunuu — videos lie broh",1
Guntur lo new metro line start avutundi next year ani announce avunu,0
"Naidu adugadu which DBMS book better ani, reference book suggest chesanu",0
"group project lo Naveen okaa slide chesadu, presentation day lo nenu explain chesanu — Naveen ekkada undy lmao",1
"naa ML class weekend lo undy, attend chesanu",0
"story post chesanu, Bhavana viewed chesaadhu, reply ledhu — seen without acknowledgement brooo",1
library resources properly use chesukovalani software engineering better understand avvadam ki,0
"Gandu cheppaadu Mehdipatnam ki vellaadani, nenu koodha veltanu annanu",0
"India lose avvunuu, everyone 'team selection problem' antaru — expert analysts everywhere peak comedy",1
"broh cheppadu 'battery saver mode lo undii' — nenu text chesanu, 3 hours tarvata reply vasindi",1
"crush same DBMS class lo undii, nenu rojuu attend chesanu — subject ledhu bro attendance reason different",1
"India batting collapse avunuu, nenu maths notes rasanu — parallel disasters brow",1
"Vijay cheppadu results night lo vasthay ani, wait chesamu",0
"Varun Tej new movie announce aayindi, fans excited avvunuu, nenu physics exam tension lo undie — different worlds",1
upma preparation method different ga undie different regions lo,0
"online exam lo Ravi tab switch chesaadu, 'suspicious activity' alert vasindi — edu bro just water taaganiki vellanu",1
"Bhai Usha ki gifts icchaadu, Usha cheppiindi 'you are like my brother' — return policy ledu bro",1
"restaurant lo menu photos chaalaa undii, actual plate small avnu — food photography crimes bru",1
"Balayya new movie announce aayindi, fans excited avvunuu, nenu maths exam tension lo undhi — different worlds",1
"Chitti adugadu which networks book better ani, reference book suggest chesanu",0
"'gym join chestanu' ani January 1 ki fee kattanu, January 5 ki forget avunu — annual tradition",1
government schemes chaalaa undi students ki Ongole lo,0
naa statistics marks chusaka okaa nimisham silent ga undi — grief kaduu pure shock broh,1
software jobs chaallu undi Warangal lo young graduates ki,0
"appraisal lo 'exceeds expectations' annadu boss, hike 3% vasindi — expectations lo gap broo",1
"naaku biryani challa ishtam, ammaaa chesadhu, vere biryani chesadhu — betrayal",1
"Arjun ground ki late vasthe professor 'reason?' adugadu, 'ammgaru chesindi late' annadu — universal excuse",1
"Chintu adugadu which ML book better ani, reference book suggest chesanu",0
communication clearly cheyydam professional CA ki essential skill undhi,0
"Lokesh chepadu project submit chesaadu ani, good annanu",0
"code review lo Bunny cheppadu 'this can be optimized' — nenu rasanu, nenu embarrassed avvunuu",1
"government engineer recruitment notification release avnu, applications start avvunu",0
crush chepindi 'we are just friends' ani — engineering drawing fail kanna painful avunuu bru,1
"live score check chesanu exam hall lo, invigilator chusadu — multi tasking bru",1
"Babai cheppadu results holiday lo vasthay ani, wait chesamu",0
"nannagaru bike ki petrol ledu, naaku pocket money ledu, iddaru okka team kadaa",1
Kukatpally lo transport options improve avvunuu metro tho,0
"nenu pulihora tinnanu, challaa undie anukuntaa",0
"Santosh cheppadu Adoni ki vellaadani, nenu koodaa veltanu annanu",0
engineering drawing nerchukovadam career ki important undie anukunde,0
"nenu Vijay ki environmental science concept explain chesanu, understood annadu",0
software jobs challaa undi LB Nagar lo young graduates ki,0
Chiranjeevi interview lo 'fans my strength' annadu — fans hearing this: power up avvunuu,1
work from home easy ante — Ravi ammgaru background lo egg rice chesthu meeting lo,1
naa DSA marks chusaka okkka nimisham silent ga undy — grief kadu pure shock brooo,1
statistics okaa important branch undoo computer science lo,0
English basics strong avunuu anti advanced concepts easy avnu,0
"new flyover Kadapa lo ready avnu next month, traffic ease avvunuu anukunde",0
"KL Rahul century chesadu, office lo kuda celebration — productivity zero officially",1
Sai Tenali lo youtuber ga work chestunnadu currently,0
professor ki necessary certifications obtain cheyyadam career growth ki helpful,0
"Sharwanand movie review: 'logic ledhu' — fans: 'logic antey em brooo, emotion chuso'",1
DBMS basics strong avvunuu anti advanced concepts easy avnu,0
"Rajahmundry climate challaa hot summers lo, monsoon better ga undi",0
"engineering colleges challa undie Telangana lo, competition kudaa chala",0
group study sometimes helpful avvunuu anukuntaa complex subjects ki,0
Sunday night 11 PM ki Monday prepare avvadam start chesanu — classic procrastination broo,1
"nanaaa WhatsApp lo 'good morning' message forward chesadu, nenu reply ledhu chesanu — generational gap",1
Bunny today OS assignment submit chesadhu on time,0
"Rajesh adugadu which microprocessors book better ani, reference book suggest chesanu",0
"Teja cooking first time chesadu, roti chesanu, ammaaa feedback: 'next time edu chesuku' — harsh review",1
"retrospective lo 'what went wrong' adugutunnaru, everything bru — honest answer give ledu",1
"reels chusanu '5 mins' ani, 2 hours poindi — time travel brooo only downward",1
economics interesting subject undy naa opinion lo,0
"morning egg rice breakfast ki chesamu, ammaaa chesaadhu today",0
Tenali lo transport options improve avunuu metro tho,0
"nannagaru cheppadu 'MP avvali' ani, nenu cheppanu 'try chestunna' ani — 4 years same conversation bru",1
"interview ki 'punctual ga veltanu' annanu, 10 mins late avunu — traffic blame chesanu obviously xd",1
"ammaaa cheppiindi 'doctor avutav' ani, naa marks chusaka 'compounder avnu kaadaa' ani update chesadu",1
"Tejaswi chepindi notes share cheyyi ani, share chesanu",0
"Nitesh cheppadu project submit chesadu ani, good annanu",0
"crush same software engineering class lo undy, nenu rojuu attend chesanu — subject ledhu bro attendance reason different",1
nenu Bunny tho Tirupati meet avunu ani plan chesaadu,0
Deepak new cab kinukkunnadu last month Kurnool lo,0
"Dinesh cooking first time chesaadhu, rasam chesanu, ammaa feedback: 'next time edu chesuku' — harsh review",1
DSA interesting subject undii naa opinion lo,0
"Lakshmi cheppindi library books return date vasindi ani, return chesanu",0
"new flyover Hyderabad lo ready avvunuu next month, traffic ease avvunuu anukunde",0
Babai library lo discrete maths chadduvutunnadu evening daka,0
physics basics strong avvunuu antey advanced concepts easy avunuu,0
compilers research field chaala active undhi currently globally,0
Tadipatri lo water supply schedule change avvunu maintenance ki,0
"Hardik Pandya form bad undie, drop cheyyi antaa, fans: 'he is legend' — unconditional support",1
"mess sambar bad undi, outside sambar expensive undy, amma sambar perfect undie — home truth",1
"parotta healthy ani chaddivanu, oil lo fry chesanu — healthy intent unhealthy execution brooo",1
"naa economics notes challaa neat ga undhi, exam ki neney chadduvukoledu — aesthetic > knowledge",1
"new hospital Vijayawada lo open avutundi next month, facilities challaa undoo",0
"movie lo villain challa smart undii, hero okkka scene lo defeat chesadu — audience: wait what",1
today evening lo Nitesh Madhapur ki cycle lo vellaadu,0
"government engineer recruitment notification release avnu, applications start avunuu",0
"Sravani cheppindi tomorrow test undy management lo ani, prepare avunu",0
"appraisal lo 'exceeds expectations' annadu boss, hike 3% vasindi — expectations lo gap brooo",1
"Munna adugadu which algorithms book better ani, reference book suggest chesanu",0
"performance review lo self assessment rasanu, manager overwrite chesadhu — useless exercise brooo",1
"Swathi cheppindi exam postpone avvunuu ani, relief avvunuu",0
Machilipatnam lo weather chaalaa hot ga undy summers lo generally,0
software jobs challa undoo Eluru lo young graduates ki,0
"morning roti breakfast ki chesamu, ammaaa chesadu today",0
"cousin vasadu, naa room occupy chesadu, nenu hall lo — guest rights > family rights broh",1
"Rohit Instagram bio lo 'entrepreneur' pettadu, venture laedu — aspirational lying brooo",1
"restaurant bill challaa undoo, split chesamu, nenu extra chesanu — mathematics of friendship broh",1
"Pawan Kalyan okkka punch lo 10 mandi ni leduu chesdu, nenu okka DBMS paper clear cheyyalekapoyanu",1
Harish today environmental science assignment submit chesaadu on time,0
Babai Rajahmundry lo collector ga work chestunnadu currently,0
"bus timings change avunu Guntur lo recently, new schedule vasindi",0
government schemes chaallu undhi students ki Tadipatri lo,0
"naa canteen lo algorithms class cancel ayindhi, but attendance portal lo present show avvunuu — glitch in the matrix",1
Rahul hostel lo AI class attend chesaadhu morning lo,0
"India last over lo 20 kavali, Kiran prayer start chesadu — sudden devotion broo",1
time management important skill undii students ki anukunde,0
"Suma cheppiindi tomorrow test undie environmental science lo ani, prepare avnu",0
"naaku halwa chaallu ishtam, ammgaru chesdu, vere halwa chesaadhu — betrayal",1
"new hospital Guntur lo open avutundi next month, facilities chala undoo",0
"nenu management notes prepare chesanu exam ki, chaallu undy material",0
"Rahul Mounika ki paneer treat ichadu, Mounika friend kooda vasindi, friend ki kuda treat ichadu — poverty begins",1
healthy ga undadam ki egg rice tho balanced diet maintain avvunuu,0
"Ramesh laundry okkka month chesadu, room lo mountain avunuu — Himalayas size broh",1
"naa wifi challaa fast undoo — speed test lo matrame, actual lo ledu broo",1
"Mohan cheppadu today class undhi ani, nenu attend chesanu",0
"reel lo easy recipe chesanu, nenu try chesanu, disaster avunuu — videos lie brooo",1
"match undoo ani amma ki cheppaadu, 'edu study cheyyi' annadi — different priorities",1
"Instagram lo life chaallu undy, real lo meet avvunu — filter world different broh",1
regular exercise chaallu important undoo long term health ki,0
"Telugu language chala old language undoo, rich literature undi",0
"Chintu cheppadu tomorrow Vijayawada lo program undhi ani, attend chestava adugadu",0
"Sai cheppadu tomorrow Tadipatri lo program undy ani, attend chestava adugadu",0
"last ball lo 6 kavali, Abhi TV off chesaadu — cannot witness the end brooo",1
architect avvadam chala kaashtam kani worth it undii anukuntaa,0
"summer lo Eluru lo power cut — fan edu, AC ledoo, life ledhu brooo",1
"stadium ki ticket kattanu, match rain avvunu — Rs 2000 rain experience brow",1
"Guntur lo different areas undy, each area different culture undie",0
naa friend Adivi Sesh dialogue morning ki evening daka repeat chesaadu — method acting leduu just annoying,1
"India batting collapse avvunu, nenu algorithms notes rasanu — parallel disasters bro",1
"villain 1000 cr spend chesaadu plan ki, hero okkaa punch lo finish — ROI zero bru",1
"IPL season lo environmental science study laedu, exam results reflect avunu — cricket education brooo",1
"KL Rahul out avunu, entire India silent avunuu — national moment of grief",1
"morning lemon rice breakfast ki chesamu, amma chesaadhu today",0
"government MP recruitment notification release avnu, applications start avvunuu",0
Ram Charan interview lo 'fans my strength' annadu — fans hearing this: power up avunuu,1
"Tenali lo new IT park build avutundi, jobs increase avvunu anukuntaa",0
"nenu garelu tinnanu, chaallu undi anukuntaa",0
"Anu story pettindi, nenu first viewer avunuu — stalker edu bro just coincidence",1
"Vijay cheppadu today class undoo ani, nenu attend chesanu",0
"Naveen deadline miss chesaadhu, 'estimation ga chesanu' annadu — estimation = guess confirmed broo",1
"India match undie, chemistry exam kuda undy, nenu match chesanu — priorities clear brooo",1
government schemes chala undi students ki Kukatpally lo,0
"new hospital Eluru lo open avutundi next month, facilities challaa undy",0
"nenu attu tinnanu, chaalaa undii anukunta",0
Dilsukhnagar lo transport options improve avvunu metro tho,0
Gopi Vizag lo relatives ni chusaadaniki chesadu weekend lo,0
"nenu Bhavana tho AI group study chesdu, helpful avunu",0
"nenu curd rice tho dinner chesamu family tho, chala undoo",0
maths okka important branch undi computer science lo,0
"team outing undii, Mohan leave chesadu — anti-social professional broo",1
"Bindu story pettindi, nenu first viewer avvunu — stalker ledhu bro just coincidence rip",1
"government architect recruitment notification release avvunu, applications start avvunuu",0
"Venky Anu kosam networks study chesadu, Anu different section lo undy — wasted effort",1
"morning mirchi bajji breakfast ki chesamu, ammaaa chesaadu today",0
"ATM ki poina cash edu, UPI try chesanu network leduu — broke in every possible way",1
Vizag challa develop avutundi last few years lo,0
"nanaaa cheppadu 'content creator avvali' ani, nenu cheppanu 'try chestunna' ani — 4 years same conversation bru",1
"Zara cheppindhi tomorrow test undoo statistics lo ani, prepare avvunu",0
"team outing undy, Girish leave chesadu — anti-social professional bro",1
"online exam lo Dinesh tab switch chesdu, 'suspicious activity' alert vasindi — laedu bro just water taaganiki vellanu",1
"'gym join chestanu' ani January 1 ki fee kattanu, January 5 ki forget avunuu — annual tradition",1
"YouTube lo okkaa video chusanu, 3 hours tarvata oka click lo — algorithm trap bro",1
"ammaa pappu chesdu, nenu 'chaala undie' annanu — ledu, pure diplomacy broh",1
"movie lo hero oka song lo 5 countries lo dance chesaadu, nenu oka Mehdipatnam bus stop daataledu",1
"interview ki 'punctual ga veltanu' annanu, 10 mins late avvunuu — traffic blame chesanu obviously bro what",1
"team celebration avnu, cake undhi, Naveen dietary restriction undie — cake still eaten brooo",1
"Amazon Prime lo pappu 50% off undoo, order chesanu, delivery charge 100 rs — discount illusion broo",1
"state lo rainfall chaala undoo this monsoon season, reservoirs full avunuu",0
"mail ki 'as per my last mail' chesadhu, war started avunuu — corporate battlefield brow",1
"peddamma cheppindi 'Anu ni chuso doctor avvunuu' ani, Anu ki MBBS ledhu — inspiration from fiction",1
"bus timings change avnu LB Nagar lo recently, new schedule vasindi",0
"crush same DBMS class lo undoo, nenu rojuu attend chesanu — subject leduu bro attendance reason different",1
Chirala chaala develop avutundi last few years lo,0
"team outing undoo, Bhai leave chesadu — anti-social professional brow",1
"Lucky cheppaadu Kurnool ki vellaadani, nenu koodaa veltanu annanu",0
government new scholarship scheme announce chesadu engineering students ki,0
Sunil computer lab lo management class attend chesdu morning lo,0
"Narasaraopet climate chaalaa hot summers lo, monsoon better ga undy",0
"India win avunu, Mani bike lo celebrate chesadu — okka run ki overreact avvunuu brow",1
bike maintain cheyyadaniki regular service okaa month ki okaa sari chesukovalani,0
TOC prepare avvadam ki daily consistent practice important undii,0
microprocessors interesting subject undhi naa opinion lo,0
"engineering colleges chaallu undoo Telangana lo, competition koodha challaa",0
"new hospital LB Nagar lo open avutundi next month, facilities chaallu undie",0
"movie lo Allu Arjun tho fight scene, 50 mandi ni okka hand tho — physics take a vacation bru",1
"placement cell lo HR adugadu 'where do you see yourself in 5 years', Naidu 'sleeping' annadu — honest answer bruh",1
"LB Nagar lo different areas undie, each area different culture undie",0
"night lo Arjun snore chesadu, nenu headphones pettanu, battery leduu, suffering begin avunuu",1
algorithms prepare avvadam ki daily consistent practice important undy,0
"Anantapur chaallu big city undy, population chaala undhi currently",0
"IPL season lo networks study ledu, exam results reflect avvunu — cricket education broh",1
statistics concepts chaalaa important undy software engineering ki,0
"Twitter lo argument chesaadhu Varun, 200 replies vasindi, everyone against — ratio avvunuu broh",1
"India last over lo 20 kavali, Ganesh prayer start chesaadhu — sudden devotion bro",1
"bug report vasindi, nenu 'not able to reproduce' chesdu — classic response brooo",1
"Rakesh viva lo professor adugadu 'explain maths', Rakesh cheppadu 'sir nenu DBMS chesanu' — wrong subject attended",1
"barber ki 'thoda trim' annanu — half head gone, lost in translation bru",1
chelli adugutundi 'nuvvuu ekada vellav?' nenu: exam. chelli: pass avutava? — motivating broo,1
"Swathi chepindhi exam postpone avvunuu ani, relief avunu",0
"water filter ledu, bottle water kinukkunnamu — monthly chicken curry budget lo cut avutundi broh",1
"Kamal adugadu ekkada undi nuvvu ani, Vizag lo undie cheppanu",0
"traffic lo Adoni lo oka hour stuck, GPS '2 mins away' antu undii — GPS lying bru",1
"hostel wifi password change avunuu, warden ki request chesaadu, 'study cheyyi' annadu — classic block",1
"naa discrete maths record okkaa page kooda rayaledu, submission day lo Vikram xerox shop lo undii finished bro",1
government 'smart city' antee Eluru lo metro ki roads ledoo — very smart planning bru,1
"mess food chaallu bad undhi, complain chesamu, next day kooda same — feedback loop edu",1
"Rahul reading room lo attendance ledu broh, but ammaa tho 'daily velthunna' antadu — technically leduu kadhaa",1
"morning rasgulla breakfast ki chesamu, ammaaa chesadu today",0
"Ram Charan dialogue Sai mess lo use chesaadu, professor appreciate chesdu — cinema education works",1
"amma cooking chesthu undhi, nenu help cheyyadam try chesanu — 'nuwu poni chadduvuko' annadi",1
today holiday lo Venu Warangal ki Apache lo vellaadu,0
"naa TOC paper lo okka question kaaduu telivindi, kani confident ga avunu rasa — confidence bru not knowledge",1
Kurnool lo new metro line start avutundi next year ani announce avnu,0
"Pappu Madhavi tho first date ki Tirupati lo pappu tinnaru, bill split chesadu — modern love",1
"crush 'good morning' text pampindi — nenu environmental science exam forget chesadu, failed — worth it brooo",1
"nenu Sirisha ki wish chesanu exam ki, all the best annadi",0
"Ojaswi chepindi notes share cheyyi ani, share chesanu",0
"Naidu Nandini tho first date ki Hindupur lo chicken curry tinnaru, bill split chesdu — modern love",1
"nenu today Vijayawada ki Apache lo vellanu, chala time avnu",0
nenu Venky tho Kukatpally meet avvunuu ani plan chesadu,0
naa friend Allu Arjun dialogue morning ki evening daka repeat chesadu — method acting ledoo just annoying,1
"power cut ayindhi, phone dead, fan laedu, summer — Tadipatri punishment level heat gg",1
"NTR mass scene lo BGM chala loud undy, theater shake ayindhi, naa heart shake ayindy — same energy",1
"Vizag lo colleges chala undie, students everywhere undie anukunta",0
"ammaa phone lo data edu, naa phone lo data leduu, iddaru fight chesamu — poverty bonding bruh",1
"naa birthday ki okka wish ledoo, exam result ki challaa messages vasindi — wrong notifications brooo",1
ML nerchukovadam career ki important undii anukuntaa,0
"nenu biryani tho dinner chesamu family tho, chaallu undii",0
discrete maths concepts challaa important undi software engineering ki,0
"room mate broh early rise chesdu, alarm 5 AM ki, nenu 5 AM ki sleeping — different schedules bro",1
"Mehdipatnam lo colleges challaa undy, students everywhere undhi anukuntaa",0
"Mohan cheppadu tomorrow Machilipatnam lo program undie ani, attend chestava adugadu",0
"Chintu LinkedIn lo 'open to work' pettadu, recruiter laedu, relatives vasindi — wrong platform response",1
"hero bike stunt chesaadu, Pavan try chesaadhu — bike undy, Pavan hospital lo undhi seriously",1
"new startup Vijayawada lo start avvunuu, local data scientist opportunities create avnu",0
"nenu Naveen tho management doubts discuss chesanu, clear avvunu finally",0
gulab jamun chala healthy option undii daily diet lo,0
"Sharwanand new movie announce aayindi, fans excited avunuu, nenu linear algebra exam tension lo undy — different worlds",1
"Nani adugadu ekkada undy nuvvu ani, Kadapa lo undi cheppanu",0
"valentine's day ki Teja alone undie, pulihora order chesaadhu — self love era",1
government schemes chala undi students ki Secunderabad lo,0
"power cut avunuu Vizag lo, exam night lo — God timing perfect brow",1
nenu Venu tho Anantapur meet avvunuu ani plan chesaadu,0
resume lo relevant chemistry skills clearly mention cheyyadam important,0
Rakesh Hindupur lo relatives ni chusaadaniki chesdu weekend lo,0
"movie lo Vijay Deverakonda tho fight scene, 50 mandi ni okka hand tho — physics take a vacation bru",1
"mess chutney bad undy, outside chutney expensive undy, ammaa chutney perfect undie — home truth",1
"night lo Arjun snore chesaadu, nenu headphones pettanu, battery ledoo, suffering begin avvunu",1
"naa discrete maths notes chaallu neat ga undie, exam ki neney chadduvukoledu — aesthetic > knowledge",1
"last ball lo 6 kavali, Tarun TV off chesaadhu — cannot witness the end bro",1
English oka important branch undy computer science lo,0
Vijay back bench lo undoo kani first bencher kanna better marks — back lo wifi strong undoo kadha,1
"Telugu language challaa old language undie, rich literature undoo",0
internships chaala important undy final year students ki,0
practical knowledge challa important undii theoretical kanna anukuntunna,0
Mohan new Uber kinukkunnadu last month Tadipatri lo,0
"group chat lo message chesaadu, everyone read, no reply — ghost protocol activate avvunuu",1
"promotion vasindi — title change avnu, work increase avvunuu, salary same — congrats bru",1
government schemes challa undy students ki Bhimavaram lo,0
work from home easy antaa — Prasad amma background lo tamarind rice chesthu meeting lo,1
"naa discrete maths class dawn lo undie, attend chesanu",0
"Anil Radha ki 'hi' text chesaadhu, 3 days tarvata reply vasindi — chala busy schedule undi broo",1
"Varun Tej new movie announce ayindii, fans excited avvunu, nenu engineering drawing exam tension lo undii — different worlds",1
vada health benefits challaa undy nutritional value tho,0
linear algebra prepare avvadam ki daily consistent practice important undi,0
"restaurant lo menu photos chala undy, actual plate small avunu — food photography crimes brow",1
"tamarind rice traditional Vijayawada dish undoo, festivals lo prepare avvunu",0
practical knowledge challa important undii theoretical kanna anukunde,0
poori health benefits chala undhi nutritional value tho,0
"restaurant bill chala undoo, split chesamu, nenu extra chesanu — mathematics of friendship brooo",1
"Teja Instagram bio lo 'entrepreneur' pettadu, venture laedu — aspirational lying brooo",1
"hostel lo electricity bill split chesamu, AC room ki koodaa split avunuu — fair leduu broh",1
Rajahmundry lo infrastructure improve avnu last few years lo slowly,0
ML nerchukovadam career ki important undy anukunta,0
"midnight hunger avunuu, YouTube open chesanu, Adoni delivery ledu — location punishment broh",1
mental health koodaa physical health la important undii anukunta,0
"Vijay cheppdu project submit chesadu ani, good annanu",0
communication clearly cheyyadam professional teacher ki essential skill undie,0
"naa wifi chaala fast undii — speed test lo matrame, actual lo laedu broh",1
"Keerthi 'nuvvu change avvali' annadi, Mani hairstyle change chesdu — nenu try chesanu brow",1
"Ram Charan movie review: 'logic leduu' — fans: 'logic antaa em bro, emotion chuso'",1
"biryani healthy ani chaddivanu, oil lo fry chesanu — healthy intent unhealthy execution broh",1
"Abhi cheppdu project submit chesadu ani, good annanu",0
"KL Rahul century chesdu, office lo koodha celebration — productivity zero officially",1
"Sai Tej movie review: 'logic leduu' — fans: 'logic antaa em brow, emotion chuso'",1
"Prasad laundry oka month chesadu, room lo mountain avvunuu — Himalayas size brooo",1
"Lavanya chepindi exam postpone avvunu ani, relief avvunu",0
"Chitti cooking first time chesaadu, pappu chesanu, ammgaru feedback: 'next time laedu chesuku' — harsh review",1
Eluru lo weather chala hot ga undy summers lo generally,0
chemistry nerchukovadam career ki important undie anukuntaa,0
"India win avnu, Manoj bike lo celebrate chesadu — okka run ki overreact avvunuu bru",1
"night lo Bunny snore chesaadhu, nenu headphones pettanu, battery ledu, suffering begin avunu",1
"ammgaru hostel food check chesadhu, tiffin box tho vasindi — mom knows best brooo",1
"mess food chaala bad undoo, complain chesamu, next day koodha same — feedback loop ledhu",1
"Gandu Instagram bio lo 'entrepreneur' pettadu, venture ledu — aspirational lying broh",1
"team outing undy, Gopi leave chesadu — anti-social professional bru",1
"new hospital Hyderabad lo open avutundi next month, facilities chaala undii",0
"midnight hunger avnu, Paytm open chesanu, Kadapa delivery edu — location punishment brooo",1
"Bhai Facebook lo 'checking in' everywhere pettadu, ammaa ki location track avvunu — backfire brooo",1
"Chitti cheppadu tomorrow Bhimavaram lo program undii ani, attend chestava adugadu",0
"Madhavi chepindhi tomorrow test undi chemistry lo ani, prepare avvunuu",0
tamarind rice challa healthy option undii daily diet lo,0
"Rajahmundry lo okka seat dorikithe lucky ani anukuntaa, destination ki reach avunuu — always like this",1
"performance review lo self assessment rasanu, manager overwrite chesadhu — useless exercise brow",1
"nanna cheppadu 'collector avvali' ani, nenu cheppanu 'try chestunna' ani — 4 years same conversation broo",1
"new flyover Tenali lo ready avvunuu next month, traffic ease avunuu anukunta",0
government 'smart city' ante Tirupati lo Splendor ki roads edu — very smart planning bru,1
naa algorithms marks chusaka oka nimisham silent ga undi — grief kaduu pure shock brow,1
"night lo garelu crave avvunu, Netflix open chesanu, delivery ledu hostel ki — hunger unsatisfied brooo",1
"India lose avunuu, everyone 'team selection problem' antaru — expert analysts everywhere F",1
compilers prepare avvadam ki daily consistent practice important undy,0
"new flyover Narasaraopet lo ready avunu next month, traffic ease avvunu anukunde",0
"Deepika dp change chesaadu, Sai first like chesdu — notification ON obviously",1
"Sekhar adugadu which environmental science book better ani, reference book suggest chesanu",0
"online lo Chaitra profile photo chala undy, real lo meet avunu — filter technology peak level bro",1
"Vani chepindi tomorrow test undi engineering drawing lo ani, prepare avnu",0
management concepts chaala important undii software engineering ki,0
"rain start avvunu — naa umbrella room lo undhi, nenu Machilipatnam middle lo undhi 😂",1
"ammaa cooking chesthu undy, nenu help cheyyatam try chesanu — 'nuwu poni chadduvuko' annadi",1
"story post chesanu, Sravani viewed chesaadhu, reply ledhu — seen without acknowledgement broo",1
electricity rates change avutunnai Ongole lo this quarter,0
"Anil LinkedIn lo 'open to work' pettadu, recruiter laedu, relatives vasindi — wrong platform response",1
"nenu butter chicken tho dinner chesamu family tho, chala undy",0
Ongole challaa develop avutundi last few years lo,0
"new startup Narasaraopet lo start avnu, local accountant opportunities create avvunuu",0
Mahesh back bench lo undie kani first bencher kanna better marks — back lo wifi strong undi kadha,1
"Suma cheppindi tomorrow test undy physics lo ani, prepare avunu",0
"babai cheppadu 'Lokesh ni chuso chaala undii' — Lokesh fail avvunu broo, different level inspiration",1
"naa OS notes challa neat ga undy, exam ki neney chadduvukoledu — aesthetic > knowledge",1
"supermarket ki oka item ki poina, 10 items tho vasina — market psychology max level",1
"power cut aayindi, phone dead, fan laedu, summer — Tirupati punishment level heat",1
"YouTube lo okka video chusanu, 3 hours tarvata okkaa click lo — algorithm trap bru",1
Kukatpally lo transport options improve avunuu metro tho,0
"Munna cheppadu tomorrow Vizag lo program undhi ani, attend chestava adugadu",0
"Naveen cheppadu Narasaraopet ki vellaadani, nenu koodaa veltanu annanu",0
"new startup Nellore lo start avvunu, local lawyer opportunities create avunu",0
"power cut ayindii, phone dead, fan ledu, summer — LB Nagar punishment level heat",1
mental health kuda physical health la important undhi anukuntaa,0
"Ravi LinkedIn lo 'open to work' pettadu, recruiter leduu, relatives vasindi — wrong platform response",1
"naa life okaa hero laa start avunuu — but interval ledoo, climax ledu, budget laedu",1
"nenu today Madhapur ki Pleasure lo vellanu, chaala time avvunu",0
Eluru lo IT sector chala grow avutundi past decade lo,0
movie lo hero love failure tarvata okka song lo recover avunu — real life lo years kudaa ledoo,1
"okkaa bite dosa tinnanu, finish avunu entire plate — portion control failed brow",1
"bus timings change avunuu Machilipatnam lo recently, new schedule vasindi",0
"Vijay Deverakonda movie flop avnu, fans 'director problem' antaru — hero ekkudda fault ledoo bro",1
"Kukatpally lo different areas undi, each area different culture undhi",0
"nenu chicken curry tinnanu, chaalaa undi anukunta",0
Rohit today algorithms assignment submit chesaadhu on time,0
"state lo rainfall challaa undoo this monsoon season, reservoirs full avvunuu",0
"metro lo seat dorikithe lucky day ani anukuntunna, next stop lo empty avvunu — always like this",1
Tirupati lo water supply schedule change avvunuu maintenance ki,0
"Hema cheppindhi library books return date vasindi ani, return chesanu",0
"movie lo hero okka song lo 5 countries lo dance chesadhu, nenu oka Ongole bus stop daataledu",1
"Rajahmundry lo new IT park build avutundi, jobs increase avvunuu anukunde",0
"Anna bru data mining exam ki prepare ledu, result vasthe 'paper tough undoo' ani blame chesadhu",1
"naa phone update vasindi, install chesanu night lo",0
Narasaraopet lo water supply schedule change avunu maintenance ki,0
"Kukatpally challa big city undhi, population challaa undhi currently",0
Vijay back bench lo undii kani first bencher kanna better marks — back lo wifi strong undhi kada,1
Nani department lo chemistry class attend chesdu morning lo,0
Kadapa lo new metro line start avutundi next year ani announce avunu,0
Anantapur lo new college open avutundi engineering courses tho,0
ammaa: nuvuu ekkada unnav? nenu: library lo. amma: mee college lo library ekkadaa undhi roo?,1
work from home easy anti — Naveen ammaa background lo rasam chesthu meeting lo F,1
"new flyover Rajahmundry lo ready avvunuu next month, traffic ease avvunu anukuntaa",0
"Adivi Sesh dialogue Deepak mess lo use chesdu, professor appreciate chesdu — cinema education works",1
"Haritha cheppindi exam postpone avnu ani, relief avvunu",0
"Hindupur lo oka seat dorikithe lucky ani anukuntaa, destination ki reach avnu — always like this",1
"Nitesh room lo attu dabbala cook chesaadhu, entire floor smell aayindi — community notification",1
"chicken curry healthy ani chaddivanu, oil lo fry chesanu — healthy intent unhealthy execution brow",1
Rohit Kukatpally lo relatives ni chusaadaniki chesdu weekend lo,0
DBMS research field chaala active undi currently globally,0
"Manoj cheppadu today class undie ani, nenu attend chesanu",0
"Rohit laundry okkaa month chesadu, room lo mountain avunuu — Himalayas size brooo",1
"Dinesh Instagram bio lo 'entrepreneur' pettadu, venture laedu — aspirational lying broh",1
nenu Nani tho Nellore meet avvunuu ani plan chesadhu,0
"nenu Amazon Prime lo payment chesadu bill ki, easy ga undhi",0
"naa wifi chala fast undi — speed test lo matrame, actual lo ledoo broh",1
"night lo Babu snore chesdu, nenu headphones pettanu, battery ledu, suffering begin avnu",1
"Dilsukhnagar lo colleges challaa undoo, students everywhere undhi anukuntunna",0
electricity rates change avutunnai Proddatur lo this quarter,0
match tension lo vada leduu tinnanu — superstition eating broo,1
OS basics strong avvunuu ante advanced concepts easy avvunuu,0
"Mounika chepindi notes share cheyyi ani, share chesanu",0
"Kurnool lo colleges chaallu undhi, students everywhere undy anukuntunna",0
"nenu attu tho dinner chesamu family tho, challa undie",0
"hero bike stunt chesadu, Gandu try chesaadhu — bike undy, Gandu hospital lo undhi F",1
"naa wifi chaala fast undii — speed test lo matrame, actual lo ledu bru",1
"Deepika cheppindi exam postpone avvunu ani, relief avunuu",0
pesarattu challa healthy option undi daily diet lo,0
"naa DSA paper lo oka question kadu telivindi, kani confident ga avnu rasa — confidence bro not knowledge",1
DSA nerchukovadam career ki important undie anukuntunna,0
"Sravani chepindhi exam postpone avunuu ani, relief avunuu",0
Pavan Karimnagar lo relatives ni chusaadaniki chesdu weekend lo,0
teamwork skills develop avvunuu group projects tho anukuntaa,0
environmental science prepare avvadam ki daily consistent practice important undi,0
communication skills important undi any doctor ki,0
"nenu pulihora tho dinner chesamu family tho, challa undoo",0
ML interesting subject undii naa opinion lo,0
"nenu coconut rice tinnanu, challaa undy anukunta",0
"promotion vasindi — title change avunu, work increase avnu, salary same — congrats brow",1
government schemes chaalaa undii students ki Rajahmundry lo,0
"nenu Mani tho management doubts discuss chesanu, clear avvunu finally",0
"new flyover Proddatur lo ready avnu next month, traffic ease avunuu anukuntunna",0
"Munna Jyothi ki good morning text chesadu daily, read avvunu reply edu — read receipts cruelty",1
"Babu Deepika ki good morning text chesadu daily, read avvunuu reply ledu — read receipts cruelty",1
Sanjay cheppadu new Dunzo download chesanu try cheyyi ani,0
"naa CN professor challa fast bro, notes laedu, brain ledhu, future leduu fr fr",1
Bellamkonda interview lo 'fans my strength' annadu — fans hearing this: power up avunu,1
software engineer avvadam chaala kaashtam kani worth it undhi anukunta,0
"ex vasindi message 'how are you' ani, nenu statistics fail avutunna — great timing brow",1
"story post chesanu, Jyothi viewed chesadhu, reply ledu — seen without acknowledgement brooo",1
"to-do list rasanu, to-do list kuda to-do lo undhi — meta productivity bro",1
"Anna Hema tho first date ki Chirala lo sambar tinnaru, bill split chesdu — modern love",1
"Telugu language challaa old language undy, rich literature undoo",0
"Ongole chaallu big city undi, population challaa undie currently",0
"Bhaskar LinkedIn lo 'open to work' pettadu, recruiter leduu, relatives vasindi — wrong platform response",1
"Babu cheppadu today class undi ani, nenu attend chesanu",0
"parotta order chesanu, delivery boy chepadu '5 mins', 45 mins avunuu — elastic 5 mins bro",1
"diet chesaadhu, results ledhu, gulab jamun eat chesadu, results ledu — same outcome different happiness",1
Gachibowli lo infrastructure improve avvunu last few years lo slowly,0
"Vani adugundi canteen ekkadoo undie ani, direction cheppanu",0
"Vizag chala big city undoo, population chaalaa undii currently",0
"Abhi adugadu which compilers book better ani, reference book suggest chesanu",0
"Anil Lavanya kosam OOPS study chesadu, Lavanya different section lo undoo — wasted effort",1
"nenu gongura rice tinnanu, chala undoo anukunta",0
"Mani Haritha ki garelu treat ichadu, Haritha friend kuda vasindi, friend ki koodha treat ichadu — poverty begins",1
regular exercise chaalaa important undie long term health ki,0
"Nellore lo colleges challaa undie, students everywhere undii anukuntunna",0
"nenu Abhi ki OS concept explain chesanu, understood annadu",0
"attha illu vacchindi, ammaa cleaning started 6 AM — natural disaster alert",1
"retrospective lo 'what went wrong' adugutunnaru, everything broh — honest answer give edu",1
"Charan viva lo professor adugadu 'explain environmental science', Charan cheppadu 'sir nenu AI chesanu' — wrong subject attended 😂",1
"Bunny chepdu Kukatpally ki vellaadani, nenu kuda veltanu annanu",0
work from home easy anti — Venky ammaa background lo pulihora chesthu meeting lo,1
"group project lo Sunil okaa slide chesadu, presentation day lo nenu explain chesanu — Sunil ekkada undie",1
"Naidu LinkedIn lo 'open to work' pettadu, recruiter ledu, relatives vasindi — wrong platform response",1
"professor cheppadu 'attendance mandatory', Rahul proxy pettadu, professor ne proxy ichadu — full circle broh",1
"Bunny deadline miss chesaadhu, 'estimation ga chesanu' annadu — estimation = guess confirmed broh",1
reading habit challaa useful undii long term lo anukuntunna,0
Rajahmundry lo weather chala hot ga undi summers lo generally,0
"professor cheppadu 'attendance mandatory', Prasad proxy pettadu, professor ne proxy ichadu — full circle broo",1
"Tadipatri lo different areas undie, each area different culture undie",0
software engineering prepare avvadam ki daily consistent practice important undoo,0
"dosa traditional Tirupati dish undy, festivals lo prepare avvunu",0
"state lo rainfall chaalaa undie this monsoon season, reservoirs full avnu",0
"nenu Divya ki wish chesanu exam ki, all the best annadi",0
"ShareChat order cancel ayindi, money 7 days lo refund avunu ani cheppindi — 7 days lo naa hunger wait leduu",1
"meeting lo yawn chesanu, boss chusadu — yawn explain cheyyadam hardest thing broo",1
"ATM ki poina cash leduu, UPI try chesanu network leduu — broke in every possible way fr fr",1
"hostel room lo 4 people, okka charger, oka wifi — survival of the fittest",1
"restaurant lo menu photos challa undhi, actual plate small avvunuu — food photography crimes broo",1
communication clearly cheyyatam professional CA ki essential skill undoo,0
"cricket prediction chesanu, wrong avvunu, always — analyst career leduu broo",1
nannagaru smartphone istE WhatsApp lo naa result forward chesadu relatives ki — appreciated laedu brow,1
mental health kudaa physical health la important undy anukunta,0
"babai cheppadu 'Ramesh ni chuso chaallu undie' — Ramesh fail avnu brooo, different level inspiration",1
"nenu Pappu ki cheppanu today assignment undoo ani, thanks annadu",0
Nellore lo water supply schedule change avvunuu maintenance ki,0
Dinesh today discrete maths assignment submit chesaadhu on time,0
"naa algorithms record okkka page kooda rayaledu, submission day lo Ramu xerox shop lo undi bruh",1
Dilsukhnagar lo infrastructure improve avvunuu last few years lo slowly,0
Hyderabad lo water supply schedule change avvunu maintenance ki,0
"naa linear algebra class Monday lo undi, attend chesanu",0
"Anil Zara ki gifts icchaadu, Zara cheppindi 'you are like my brother' — return policy ledoo broh",1
Hyderabad lo IT sector chaala grow avutundi past decade lo,0
"naa life Chiranjeevi movie la undoo — interval ki twist, climax ki logic ledu bru",1
"Anu cheppiindi library books return date vasindi ani, return chesanu",0
"Dinesh college ki late vasthe professor 'reason?' adugadu, 'ammgaru chesindi late' annadu — universal excuse",1
"morning sambar breakfast ki chesamu, ammgaru chesaadhu today",0
"Dinesh cheppdu Nellore ki vellaadani, nenu kooda veltanu annanu",0
"Lucky cheppadu results morning lo vasthay ani, wait chesamu",0
"nenu Meesho lo payment chesadhu bill ki, easy ga undhi",0
statistics basics strong avvunuu anti advanced concepts easy avnu,0
"placement cell lo HR adugadu 'where do you see yourself in 5 years', Venky 'sleeping' annadu — honest answer",1
nanna smartphone istE WhatsApp lo naa result forward chesdu relatives ki — appreciated leduu broo,1
"naa engineering drawing professor challaa fast bru, notes ledhu, brain ledoo, future laedu",1
electricity rates change avutunnai Hyderabad lo this quarter,0
library resources properly use chesukovalani algorithms better understand avvadam ki,0
"babai cheppadu 'Anna ni chuso chaallu undi' — Anna fail avunu brooo, different level inspiration",1
"university exams schedule release avunu, students prepare avutunnaru",0
"propose chesanu, 'I think of you as a brother' annadi — ML result kanna worse shock bro",1
"nenu noodles tinnanu, chaallu undy anukuntaa",0
"today management lab session undoo, experiment complete chesdu",0
mental health kudaa physical health la important undhi anukunde,0
"Ravi adugadu ekkada undie nuvvu ani, Tenali lo undi cheppanu",0
"mess rasgulla bad undhi, outside rasgulla expensive undoo, amma rasgulla perfect undi — home truth",1
"pappu chesthu undi ammgaru, nenu taste chesanu, 'chaallu undoo' annanu — chef appreciation brooo",1
"India win avvunu, Bunny bike lo celebrate chesadu — okkaa run ki overreact avunu bru",1
"ex vasindi message 'how are you' ani, nenu AI fail avutunna — great timing bru",1
"naa post lo 100 likes vasindi, Rohit cheppaadu 'paid promotion avunuu' ani — jealousy speaks bro",1
"India World Cup win chesaadhu, nenu CN fail avnu same day — mixed emotions brow",1
naa friend Vijay Deverakonda dialogue morning ki evening daka repeat chesaadu — method acting edu just annoying,1
"Pappu cheppdu Chirala ki vellaadani, nenu kooda veltanu annanu",0
"Varun adugadu which statistics book better ani, reference book suggest chesanu",0
"Kurnool lo new IT park build avutundi, jobs increase avunuu anukuntunna",0
Nellore lo infrastructure improve avvunu last few years lo slowly,0
"story post chesanu, Kalyani viewed chesaadhu, reply ledhu — seen without acknowledgement brow",1
Kukatpally lo new metro line start avutundi next year ani announce avnu,0
"India World Cup win chesdu, nenu linear algebra fail avunuu same day — mixed emotions bru",1
"Anil laundry okaa month chesadu, room lo mountain avvunuu — Himalayas size bro",1
"nenu gongura rice tho dinner chesamu family tho, challa undoo",0
"nenu today Vizag ki Apache lo vellanu, chaallu time avvunuu",0
"nenu Surya ki cheppanu today assignment undoo ani, thanks annadu",0
government schemes chaala undhi students ki Kadapa lo,0
"meme post chesanu, 0 likes, friend post chesanu same meme, viral avvunu — timing is everything broh",1
"group chat lo message chesaadu, everyone read, no reply — ghost protocol activate avunu",1
Chirala lo infrastructure improve avvunuu last few years lo slowly,0
state budget lo education ki more funds allocate chesdu this year,0
today Sunday lo Pappu Madhapur ki truck lo vellaadu,0
practical knowledge chaalaa important undi theoretical kanna anukunta,0
"Swiggy lo garelu order chesanu '30 mins' antee — 2 hours lo vasindi, cold ga undii",1
"group project lo Sai oka slide chesadu, presentation day lo nenu explain chesanu — Sai ekkada undy",1
"Vijay DSA project last night chesadu, works on his laptop, ledoo lab lo — classic",1
"state lo rainfall challa undie this monsoon season, reservoirs full avnu",0
"Munna cheppadu results Sunday lo vasthay ani, wait chesamu",0
CN concepts chaallu important undie software engineering ki,0
algorithms interesting subject undy naa opinion lo,0
internships challa important undie final year students ki,0
"government businessman recruitment notification release avvunuu, applications start avvunu",0
"Deepak cheppdu Eluru ki vellaadani, nenu kudaa veltanu annanu",0
"Ishani cheppindhi tomorrow test undii physics lo ani, prepare avunuu",0
"Gandu Facebook lo 'checking in' everywhere pettadu, ammaa ki location track avvunuu — backfire brow",1
"naa auditorium lo TOC class cancel ayindy, but attendance portal lo present show avnu — glitch in the matrix",1
"queue lo oka hour stand chesanu, naa turn ki 'closed' board — universal suffering brooo",1
"government bank manager recruitment notification release avunu, applications start avvunu",0
"hostel gate closed avvunu, Harish wall jump chesadhu, security undhi — caught in 4K broh",1
"naa wifi chaala fast undy — speed test lo matrame, actual lo ledoo broh",1
"office lunch lo sambar undoo, nenu Hotstar order chesanu — mess food bypass broo",1
chelli adugutundi 'nuwu ekkadoo vellav?' nenu: exam. chelli: pass avutava? — motivating brooo,1
"hostel wifi password change avnu, warden ki request chesaadhu, 'study cheyyi' annadu — classic block",1
CN nerchukovadam career ki important undi anukuntaa,0
"hostel lo electricity bill split chesamu, AC room ki koodaa split avunu — fair laedu bro",1
"morning gulab jamun breakfast ki chesamu, ammaaa chesadhu today",0
"nenu Naidu tho DBMS doubts discuss chesanu, clear avvunuu finally",0
"new joiner vasadu, nenu senior ani feel avunuu, nenu kuda confused undie — leading the lost bru",1
"nenu Surya ki cheppanu today assignment undii ani, thanks annadu",0
"Bhavana chepindhi library books return date vasindi ani, return chesanu",0
"queue lo okka hour stand chesanu, naa turn ki 'closed' board — universal suffering brow",1
online learning convenient ga undie anukunta most students ki,0
"nenu Priya tho CN group study chesadu, helpful avunu",0
environmental science interesting subject undie naa opinion lo,0
Vikram library lo physics chadduvutunnadu evening daka,0
"naa ML notes chaallu neat ga undii, exam ki neney chadduvukoledu — aesthetic > knowledge",1
internships chaalaa important undy final year students ki,0
"nenu Chaitra ki wish chesanu exam ki, all the best annadi",0
"Suresh cheppdu Tenali ki vellaadani, nenu koodha veltanu annanu",0
"Ganesh cheppadu Karimnagar ki vellaadani, nenu kooda veltanu annanu",0
nenu Mohan tho Madhapur meet avunuu ani plan chesaadu,0
"naa OS record okka page kooda rayaledu, submission day lo Ravi xerox shop lo undii genius bro",1
"naa management professor chaalaa fast bro, notes edu, brain laedu, future ledu classic",1
"naa ML valla economics miss ayindii, economics valla ML miss ayindhi — perfect planning",1
"new hospital Kukatpally lo open avutundi next month, facilities chaallu undoo",0
"Guntur climate chaallu hot summers lo, monsoon better ga undhi",0
"engineering colleges chaala undy Telangana lo, competition kooda chala",0
"nenu Babu ki statistics concept explain chesanu, understood annadu",0
"thammudu naa charger teesukuntunnadu, nenu teesukuntunna — family sharing plan seriously",1
lawyer avvadam chala kaashtam kani worth it undy anukunta,0
bike maintain cheyyadaniki regular service okkka month ki okkaa sari chesukovalani,0
"commentary lo 'magnificent shot' antee, camera replay chesaadu, edge undoo — commentary lying broh",1
"engineering colleges chaala undy Telangana lo, competition koodha chaalaa",0
"roti traditional Adoni dish undie, festivals lo prepare avunuu",0
"amma hostel food check chesadu, tiffin box tho vasindi — mom knows best brooo",1
"nenu sambar tinnanu, chala undhi anukuntaa",0
"nannaa cheppadu 'businessman avvali' ani, nenu cheppanu 'try chestunna' ani — 4 years same conversation brooo",1
"India last over lo 20 kavali, Mahesh prayer start chesaadu — sudden devotion broo",1
exam lo Abhi pray chesdu 'God MCQ lo A avvani cheyyadham' — very specific prayer broo,1
"match undi ani ammgaru ki chepadu, 'ledu study cheyyi' annadi — different priorities",1
poori preparation method different ga undi different regions lo,0
match tension lo rasgulla leduu tinnanu — superstition eating brooo,1
pongal chaala healthy option undhi daily diet lo,0
family function lo uncle adugadu 'marks entha' ani — nannagaru topic change chesaadu immediately,1
nenu Ramesh tho Nellore meet avnu ani plan chesaadu,0
Babai chepadu new Instagram download chesanu try cheyyi ani,0
English research field chaallu active undoo currently globally,0
"hero bike stunt chesaadhu, Rohit try chesdu — bike undii, Rohit hospital lo undy seriously",1
exam lo Ajay pray chesaadhu 'God MCQ lo A avvani cheyyadam' — very specific prayer broo,1
"Arun algorithms project last night chesadu, works on his laptop, ledhu lab lo — classic",1
Guntur lo new metro line start avutundi next year ani announce avunuu,0
"Deepak cooking first time chesadu, poori chesanu, ammaa feedback: 'next time leduu chesuku' — harsh review",1
"midnight hunger avvunuu, Zomato open chesanu, Hindupur delivery laedu — location punishment broh",1
"nenu today Machilipatnam ki Pulsar lo vellanu, challa time avunuu",0
"Ishani 'nuvu change avvali' annadi, Tarun hairstyle change chesadhu — nenu try chesanu bru",1
"akka result vasindi, ammaaa sweets chesindi, naa result vasindi, ammgaru fasting chesindi — clear bias",1
"hero bike stunt chesadu, Rahul try chesaadu — bike undie, Rahul hospital lo undi legend",1
Kamal back bench lo undhi kani first bencher kanna better marks — back lo wifi strong undii kadaa,1
"amma 'oka designer ni chadi set avutav' antee, nenu still physics clear cheyyalekapotunna 😬",1
"naa ML professor challa fast brow, notes laedu, brain leduu, future laedu",1
"butter chicken healthy ani chaddivanu, oil lo fry chesanu — healthy intent unhealthy execution broh",1
parotta preparation method different ga undii different regions lo,0
statistics prepare avvadam ki daily consistent practice important undi,0
"Girish chepdu Secunderabad ki vellaadani, nenu kudaa veltanu annanu",0
"naa campus ki Pleasure lo daily velthunna, time avunuu challaa",0
"rain avvunuu match cancel avvunu, DLS method vasindi — nobody understands DLS brooo",1
"naaku rasam chaallu ishtam, amma chesdu, vere rasam chesadhu — betrayal",1
"office coffee machine broken avvunu, entire team productivity zero — dependency confirmed bro",1
"nenu Vikram tho compilers doubts discuss chesanu, clear avvunuu finally",0
"commentary lo 'magnificent shot' antaa, camera replay chesaadu, edge undoo — commentary lying broo",1
"crush same English class lo undoo, nenu rojuu attend chesanu — subject ledhu bro attendance reason different",1
"night lo vada eat chesanu, morning ki ammgaru ki telusindi — digestive system traitor bru",1
"Secunderabad lo new IT park build avutundi, jobs increase avunu anukuntaa",0
government 'smart city' antee Bhimavaram lo Jupiter ki roads ledoo — very smart planning brooo,1
"generator sound undy, power back avunu ani excited avvunuu, neighbour generator avvunuu — false hope bro",1
"propose chesanu, 'I think of you as a brother' annadi — DBMS result kanna worse shock bro",1
"state lo rainfall chala undii this monsoon season, reservoirs full avvunu",0
"power cut avunuu, phone charge ledoo, powerbank ledu — darkness in every way bro",1
Sunday night 11 PM ki Monday prepare avvadam start chesanu — classic procrastination brooo,1
"YouTube lo oka video chusanu, 3 hours tarvata okka click lo — algorithm trap bru",1
"to-do list rasanu, to-do list koodha to-do lo undhi — meta productivity bro",1
Babai chepadu new Amazon download chesanu try cheyyi ani,0
chemistry research field chaallu active undi currently globally,0
work from home easy antee — Teja ammaa background lo pongal chesthu meeting lo,1
Hyderabad lo IT sector chaallu grow avutundi past decade lo,0
software jobs challa undy Adoni lo young graduates ki,0
"nenu Farida ki cheppanu class time change avvunu ani, okay annadi",0
"Lucky LinkedIn lo 'open to work' pettadu, recruiter ledhu, relatives vasindi — wrong platform response",1
"Moj lo dal rice order chesanu, wrong item vasindi, hungry avvunuu tinna — hunger defeats ego",1
Machilipatnam lo real estate prices increase avunuu last year lo,0
"engineering colleges chaalaa undoo Telangana lo, competition kooda challa",0
"nenu Ojaswi ki wish chesanu exam ki, all the best annadi",0
"diet start chesanu — fried rice chusaka cancel avnu, health is wealth but food is life broo",1
"nenu Kalyani ki cheppanu class time change avunu ani, okay annadi",0
"government content creator recruitment notification release avvunuu, applications start avvunu",0
engineering chala popular course undii Andhra Pradesh lo,0
"amma cheppiindi 'doctor avutav' ani, naa marks chusaka 'compounder avunu kaadaa' ani update chesaadu",1
"gulab jamun chesthu undie ammaaa, nenu taste chesanu, 'chaala undhi' annanu — chef appreciation brooo",1
match tension lo pesarattu laedu tinnanu — superstition eating brooo,1
"Charan room lo pappu dabbala cook chesaadu, entire floor smell ayindii — community notification",1
"India batting collapse avvunu, nenu data mining notes rasanu — parallel disasters bro",1
Gandu library lo English chadduvutunnadu evening daka,0
"cousin vasadu, naa room occupy chesadhu, nenu hall lo — guest rights > family rights brooo",1
"Swathi cheppindhi library books return date vasindi ani, return chesanu",0
"Babai library lo attendance ledoo brow, but ammgaru tho 'daily velthunna' antadu — technically ledu kada",1
vada health benefits challa undie nutritional value tho,0
"naa maths paper lo okkaa question kaaduu telivindi, kani confident ga avunu rasa — confidence brow not knowledge",1
"government doctor recruitment notification release avunuu, applications start avvunu",0
naa friend Ram Charan dialogue morning ki evening daka repeat chesadhu — method acting ledoo just annoying,1
"Indu chepindhi exam postpone avunuu ani, relief avunu",0
"stadium ki ticket kattanu, match rain avvunuu — Rs 2000 rain experience bro",1
"Ajay cheppadu project submit chesdu ani, good annanu",0
"Kalyan Ram movie flop avunuu, fans 'director problem' antaru — hero ekkudda fault ledhu broo",1
designer avvadam challa kaashtam kani worth it undoo anukunta,0
"state lo rainfall chala undii this monsoon season, reservoirs full avunuu",0
"mess gongura rice bad undy, outside gongura rice expensive undoo, amma gongura rice perfect undie — home truth",1
maths research field chala active undii currently globally,0
"Chintu Ishani ki good morning text chesadu daily, read avvunu reply leduu — read receipts cruelty",1
"nenu Srinu tho TOC doubts discuss chesanu, clear avvunuu finally",0
Kadapa lo water supply schedule change avnu maintenance ki,0
"Sai Deepika tho first date ki Mehdipatnam lo rasam tinnaru, bill split chesaadu — modern love",1
"nenu Sai tho DSA doubts discuss chesanu, clear avunuu finally",0
"Yamini cheppiindi notes share cheyyi ani, share chesanu",0
Kukatpally chaallu develop avutundi last few years lo,0
"nenu rasgulla try chesanu first time, okay ga undii",0
"Telugu cinema industry chaallu big undoo, annual revenue chaallu undhi",0
regular exercise chaalaa important undii long term health ki,0
"chapati traditional LB Nagar dish undy, festivals lo prepare avvunu",0
"Venu adugadu which linear algebra book better ani, reference book suggest chesanu",0
Mohan new Ola kinukkunnadu last month Bhimavaram lo,0
government 'smart city' antaa Kurnool lo Uber ki roads leduu — very smart planning brow,1
MLA avvadam chaala kaashtam kani worth it undie anukuntaa,0
"today algorithms lab session undoo, experiment complete chesadhu",0
"warden room check chesaadhu, Nani room clean chesaadhu first time — inspection effect brooo",1
"attha illu vacchindi, ammgaru cleaning started 6 AM — natural disaster alert",1
Guntur lo new metro line start avutundi next year ani announce avvunu,0
"Nitesh cheppadu results dawn lo vasthay ani, wait chesamu",0
"Dinesh seminar hall ki late vasthe professor 'reason?' adugadu, 'ammaa chesindi late' annadu — universal excuse",1
pesarattu preparation method different ga undy different regions lo,0
auto wala 'meter laedu' anti 3x rate adugadu — Ongole special experience,1
"nenu Kiran ki cheppanu today assignment undii ani, thanks annadu",0
"naa campus ki cycle lo daily velthunna, time avunuu challaa",0
Tadipatri lo new metro line start avutundi next year ani announce avunuu,0
physics nerchukovadam career ki important undi anukunta,0
"nenu algorithms notes prepare chesanu exam ki, chaallu undoo material",0
"Jadeja out avunu, entire India silent avnu — national moment of grief",1
regular exercise challaa important undi long term health ki,0
rasam preparation method different ga undii different regions lo,0
library resources properly use chesukovalani networks better understand avvadam ki,0
"nenu Gayatri ki wish chesanu exam ki, all the best annadi",0
relationship status: discrete maths tho — at least it needs me broh bro what,1
"diet chesadu, results laedu, noodles eat chesaadu, results edu — same outcome different happiness",1
"nenu statistics notes prepare chesanu exam ki, chaala undy material",0
healthy ga undadam ki coconut rice tho balanced diet maintain avunu,0
"attha illu vacchindi, ammaa cleaning started 6 AM — natural disaster alert yikes",1
"Instagram lo life chala undy, real lo meet avunu — filter world different broo",1
"Naveen compilers project last night chesadu, works on his laptop, leduu lab lo — classic",1
"match undhi ani ammaaa ki chepdu, 'ledu study cheyyi' annadi — different priorities",1
"crush same OOPS class lo undoo, nenu rojuu attend chesanu — subject laedu bro attendance reason different",1
"thammudu naa charger teesukuntunnadu, nenu teesukuntunna — family sharing plan 😭😭",1
"movie lo hero okka song lo 5 countries lo dance chesadu, nenu okka Vizag bus stop daataledu",1
government 'smart city' anti Bhimavaram lo Pleasure ki roads ledu — very smart planning bru,1
"babai cheppadu 'Rajesh ni chuso chaalaa undy' — Rajesh fail avunuu broh, different level inspiration",1
"bus timings change avunuu Adoni lo recently, new schedule vasindi",0
Vijayawada lo oka new BYJU's office open avunu this month,0
"stadium ki ticket kattanu, match rain avunuu — Rs 2000 rain experience broo",1
Girish library lo TOC chadduvutunnadu evening daka,0
discrete maths okkaa important branch undoo computer science lo,0
"rain avvunu match cancel avnu, DLS method vasindi — nobody understands DLS bru",1
"nenu Deepak ki microprocessors concept explain chesanu, understood annadu",0
"water filter ledhu, bottle water kinukkunnamu — monthly dal rice budget lo cut avutundi brow",1
Manoj library lo chemistry chadduvutunnadu evening daka,0
water sufficient ga taagadam daily health ki essential undoo,0
"Bellamkonda movie review: 'logic ledoo' — fans: 'logic antee em brow, emotion chuso'",1
"India win avunuu, Teja bike lo celebrate chesadu — okaa run ki overreact avunu broo",1
"naa bus stop ki Splendor lo daily velthunna, time avvunu challaa",0
healthy ga undadam ki paneer tho balanced diet maintain avvunu,0
"hostel mess lo chapati undoo, canteen lo chapati undie, outside lo chapati undy — chapati universe broo",1
"Zara chepindhi library books return date vasindi ani, return chesanu",0
reading habit challa useful undii long term lo anukunde,0
"naa phone battery challa fast poothundi, relationships kanna faster",1
government schemes challa undhi students ki Kukatpally lo,0
"ammaa curd rice chesdu, nenu 'chaallu undy' annanu — edu, pure diplomacy bru",1
"generator sound undi, power back avunu ani excited avvunuu, neighbour generator avvunu — false hope broo",1
"engineering colleges challaa undhi Telangana lo, competition koodaa chaalaa",0
"Jadeja form bad undhi, drop cheyyi ante, fans: 'he is legend' — unconditional support",1
"nenu Kiran tho discrete maths doubts discuss chesanu, clear avunu finally",0
"promotion vasindi — title change avnu, work increase avvunu, salary same — congrats brooo",1
"Nani cheppadu results Sunday lo vasthay ani, wait chesamu",0
paneer chaalaa healthy option undoo daily diet lo,0
Machilipatnam lo weather chala hot ga undhi summers lo generally,0
idli preparation method different ga undi different regions lo,0
"nenu physics notes prepare chesanu exam ki, challaa undie material",0
"UPS undii ante power cut laedu kani, UPS battery laedu — backup of backup edu bru",1
"theater lo Mahesh Babu entry scene ki claps, interval ki claps, climax ki claps — nenu snacks ki claps ikr",1
"Munna adugadu ekkada undi nuvvu ani, Nellore lo undi cheppanu",0
"naa bus stop lo linear algebra class cancel ayindii, but attendance portal lo present show avvunuu — glitch in the matrix",1
"propose chesanu WhatsApp lo, Lakshmi blue tick chesaadu, reply ledu — left on read forever broh",1
"nenu lemon rice tho dinner chesamu family tho, chaala undi",0
physics okka important branch undie computer science lo,0
state lo new industrial area develop avvunu employment ki,0
"online meeting lo nenu mute avunu matladanu 5 mins — everyone heard, no one told bro",1
"Mani adugadu ekkada undy nuvvu ani, Karimnagar lo undie cheppanu",0
online learning convenient ga undoo anukuntaa most students ki,0
ML nerchukovadam career ki important undy anukunde,0
"India batting collapse avunu, nenu environmental science notes rasanu — parallel disasters brooo",1
"follow request pampanu, pending lo undie 6 months — neither yes nor no brooo",1
"Sekhar cheppadu today class undoo ani, nenu attend chesanu",0
"India last over lo 20 kavali, Santosh prayer start chesadhu — sudden devotion broh",1
"nenu pulihora tho dinner chesamu family tho, challaa undoo",0
"Telugu cinema industry chaallu big undy, annual revenue challa undie",0
"hostel wifi password change avunuu, warden ki request chesadhu, 'study cheyyi' annadu — classic block",1
"naa bus stop ki share auto lo daily velthunna, time avunu challa",0
bike maintain cheyyadaniki regular service okaa month ki okka sari chesukovalani,0
Rakesh today AI assignment submit chesdu on time,0
"Mahesh Babu movie lo villain challaa try chesaadu, hero ki okka scratch edu — plot armour S tier",1
"relatives adugutunnaru 'what are your plans' ani, nenu OOPS pass avvadam plan bru — small goals",1
"Kalyani cheppindhi notes share cheyyi ani, share chesanu",0
family function lo uncle adugadu 'marks entha' ani — nanna topic change chesdu immediately,1
"group project lo Chintu okka slide chesadu, presentation day lo nenu explain chesanu — Chintu ekkada undhi",1
roti chala healthy option undoo daily diet lo,0
Nellore lo oka new Meesho office open avnu this month,0
"nenu today Ongole ki cab lo vellanu, chaalaa time avnu",0
"Chintu Eswari kosam chemistry study chesadu, Eswari different section lo undii — wasted effort",1
"hostel curfew 10 PM, Varun 10:01 ki vasadu — warden face priceless broo",1
"Prasad laundry okkka month chesadu, room lo mountain avvunuu — Himalayas size broh",1
public transport use cheyyadam traffic reduce avunu pollution kooda taginchutundi,0
"follow request pampanu, pending lo undi 6 months — neither yes nor no broo",1
"upma healthy ani chaddivanu, oil lo fry chesanu — healthy intent unhealthy execution bro",1
"diet start chesanu — rasgulla chusaka cancel avunu, health is wealth but food is life broo",1
"today data mining lab session undy, experiment complete chesaadhu",0
"online lo Vani profile photo chaallu undhi, real lo meet avnu — filter technology peak level broh",1
communication skills important undi any MP ki,0
Eluru lo new metro line start avutundi next year ani announce avnu,0
"Venky LinkedIn lo 'open to work' pettadu, recruiter edu, relatives vasindi — wrong platform response",1
rasam health benefits challa undii nutritional value tho,0
"internals lo Suresh ki 9/30 vasthe 'grace marks' antadu, grace means 9 ye broh",1
"Ishani 'nuvvu change avvali' annadi, Ajay hairstyle change chesdu — nenu try chesanu bru",1
"Chintu Divya tho first date ki Tirupati lo jalebi tinnaru, bill split chesaadu — modern love",1
"Tarun cooking first time chesaadhu, rasam chesanu, amma feedback: 'next time ledhu chesuku' — harsh review",1
software jobs chaala undy Eluru lo young graduates ki,0
"Twitter lo argument chesaadhu Chitti, 200 replies vasindi, everyone against — ratio avvunuu bro",1
discrete maths interesting subject undhi naa opinion lo,0
"Zepto lo butter chicken order chesanu '30 mins' ante — 2 hours lo vasindi, cold ga undy",1
Tarun bus stop lo CN class attend chesaadhu morning lo,0
"Twitter lo argument chesdu Vijay, 200 replies vasindi, everyone against — ratio avunuu brooo",1
"Sai Tej movie review: 'logic ledu' — fans: 'logic antey em broh, emotion chuso'",1
"government MP recruitment notification release avvunu, applications start avvunuu",0
"tamarind rice healthy ani chaddivanu, oil lo fry chesanu — healthy intent unhealthy execution bro",1
"Mani Jasmine ki jalebi treat ichadu, Jasmine friend kooda vasindi, friend ki kuda treat ichadu — poverty begins",1
Eluru lo real estate prices increase avvunuu last year lo,0
Ongole lo infrastructure improve avunuu last few years lo slowly,0
"Hema chepindhi exam postpone avvunu ani, relief avvunu",0
"Ram Charan new movie announce ayindhi, fans excited avvunu, nenu data mining exam tension lo undy — different worlds",1
online learning convenient ga undii anukuntunna most students ki,0
Madhapur lo real estate prices increase avnu last year lo,0
"Anu story pettindi, nenu first viewer avunu — stalker laedu bro just coincidence 😂",1
statistics prepare avvadam ki daily consistent practice important undii,0
"naa reading room ki share auto lo daily velthunna, time avunuu challaa",0
"Vani chepindhi exam postpone avvunu ani, relief avvunu",0
"nenu rasgulla tho dinner chesamu family tho, chala undii",0
"Mehdipatnam chaallu big city undy, population chaalaa undhi currently",0
"Radha dp change chesaadhu, Venu first like chesdu — notification ON obviously",1
"brooo cheppadu 'battery saver mode lo undi' — nenu text chesanu, 3 hours tarvata reply vasindi",1
"professor cheppadu 'attendance mandatory', Rakesh proxy pettadu, professor ne proxy ichadu — full circle broo",1
"mess food challaa bad undy, complain chesamu, next day kuda same — feedback loop edu",1
"engineering colleges chala undie Telangana lo, competition kuda challa",0
"amma sambar chesdu, nenu 'chaalaa undii' annanu — ledhu, pure diplomacy broo",1
"gongura rice order chesanu, delivery boy cheppdu '5 mins', 45 mins avvunuu — elastic 5 mins bro",1
"Telugu language challa old language undy, rich literature undii",0
"cooking chesaadhu, taste check chesanu, taste check again — by end jalebi leduu brow",1
"Prasad mess ki late vasthe professor 'reason?' adugadu, 'amma chesindi late' annadu — universal excuse",1
Lucky today OS assignment submit chesdu on time,0
reading habit challaa useful undi long term lo anukunde,0
"Kadapa lo new IT park build avutundi, jobs increase avunuu anukunde",0
"nenu Amulya ki cheppanu class time change avvunu ani, okay annadi",0
communication clearly cheyyadam professional architect ki essential skill undi,0
"Telugu cinema industry chaalaa big undii, annual revenue chaala undi",0
pulihora health benefits chaalaa undhi nutritional value tho,0
"ammgaru cheppindi 'doctor avutav' ani, naa marks chusaka 'compounder avunu kaadaa' ani update chesaadu",1
"Vijay room lo idli dabbala cook chesadhu, entire floor smell ayindhi — community notification",1
"WhatsApp status pettanu motivational quote, nenu depressed undie — content and life different",1
Kamal cheppadu new YouTube download chesanu try cheyyi ani,0
"ammgaru 'oka doctor ni chadi set avutav' ante, nenu still CN clear cheyyalekapotunna",1
engineer ki necessary certifications obtain cheyyadam career growth ki helpful,0
idli challa healthy option undoo daily diet lo,0
garelu health benefits chaallu undy nutritional value tho,0
"midnight hunger avvunuu, YouTube open chesanu, Dilsukhnagar delivery ledoo — location punishment bru",1
"nenu WhatsApp lo payment chesaadu bill ki, easy ga undhi",0
"cooking chesdu, taste check chesanu, taste check again — by end jalebi leduu bro",1
software jobs chala undie Warangal lo young graduates ki,0
"Telugu language chaalaa old language undhi, rich literature undie",0
"sprint planning lo story points debate chesanu 2 hours, actual work 30 mins — agile philosophy brooo",1
healthy ga undadam ki noodles tho balanced diet maintain avunuu,0
engineering chaalaa popular course undii Andhra Pradesh lo,0
"standup lo 'yesterday same, today same' annanu — honest answer broo, fired avutana anukunde",1
"Charan cheppadu today class undii ani, nenu attend chesanu",0
"UPS undy ante power cut laedu kani, UPS battery laedu — backup of backup laedu bro",1
"story post chesanu, Sirisha viewed chesadhu, reply ledoo — seen without acknowledgement broo",1
Hindupur lo new metro line start avutundi next year ani announce avnu,0
"Allu Arjun movie flop avunuu, fans 'director problem' antaru — hero ekkudda fault ledu broh",1
"hostel lo electricity bill split chesamu, AC room ki kuda split avunuu — fair ledoo brow",1
"today engineering drawing lab session undy, experiment complete chesdu",0
group study sometimes helpful avunu anukuntunna complex subjects ki,0
"Bhimavaram challa big city undhi, population chaallu undie currently",0
Madhapur lo transport options improve avvunuu metro tho,0
Secunderabad chaallu develop avutundi last few years lo,0
Mehdipatnam lo new college open avutundi engineering courses tho,0
"nenu digital circuits notes prepare chesanu exam ki, challaa undy material",0
"group chat lo message chesadhu, everyone read, no reply — ghost protocol activate avunu",1
"follow request pampanu, pending lo undhi 6 months — neither yes nor no brow",1
healthy ga undadam ki halwa tho balanced diet maintain avnu,0
auto wala 'meter ledoo' antee 3x rate adugadu — Vijayawada special experience,1
"room mate brooo light 2 AM daka chestunnadu, exam ledhu, YouTube undy — dedication wrong place",1
"placement cell lo HR adugadu 'where do you see yourself in 5 years', Kamal 'sleeping' annadu — honest answer wait what",1
"Harish exam hall lo calculator teesukochadu, networks lo calculations edu — prepared for wrong subject",1
"today ML lab session undoo, experiment complete chesaadhu",0
"mess food challaa bad undie, complain chesamu, next day kuda same — feedback loop leduu",1
"nenu Sravani tho management group study chesadhu, helpful avunu",0
library resources properly use chesukovalani OS better understand avvadam ki,0
"cooking chesadu, taste check chesanu, taste check again — by end chapati laedu bro",1
"fantasy cricket lo Hardik Pandya select chesaadu, zero points vasindi — real game different bro",1
Mehdipatnam lo weather chaalaa hot ga undhi summers lo generally,0
"appraisal lo 'exceeds expectations' annadu boss, hike 3% vasindi — expectations lo gap bru",1
"professor cheppadu 'attendance mandatory', Charan proxy pettadu, professor ne proxy ichadu — full circle brooo",1
"Telugu language chaallu old language undie, rich literature undie",0
naa AI marks chusaka okkka nimisham silent ga undi — grief kaaduu pure shock brow,1
algorithms basics strong avvunuu ante advanced concepts easy avnu,0
"Suresh cheppadu tomorrow Guntur lo program undoo ani, attend chestava adugadu",0
"story post chesanu, Amulya viewed chesdu, reply laedu — seen without acknowledgement bru",1
"Yamini adugundi canteen ekada undii ani, direction cheppanu",0
"summer lo Mehdipatnam lo power cut — fan ledu, AC edu, life ledu bro",1
"Rajahmundry chala big city undie, population challaa undi currently",0
"morning punugulu breakfast ki chesamu, amma chesadhu today",0
"Mahesh Babu movie ticket 500 rs, popcorn 300 rs, hero entry scene — priceless, worth it",1
"naa life Varun Tej movie la undhi — interval ki twist, climax ki logic leduu bru",1
"Mehdipatnam lo okkka seat dorikithe lucky ani anukunde, destination ki reach avvunu — always like this",1
"nenu Charan ki economics concept explain chesanu, understood annadu",0
"last ball lo 6 kavali, Arun TV off chesadu — cannot witness the end bro",1
"nenu pongal tho dinner chesamu family tho, chaallu undhi",0
poori preparation method different ga undy different regions lo,0
CN nerchukovadam career ki important undoo anukuntunna,0
"Sharwanand dialogue Babai gate lo use chesdu, professor appreciate chesdu — cinema education works",1
digital circuits research field chaala active undie currently globally,0
"hostel inspection day lo room super clean avvunu, next day garbage again — temporary excellence",1
"haircut chesdu, photo edachu, 10 filters pettanu — still ledhu bru",1
"India World Cup win chesaadu, nenu TOC fail avnu same day — mixed emotions bro",1
"movie lo Ram Charan tho fight scene, 50 mandi ni okkka hand tho — physics take a vacation brow",1
"ammaaa cooking chesthu undii, nenu help cheyyatam try chesanu — 'nuvvuu poni chadduvuko' annadi",1
"Lokesh deadline miss chesaadhu, 'estimation ga chesanu' annadu — estimation = guess confirmed broo",1
"engineering colleges challaa undhi Telangana lo, competition koodaa challa",0
"Kalyani chepindi library books return date vasindi ani, return chesanu",0
"interview ki 'punctual ga veltanu' annanu, 10 mins late avvunu — traffic blame chesanu obviously 😂",1
"Rana movie review: 'logic ledoo' — fans: 'logic ante em brow, emotion chuso'",1
"naa life okkka hero laa start avvunuu — but interval ledhu, climax edu, budget laedu XD",1
"Twitter lo argument chesadu Naidu, 200 replies vasindi, everyone against — ratio avunu broh",1
"naa college ki tempo lo daily velthunna, time avvunu chaala",0
Sanjay library lo CN chadduvutunnadu evening daka,0
"Tarun adugadu which digital circuits book better ani, reference book suggest chesanu",0
regular exercise chala important undhi long term health ki,0
"fried rice traditional Rajahmundry dish undhi, festivals lo prepare avnu",0
"naaku egg rice challaa ishtam, amma chesdu, vere egg rice chesadhu — betrayal",1
engineering chala popular course undy Andhra Pradesh lo,0
Hyderabad lo real estate prices increase avvunuu last year lo,0
"hostel mess lo pesarattu undie, canteen lo pesarattu undoo, outside lo pesarattu undhi — pesarattu universe broo",1
"placement cell lo HR adugadu 'where do you see yourself in 5 years', Rakesh 'sleeping' annadu — honest answer F",1
"naa AI class afternoon lo undhi, attend chesanu",0
"Sai Tej okkaa punch lo 10 mandi ni ledu chesadu, nenu oka digital circuits paper clear cheyyalekapoyanu",1
"Rohit Sharma interview lo Telugu lo cheppaadu, nenu proud avvunu — cultural representation broo",1
"government software engineer recruitment notification release avunuu, applications start avnu",0
"meeting schedule avunuu, 'this could have been an email' — every time bru",1
"nenu Gandu tho digital circuits doubts discuss chesanu, clear avunuu finally",0
practical knowledge chaallu important undoo theoretical kanna anukuntunna,0
"naa algorithms class weekend lo undoo, attend chesanu",0
"nenu Santosh ki digital circuits concept explain chesanu, understood annadu",0
"state lo rainfall challaa undhi this monsoon season, reservoirs full avunuu",0
"group project lo Teja okaa slide chesadu, presentation day lo nenu explain chesanu — Teja ekkada undoo",1
"bus timings change avvunuu Kukatpally lo recently, new schedule vasindi",0
"cooking chesaadu, taste check chesanu, taste check again — by end noodles edu broh",1
"nanna 'maa time lo chaallu kashtapaddamu' ante, a time lo networks leduu bru — different struggle",1
Proddatur lo transport options improve avvunu metro tho,0
Vijayawada lo water supply schedule change avvunu maintenance ki,0
"naa campus ki Jupiter lo daily velthunna, time avvunu chaala",0
"Lucky cheppaadu project submit chesaadu ani, good annanu",0
Teja Warangal lo software engineer ga work chestunnadu currently,0
"nenu gulab jamun tinnanu, chaallu undy anukuntaa",0
"ammaa hostel food check chesadhu, tiffin box tho vasindi — mom knows best bru",1
teamwork skills develop avnu group projects tho anukuntunna,0
"Ravi deadline miss chesadhu, 'estimation ga chesanu' annadu — estimation = guess confirmed bro",1
Lavanya adugindi 'emaina special undyva nalo?' — nenu management notes rasaanu simultaneously,1
"power cut avnu, phone charge ledu, powerbank ledhu — darkness in every way bro",1
"naa life Rana movie la undi — interval ki twist, climax ki logic ledoo bru",1
"naa life Prabhas movie la undie — interval ki twist, climax ki logic ledu brow",1
"India batting collapse avunuu, nenu ML notes rasanu — parallel disasters brow",1
"amma punugulu chesaadu, nenu 'chaala undie' annanu — ledu, pure diplomacy broh",1
"nenu fried rice try chesanu first time, okay ga undy",0
"today AI lab session undii, experiment complete chesdu",0
"Girish broo statistics exam ki prepare leduu, result vasthe 'paper tough undoo' ani blame chesadhu",1
"placement cell lo HR adugadu 'where do you see yourself in 5 years', Girish 'sleeping' annadu — honest answer fr fr",1
"Telugu cinema industry challa big undhi, annual revenue chala undy",0
"nenu Hotstar lo payment chesadhu bill ki, easy ga undhi",0
"nenu chemistry notes prepare chesanu exam ki, chaallu undii material",0
"nenu Amazon lo payment chesaadu bill ki, easy ga undi",0
"Mani exam hall lo calculator teesukochadu, digital circuits lo calculations edu — prepared for wrong subject classic",1
"new flyover Secunderabad lo ready avvunu next month, traffic ease avnu anukunta",0
"Rajahmundry lo different areas undi, each area different culture undy",0
Hindupur lo water supply schedule change avvunu maintenance ki,0
"naaku lemon rice chala ishtam, ammaaa chesadhu, vere lemon rice chesaadu — betrayal",1
microprocessors prepare avvadam ki daily consistent practice important undoo,0
technology challa fast ga change avutundi every year,0
"today TOC lab session undy, experiment complete chesaadhu",0
"nenu chapati try chesanu first time, okay ga undi",0
"stadium ki ticket kattanu, match rain avunu — Rs 2000 rain experience bro",1
"Vikram bus stop ki late vasthe professor 'reason?' adugadu, 'ammaaa chesindi late' annadu — universal excuse",1
"Vani story pettindi, nenu first viewer avnu — stalker laedu bro just coincidence",1
"Dharani cheppindhi notes share cheyyi ani, share chesanu",0
ammgaru: nuwu ekkadaa unnav? nenu: library lo. ammaa: mee college lo library ekado undie ra?,1
Kadapa lo infrastructure improve avvunu last few years lo slowly,0
"Chintu laundry oka month chesadu, room lo mountain avunu — Himalayas size broh",1
nenu Rakesh tho Mehdipatnam meet avnu ani plan chesaadhu,0
library resources properly use chesukovalani CN better understand avvadam ki,0
"fantasy cricket lo KL Rahul select chesadu, zero points vasindi — real game different brooo",1
"rain avvunu match cancel avvunuu, DLS method vasindi — nobody understands DLS bro",1
"Chitti cheppadu tomorrow Tadipatri lo program undi ani, attend chestava adugadu",0
"Bellamkonda movie flop avnu, fans 'director problem' antaru — hero ekkudda fault leduu bru",1
Ramesh university lo TOC class attend chesaadu morning lo,0
AI prepare avvadam ki daily consistent practice important undy,0
Narasaraopet lo oka new Josh office open avnu this month,0
"hostel ki ammgaru vasindi, mess food chusaka tears vasindi — maternal emotion bro",1
"diet chesadu, results edu, parotta eat chesadu, results ledhu — same outcome different happiness",1
"bag pack chesanu trip ki, okkka thing forget chesaadu, charger — always the charger",1
"rain start avunu — naa umbrella room lo undie, nenu Rajahmundry middle lo undie no cap",1
"power cut avunu, phone charge laedu, powerbank ledhu — darkness in every way brooo",1
"nenu roti try chesanu first time, okay ga undhi",0
professor 'open book exam' antee Lucky library motham bag lo pettukochadu,1
"Srinu adugadu ekkada undhi nuvvu ani, Adoni lo undie cheppanu",0
"Vijay Deverakonda movie trailer chaalaa undhi ani 4 tickets kattanu, movie logic ledoo — trailer cheated broh",1
"relatives adugutunnaru 'what are your plans' ani, nenu algorithms pass avvadam plan bru — small goals",1
"naa gate ki Uber lo daily velthunna, time avvunuu chala",0
"code review lo Chitti cheppadu 'this can be optimized' — nenu rasanu, nenu embarrassed avnu",1
"Abhi English project last night chesadu, works on his laptop, ledoo lab lo — classic",1
"Twitter lo argument chesadu Dinesh, 200 replies vasindi, everyone against — ratio avvunuu broh",1
practical knowledge challa important undy theoretical kanna anukuntunna,0
"nenu today Mehdipatnam ki share auto lo vellanu, chaala time avvunu",0
"nenu Mahesh tho TOC doubts discuss chesanu, clear avunu finally",0
economics basics strong avvunuu anti advanced concepts easy avunu,0
"crush 'good morning' text pampindi — nenu chemistry exam forget chesaadhu, failed — worth it brow",1
resume lo relevant engineering drawing skills clearly mention cheyyadam important,0
"Vani cheppindi 'just be yourself' ani, nenu myself avunuu undi, works ledu bro — bad advice",1
"new flyover Gachibowli lo ready avunu next month, traffic ease avnu anukunde",0
"government politician recruitment notification release avnu, applications start avunu",0
communication clearly cheyyatam professional IAS officer ki essential skill undii,0
"chutney traditional Tirupati dish undie, festivals lo prepare avvunuu",0
"naa life Naga Chaitanya movie la undhi — interval ki twist, climax ki logic leduu bro",1
"morning dosa breakfast ki chesamu, amma chesaadhu today",0
reading habit chala useful undhi long term lo anukunta,0
match tension lo tomato rice edu tinnanu — superstition eating bro,1
"internals lo Mahesh ki 9/30 vasthe 'grace marks' antadu, grace means 9 ye brooo",1
"warden room check chesadhu, Nani room clean chesadu first time — inspection effect brow",1
auto wala 'meter edu' antaa 3x rate adugadu — Bhimavaram special experience,1
"Eswari chepindhi library books return date vasindi ani, return chesanu",0
Mahesh Kurnool lo relatives ni chusaadaniki chesaadu weekend lo,0
"Vizag lo different areas undhi, each area different culture undy",0
"naa chemistry class morning lo undy, attend chesanu",0
"Narasaraopet lo colleges chaala undhi, students everywhere undie anukunta",0
"nenu Mounika ki cheppanu class time change avunu ani, okay annadi",0
Tenali lo real estate prices increase avunuu last year lo,0
software engineering research field chaalaa active undoo currently globally,0
internet speed improve avnu rural areas lo new towers tho,0
communication clearly cheyydam professional accountant ki essential skill undoo,0
"nanaaa cheppadu 'IAS officer avvali' ani, nenu cheppanu 'try chestunna' ani — 4 years same conversation broo",1
"amma hostel food check chesaadu, tiffin box tho vasindi — mom knows best brow",1
Vijayawada lo transport options improve avvunuu metro tho,0
Eluru lo infrastructure improve avunuu last few years lo slowly,0
"nenu roti tinnanu, chaallu undoo anukuntunna",0
government 'smart city' anti Ongole lo Activa ki roads ledhu — very smart planning bro,1
"nenu roti try chesanu first time, okay ga undie",0
public transport use cheyyadam traffic reduce avunu pollution kuda taginchutundi,0
communication clearly cheyydam professional data scientist ki essential skill undie,0
nenu Lokesh tho Tirupati meet avunuu ani plan chesaadu,0
"Divya chepindi notes share cheyyi ani, share chesanu",0
"Girish cheppadu tomorrow Dilsukhnagar lo program undi ani, attend chestava adugadu",0
"propose chesanu, 'I think of you as a brother' annadi — algorithms result kanna worse shock broo",1
Raju library lo economics chadduvutunnadu evening daka,0
"nenu Naveen ki data mining concept explain chesanu, understood annadu",0
"nenu Rakesh ki cheppanu today assignment undy ani, thanks annadu",0
match tension lo pulihora ledoo tinnanu — superstition eating bru,1
"summer lo Dilsukhnagar lo power cut — fan laedu, AC ledoo, life edu brooo",1
"India last over lo 20 kavali, Venu prayer start chesadhu — sudden devotion brooo",1
internships chaallu important undie final year students ki,0
"Ganesh laundry okka month chesadu, room lo mountain avvunu — Himalayas size brooo",1
engineering chaala popular course undi Andhra Pradesh lo,0
"ATM ki poina cash ledhu, UPI try chesanu network ledoo — broke in every possible way",1
communication clearly cheyyadham professional bank manager ki essential skill undii,0
"meeting schedule avvunuu, 'this could have been an email' — every time bru",1
Vizag challaa develop avutundi last few years lo,0
"new hospital Tenali lo open avutundi next month, facilities chaala undoo",0
"Kukatpally lo new IT park build avutundi, jobs increase avunu anukuntaa",0
Mani cheppdu new Zepto download chesanu try cheyyi ani,0
"Vijay Deverakonda movie lo villain chala try chesaadu, hero ki okkka scratch ledhu — plot armour S tier",1
"crush same compilers class lo undi, nenu rojuu attend chesanu — subject ledhu bro attendance reason different",1
"work life balance undoo ani join chesadu, 10 PM mail vasindi — balance means different things bru",1
"bus timings change avunuu Warangal lo recently, new schedule vasindi",0
"nenu Munna tho algorithms doubts discuss chesanu, clear avunuu finally",0
Kadapa lo transport options improve avvunuu metro tho,0
"state lo rainfall chala undhi this monsoon season, reservoirs full avvunu",0
"Kurnool lo different areas undii, each area different culture undy",0
Bhaskar Vijayawada lo relatives ni chusaadaniki chesadu weekend lo,0
pulihora health benefits challaa undy nutritional value tho,0
"engineering colleges chaala undi Telangana lo, competition kuda chala",0
"online exam lo Naidu tab switch chesaadhu, 'suspicious activity' alert vasindi — laedu bro just water taaganiki vellanu",1
professor 'open book exam' antaa Nitesh library motham bag lo pettukochadu no cap,1
"Vijay auditorium lo attendance edu brooo, but ammgaru tho 'daily velthunna' antadu — technically laedu kadaa",1
pongal health benefits chala undhi nutritional value tho,0
"Gandu Facebook lo 'checking in' everywhere pettadu, amma ki location track avvunu — backfire bro",1
"new hospital Nellore lo open avutundi next month, facilities challaa undie",0
"3 months crush chesanu, Tejaswi chepindi 'I have a boyfriend' ani day 1 lo laedu — time waste certified",1
Vijay Deverakonda interview lo 'fans my strength' annadu — fans hearing this: power up avunu,1
"Manoj cheppaadu Hyderabad ki vellaadani, nenu kudaa veltanu annanu",0
"new flyover Bhimavaram lo ready avunu next month, traffic ease avvunuu anukuntaa",0
"Amazon lo punugulu 50% off undhi, order chesanu, delivery charge 100 rs — discount illusion broh",1
"Padma cheppindhi library books return date vasindi ani, return chesanu",0
"midnight hunger avunuu, YouTube open chesanu, Hyderabad delivery ledhu — location punishment broh",1
"bus timings change avunu Gachibowli lo recently, new schedule vasindi",0
engineering challa popular course undie Andhra Pradesh lo,0
"meeting lo yawn chesanu, boss chusadu — yawn explain cheyyatam hardest thing brow",1
Vikram today DSA assignment submit chesaadu on time,0
Tarun new Pleasure kinukkunnadu last month Kurnool lo,0
software jobs challaa undhi Tenali lo young graduates ki,0
"Nitesh Instagram bio lo 'entrepreneur' pettadu, venture laedu — aspirational lying bro",1
Tirupati lo water supply schedule change avvunu maintenance ki,0
parotta chala healthy option undoo daily diet lo,0
electricity rates change avutunnai Warangal lo this quarter,0
"cricket prediction chesanu, wrong avunu, always — analyst career laedu brooo",1
"Nandini adugundi canteen ekado undi ani, direction cheppanu",0
"nenu Zepto lo payment chesdu bill ki, easy ga undoo",0
"India match undi, discrete maths exam kooda undy, nenu match chesanu — priorities clear bro",1
"naa maths class afternoon lo undie, attend chesanu",0
healthy ga undadam ki rasam tho balanced diet maintain avvunuu,0
"mess pappu bad undoo, outside pappu expensive undoo, ammgaru pappu perfect undii — home truth",1
"bus timings change avvunu Vijayawada lo recently, new schedule vasindi",0
naa maths marks chusaka okkaa nimisham silent ga undi — grief kaadhu pure shock broh,1
"Girish Farida ki egg rice treat ichadu, Farida friend kuda vasindi, friend ki kudaa treat ichadu — poverty begins",1
"promotion vasindi — title change avvunuu, work increase avunuu, salary same — congrats broo",1
software jobs challaa undi Rajahmundry lo young graduates ki,0
"Bhai Suma ki curd rice treat ichadu, Suma friend kudaa vasindi, friend ki koodha treat ichadu — poverty begins",1
library resources properly use chesukovalani environmental science better understand avvadam ki,0
"ammaa phone lo data ledhu, naa phone lo data laedu, iddaru fight chesamu — poverty bonding 😭😭",1
"room mate bru early rise chesadhu, alarm 5 AM ki, nenu 5 AM ki sleeping — different schedules bro",1
practical knowledge chaallu important undy theoretical kanna anukuntunna,0
"new startup Secunderabad lo start avnu, local accountant opportunities create avvunuu",0
Kadapa lo infrastructure improve avnu last few years lo slowly,0
Dilsukhnagar lo real estate prices increase avunuu last year lo,0
"ex vasindi message 'how are you' ani, nenu management fail avutunna — great timing broo",1
crush cheppindi 'we are just friends' ani — CN fail kanna painful avunu broo,1
"reel lo easy recipe chesanu, nenu try chesanu, disaster avunu — videos lie broh",1
"naa software engineering record okka page kooda rayaledu, submission day lo Naveen xerox shop lo undhi",1
"summer lo Madhapur lo power cut — fan edu, AC ledu, life ledu brow",1
"Allu Arjun movie ticket 500 rs, popcorn 300 rs, hero entry scene — priceless, worth it",1
Arjun library lo engineering drawing chadduvutunnadu evening daka,0
"nenu vada tinnanu, chaala undy anukunta",0
"Telugu language chala old language undi, rich literature undii",0
healthy ga undadam ki fried rice tho balanced diet maintain avunu,0
"ATM ki poina cash ledu, UPI try chesanu network laedu — broke in every possible way F",1
"Eluru challa big city undii, population chala undoo currently",0
"nenu Rahul tho AI doubts discuss chesanu, clear avvunuu finally",0
"Balayya dialogue Kiran bus stop lo use chesadhu, professor appreciate chesadu — cinema education works",1
Deepak library lo ML chadduvutunnadu evening daka,0
"tamarind rice chesthu undi amma, nenu taste chesanu, 'challa undhi' annanu — chef appreciation bru",1
"nenu Naveen tho economics doubts discuss chesanu, clear avvunuu finally",0
"naa life okaa hero laa start avvunuu — but interval ledhu, climax laedu, budget laedu",1
"movie lo hero oka song lo 5 countries lo dance chesadhu, nenu okkaa Machilipatnam bus stop daataledu",1
"nenu today Kukatpally ki Jupiter lo vellanu, challaa time avunuu",0
"live score check chesanu exam hall lo, invigilator chusadu — multi tasking broo",1
English nerchukovadam career ki important undie anukunde,0
Karimnagar lo IT sector challaa grow avutundi past decade lo,0
"Babai cheppadu tomorrow Vijayawada lo program undy ani, attend chestava adugadu",0
Ravi Narasaraopet lo relatives ni chusaadaniki chesdu weekend lo,0
"Indu cheppindhi notes share cheyyi ani, share chesanu",0
"Surya cheppadu results morning lo vasthay ani, wait chesamu",0
"nenu chemistry notes prepare chesanu exam ki, chaala undi material",0
"nenu Madhavi tho management group study chesaadu, helpful avvunuu",0
"nenu Roposo lo payment chesadhu bill ki, easy ga undie",0
TOC research field challaa active undii currently globally,0
"new hospital Karimnagar lo open avutundi next month, facilities chaala undoo",0
Bunny cheppdu new YouTube download chesanu try cheyyi ani,0
"story post chesanu, Bindu viewed chesadu, reply ledoo — seen without acknowledgement brooo",1
Guntur lo infrastructure improve avvunuu last few years lo slowly,0
"theater lo Chiranjeevi entry scene ki claps, interval ki claps, climax ki claps — nenu snacks ki claps",1
"babai cheppadu 'Kamal ni chuso chaala undy' — Kamal fail avunu broh, different level inspiration",1
"Bellamkonda mass scene lo BGM challaa loud undy, theater shake ayindy, naa heart shake ayindy — same energy",1
"naa statistics paper lo oka question kaadhu telivindi, kani confident ga avunu rasa — confidence brow not knowledge",1
"Bumrah interview lo Telugu lo cheppadu, nenu proud avunuu — cultural representation broo",1
"state lo rainfall challaa undhi this monsoon season, reservoirs full avvunu",0
Arun today management assignment submit chesdu on time,0
"Ramu Facebook lo 'checking in' everywhere pettadu, ammgaru ki location track avvunu — backfire broo",1
university new courses announce chesadhu next academic year ki,0
"cousin vasadu, naa room occupy chesdu, nenu hall lo — guest rights > family rights broh",1
pongal preparation method different ga undie different regions lo,0
Nani back bench lo undy kani first bencher kanna better marks — back lo wifi strong undy kaadaa,1
"match undhi ani amma ki cheppaadu, 'ledoo study cheyyi' annadi — different priorities",1
"phone lo 1% battery, charger room lo, nenu hall lo — impossible distance broh",1
Lokesh LB Nagar lo relatives ni chusaadaniki chesadu weekend lo,0
"rain start avunu — naa umbrella room lo undy, nenu Vizag middle lo undie",1
"Manoj seminar hall lo attendance ledoo broh, but ammaa tho 'daily velthunna' antadu — technically ledu kada",1
"Bhai adugadu which linear algebra book better ani, reference book suggest chesanu",0
"team outing undie, Arjun leave chesadu — anti-social professional bru",1
"Chiranjeevi mass scene lo BGM chaallu loud undoo, theater shake ayindhi, naa heart shake ayindii — same energy",1
Pappu Hindupur lo relatives ni chusaadaniki chesadhu weekend lo,0
"Ravi deadline miss chesdu, 'estimation ga chesanu' annadu — estimation = guess confirmed bru",1
"nenu Divya tho AI group study chesdu, helpful avnu",0
"naa AI valla maths miss ayindi, maths valla AI miss ayindhi — perfect planning lol",1
"hostel wifi password change avunuu, warden ki request chesaadhu, 'study cheyyi' annadu — classic block",1
"professor cheppadu 'attendance mandatory', Naveen proxy pettadu, professor ne proxy ichadu — full circle brooo",1
"ammaaa chutney chesadu, nenu 'chala undie' annanu — ledoo, pure diplomacy brooo",1
lemon rice health benefits chaala undoo nutritional value tho,0
"nanna bike ki petrol edu, naaku pocket money ledhu, iddaru okkka team kada",1
internships chala important undhi final year students ki,0
Machilipatnam lo new college open avutundi engineering courses tho,0
software jobs challa undie Tirupati lo young graduates ki,0
"Telugu language chaalaa old language undoo, rich literature undi",0
"naa birthday ki okkaa wish ledoo, exam result ki chaala messages vasindi — wrong notifications broh",1
"hostel cricket lo Ganesh out avvunuu, 'no ball' ani argue chesdu — classic denial",1
"Moj order cancel aayindi, money 7 days lo refund avunu ani cheppindi — 7 days lo naa hunger wait ledu lol",1
"lemon rice traditional Kukatpally dish undie, festivals lo prepare avvunu",0
rasam challa healthy option undi daily diet lo,0
"restaurant bill challaa undie, split chesamu, nenu extra chesanu — mathematics of friendship brow",1
Dilsukhnagar chala develop avutundi last few years lo,0
"nenu today Proddatur ki tempo lo vellanu, chala time avnu",0
Narasaraopet lo new metro line start avutundi next year ani announce avnu,0
ML prepare avvadam ki daily consistent practice important undhi,0
English basics strong avunuu ante advanced concepts easy avvunu,0
"cricket prediction chesanu, wrong avnu, always — analyst career ledu brow",1
nenu Ravi tho Kadapa meet avvunu ani plan chesadu,0
relationship status: maths tho — at least it needs me broh,1
"mail ki 'as per my last mail' chesaadhu, war started avvunu — corporate battlefield brooo",1
"new startup Bhimavaram lo start avvunuu, local software engineer opportunities create avvunu",0
"summer lo Warangal lo power cut — fan laedu, AC ledoo, life ledoo brooo",1
Rahul new RTC bus kinukkunnadu last month Guntur lo,0
"restaurant bill chala undoo, split chesamu, nenu extra chesanu — mathematics of friendship broh",1
"nenu Bhai ki cheppanu today assignment undoo ani, thanks annadu",0
"naa networks record oka page kooda rayaledu, submission day lo Bhai xerox shop lo undii",1
"ex vasindi message 'how are you' ani, nenu data mining fail avutunna — great timing broh",1
"vada order chesanu, delivery boy cheppaadu '5 mins', 45 mins avvunuu — elastic 5 mins brooo",1
"power cut avvunu, phone charge edu, powerbank laedu — darkness in every way brooo",1
"Instagram lo dosa order chesanu, wrong item vasindi, hungry avnu tinna — hunger defeats ego",1
"nenu Zara ki cheppanu class time change avunuu ani, okay annadi",0
nenu Naveen tho Karimnagar meet avunuu ani plan chesaadu,0
naa friend Pawan Kalyan dialogue morning ki evening daka repeat chesadhu — method acting edu just annoying,1
"Mani Facebook lo 'checking in' everywhere pettadu, ammaaa ki location track avunuu — backfire bro",1
"Sai Tej mass scene lo BGM chaallu loud undhi, theater shake aayindi, naa heart shake aayindi — same energy",1
punctuality important habit undi professional life lo,0
"room mate brow early rise chesadu, alarm 5 AM ki, nenu 5 AM ki sleeping — different schedules bro",1
"Twitter lo argument chesdu Rakesh, 200 replies vasindi, everyone against — ratio avvunu bru",1
naa friend Allu Arjun dialogue morning ki evening daka repeat chesdu — method acting ledoo just annoying,1
"ex vasindi message 'how are you' ani, nenu digital circuits fail avutunna — great timing bru",1
mental health kuda physical health la important undi anukuntaa,0
"hostel lo electricity bill split chesamu, AC room ki koodha split avunuu — fair ledhu bro",1
contractor ki necessary certifications obtain cheyyadam career growth ki helpful,0
"government youtuber recruitment notification release avunu, applications start avnu",0
software jobs challa undii Vizag lo young graduates ki,0
bike maintain cheyyadaniki regular service okka month ki okkaa sari chesukovalani,0
"Hindupur lo different areas undy, each area different culture undii",0
"hostel lo electricity bill split chesamu, AC room ki koodaa split avvunuu — fair leduu bro",1
"Kamal Instagram bio lo 'entrepreneur' pettadu, venture edu — aspirational lying brow",1
"lemon rice chesthu undhi ammgaru, nenu taste chesanu, 'chaala undoo' annanu — chef appreciation bru",1
"India World Cup win chesaadhu, nenu ML fail avunuu same day — mixed emotions broh",1
"Telugu cinema industry challa big undoo, annual revenue challa undy",0
"movie lo hero oka song lo 5 countries lo dance chesadu, nenu okkka Hindupur bus stop daataledu",1
"Hindupur climate challa hot summers lo, monsoon better ga undie",0
"nenu idli tho dinner chesamu family tho, chaallu undy",0
"movie lo hero okkka song lo 5 countries lo dance chesaadu, nenu oka Eluru bus stop daataledu",1
"meeting schedule avunu, 'this could have been an email' — every time broo",1
Guntur lo weather chaalaa hot ga undhi summers lo generally,0
"Vijay cheppaadu project submit chesadhu ani, good annanu",0
management okka important branch undhi computer science lo,0
economics oka important branch undoo computer science lo,0
library resources properly use chesukovalani maths better understand avvadam ki,0
"propose chesanu WhatsApp lo, Amulya blue tick chesdu, reply leduu — left on read forever broo",1
"nenu Santosh ki compilers concept explain chesanu, understood annadu",0
Mehdipatnam lo water supply schedule change avvunuu maintenance ki,0
Bhimavaram lo okaa new Spotify office open avnu this month,0
"Telugu cinema industry chaala big undie, annual revenue challaa undhi",0
Madhapur lo infrastructure improve avunu last few years lo slowly,0
"mess food challaa bad undy, complain chesamu, next day kuda same — feedback loop leduu",1
Tirupati lo new metro line start avutundi next year ani announce avnu,0
"commentary lo 'magnificent shot' antee, camera replay chesaadhu, edge undie — commentary lying bro",1
"Rajesh assignment last minute chesaadhu, font 16, margins wide, 3 pages done — engineering at its peak",1
"Ram Charan movie ticket 500 rs, popcorn 300 rs, hero entry scene — priceless, worth it",1
chelli adugutundi 'nuvvuu ekkadoo vellav?' nenu: exam. chelli: pass avutava? — motivating brow,1
"Pavan campus lo attendance ledu bru, but ammaa tho 'daily velthunna' antadu — technically ledoo kaadaa",1
"Rohit Sharma century chesaadu, office lo kuda celebration — productivity zero officially",1
"Jasmine cheppiindi tomorrow test undhi linear algebra lo ani, prepare avnu",0
"nenu fried rice tho dinner chesamu family tho, challaa undi",0
"stadium ki ticket kattanu, match rain avnu — Rs 2000 rain experience brooo",1
"Bunny cheppadu tomorrow Gachibowli lo program undhi ani, attend chestava adugadu",0
economics okka important branch undhi computer science lo,0
"Padma chepindi tomorrow test undie software engineering lo ani, prepare avunu",0
"Proddatur lo colleges challaa undie, students everywhere undi anukunde",0
engineering drawing prepare avvadam ki daily consistent practice important undoo,0
"ammaa phone lo data ledu, naa phone lo data ledoo, iddaru fight chesamu — poverty bonding",1
"amma tamarind rice chesadhu, nenu 'challa undhi' annanu — leduu, pure diplomacy bru",1
"new startup Mehdipatnam lo start avunuu, local MLA opportunities create avunu",0
"KL Rahul out avvunu, entire India silent avunu — national moment of grief",1
software jobs chala undii Kurnool lo young graduates ki,0
"work life balance undi ani join chesadu, 10 PM mail vasindi — balance means different things brow",1
"new startup Vizag lo start avunu, local businessman opportunities create avnu",0
"nannaa cheppadu 'collector avvali' ani, nenu cheppanu 'try chestunna' ani — 4 years same conversation bru",1
"nenu idli tinnanu, chaallu undhi anukuntaa",0
"Mahesh cooking first time chesaadhu, biryani chesanu, amma feedback: 'next time edu chesuku' — harsh review",1
"Farida dp change chesadhu, Ganesh first like chesadu — notification ON obviously",1
relationship status: DSA tho — at least it needs me broo,1
Anna Dilsukhnagar lo nurse ga work chestunnadu currently,0
"mess food chala bad undii, complain chesamu, next day kuda same — feedback loop ledhu",1
"Charan cheppadu tomorrow Eluru lo program undoo ani, attend chestava adugadu",0
"government businessman recruitment notification release avvunuu, applications start avvunuu",0
"follow request pampanu, pending lo undoo 6 months — neither yes nor no brow",1
chemistry research field chaalaa active undoo currently globally,0
"traffic lo Nellore lo okaa hour stuck, GPS '2 mins away' antu undi — GPS lying broo",1
algorithms nerchukovadam career ki important undhi anukuntaa,0
"Bhai cheppadu tomorrow Madhapur lo program undoo ani, attend chestava adugadu",0
"Ravi cheppadu tomorrow Adoni lo program undoo ani, attend chestava adugadu",0
"villain 1000 cr spend chesadhu plan ki, hero okkka punch lo finish — ROI zero brow",1
"Venu Usha tho first date ki Warangal lo fried rice tinnaru, bill split chesadu — modern love",1
"ATM ki poina cash edu, UPI try chesanu network ledoo — broke in every possible way no way",1
pulihora preparation method different ga undii different regions lo,0
roti preparation method different ga undhi different regions lo,0
"hostel curfew 10 PM, Lokesh 10:01 ki vasadu — warden face priceless bro",1
"bug report vasindi, nenu 'not able to reproduce' chesaadhu — classic response bro",1
mental health kooda physical health la important undie anukunta,0
"Nithiin movie review: 'logic laedu' — fans: 'logic antee em bro, emotion chuso'",1
"new startup Vizag lo start avunuu, local doctor opportunities create avnu",0
tamarind rice challaa healthy option undi daily diet lo,0
"cousin vasadu, naa room occupy chesaadhu, nenu hall lo — guest rights > family rights broo",1
"Madhavi 'nuvuu change avvali' annadi, Ganesh hairstyle change chesadhu — nenu try chesanu brow",1
"naa algorithms record okkaa page kooda rayaledu, submission day lo Rajesh xerox shop lo undi",1
"akka result vasindi, ammaa sweets chesindi, naa result vasindi, ammaaa fasting chesindi — clear bias no way",1
movie lo hero love failure tarvata okaa song lo recover avvunuu — real life lo years kooda ledhu 😭😭,1
"metro lo seat dorikithe lucky day ani anukuntunna, next stop lo empty avvunuu — always like this",1
"cricket prediction chesanu, wrong avunu, always — analyst career ledoo bru",1
"nenu biryani tinnanu, chala undy anukuntaa",0
"Padma 'nuvvu change avvali' annadi, Suresh hairstyle change chesadu — nenu try chesanu brooo",1
resume lo relevant microprocessors skills clearly mention cheyyadam important,0
"okka bite roti tinnanu, finish avunu entire plate — portion control failed bru",1
"India win avnu, Ganesh bike lo celebrate chesadu — okkaa run ki overreact avvunuu bro",1
"Prabhas movie flop avunu, fans 'director problem' antaru — hero ekkudda fault edu bru",1
"night mess lo upma extra undii, Deepak 5 plates tinnadu — bulk season broo",1
"bag pack chesanu trip ki, okka thing forget chesaadu, charger — always the charger",1
"team outing undhi, Sanjay leave chesadu — anti-social professional broh",1
"ex vasindi message 'how are you' ani, nenu environmental science fail avutunna — great timing brooo",1
"engineering colleges chaalaa undii Telangana lo, competition koodha chaalaa",0
"morning 6 ki alarm, snooze, 7 ki alarm, snooze, 9 ki ammgaru voice — most effective alarm brow",1
"Sanjay library lo attendance ledoo brooo, but ammaa tho 'daily velthunna' antadu — technically edu kaadaa",1
"Arun cheppadu today class undi ani, nenu attend chesanu",0
"nenu Swathi ki cheppanu class time change avunuu ani, okay annadi",0
"mess food chaallu bad undii, complain chesamu, next day koodaa same — feedback loop ledoo",1
"cricket prediction chesanu, wrong avvunuu, always — analyst career edu bro",1
"nenu Dunzo lo payment chesadu bill ki, easy ga undie",0
data mining okkka important branch undie computer science lo,0
"nenu WhatsApp lo payment chesadu bill ki, easy ga undi",0
bike maintain cheyyadaniki regular service oka month ki okkaa sari chesukovalani,0
"water filter ledhu, bottle water kinukkunnamu — monthly idli budget lo cut avutundi brooo",1
"phone edu chesanu '1 week', day 3 ki check chesanu — addiction certified brooo",1
"morning pappu breakfast ki chesamu, amma chesadu today",0
work from home easy antey — Lucky ammaa background lo pappu chesthu meeting lo,1
Venu back bench lo undii kani first bencher kanna better marks — back lo wifi strong undy kada,1
"valentine's day ki Vijay alone undie, parotta order chesdu — self love era certified L",1
environmental science research field chaalaa active undoo currently globally,0
"ammgaru phone lo data ledu, naa phone lo data ledoo, iddaru fight chesamu — poverty bonding",1
TOC nerchukovadam career ki important undy anukuntaa,0
"Tirupati chala big city undhi, population challaa undoo currently",0
"naa CN record okaa page kooda rayaledu, submission day lo Bhaskar xerox shop lo undhi no way",1
"movie lo Kalyan Ram tho fight scene, 50 mandi ni okkka hand tho — physics take a vacation brow",1
"restaurant lo menu photos challa undie, actual plate small avvunuu — food photography crimes brooo",1
"Bunny cheppadu tomorrow Karimnagar lo program undhi ani, attend chestava adugadu",0
"team outing undhi, Gopi leave chesadu — anti-social professional bro",1
"ammaa cooking chesthu undy, nenu help cheyyadham try chesanu — 'nuvuu poni chadduvuko' annadi",1
"Telugu language chaallu old language undhi, rich literature undoo",0
"Sharwanand dialogue Surya reading room lo use chesadu, professor appreciate chesadu — cinema education works",1
"naaku pesarattu chaalaa ishtam, ammgaru chesaadhu, vere pesarattu chesaadhu — betrayal",1
"online lo Radha profile photo challaa undoo, real lo meet avunuu — filter technology peak level broh",1
"villain 1000 cr spend chesaadhu plan ki, hero okkaa punch lo finish — ROI zero bro",1
curd rice preparation method different ga undhi different regions lo,0
"valentine's day ki Ramesh alone undhi, fried rice order chesadu — self love era 😂",1
"naa college ki Uber lo daily velthunna, time avvunuu chala",0
attu health benefits chaalaa undie nutritional value tho,0
"valentine's day ki Rajesh alone undi, paneer order chesadu — self love era",1
crush chepindhi 'we are just friends' ani — linear algebra fail kanna painful avnu broo,1
"Tenali climate chaala hot summers lo, monsoon better ga undie",0
"fried rice traditional Ongole dish undie, festivals lo prepare avunuu",0
"nenu idli try chesanu first time, okay ga undy",0
"Dharani adugundi canteen ekado undi ani, direction cheppanu",0
Harish today OS assignment submit chesdu on time,0
"promotion vasindi — title change avvunu, work increase avunuu, salary same — congrats brooo",1
"team celebration avunuu, cake undie, Venky dietary restriction undy — cake still eaten bro",1
"Ishani cheppindi tomorrow test undoo compilers lo ani, prepare avvunuu",0
Anantapur lo okkka new Zepto office open avunuu this month,0
"Pappu cooking first time chesadu, garelu chesanu, amma feedback: 'next time laedu chesuku' — harsh review",1
"India batting collapse avunu, nenu management notes rasanu — parallel disasters broh",1
"restaurant lo menu photos chala undy, actual plate small avvunuu — food photography crimes bru",1
microprocessors interesting subject undii naa opinion lo,0
"naa college lo discrete maths class cancel ayindi, but attendance portal lo present show avnu — glitch in the matrix",1
Mani back bench lo undie kani first bencher kanna better marks — back lo wifi strong undii kadha,1
"nenu Deepika tho AI group study chesadu, helpful avvunu",0
"vada healthy ani chaddivanu, oil lo fry chesanu — healthy intent unhealthy execution brow",1
"diet chesdu, results ledu, halwa eat chesaadhu, results ledoo — same outcome different happiness",1
"amma chepindhi 'doctor avutav' ani, naa marks chusaka 'compounder avvunuu kadhaa' ani update chesaadu",1
"Chitti cooking first time chesaadu, gulab jamun chesanu, ammaa feedback: 'next time ledhu chesuku' — harsh review",1
"attha illu vacchindi, amma cleaning started 6 AM — natural disaster alert 🤣",1
"propose chesanu, 'I think of you as a brother' annadi — algorithms result kanna worse shock bro",1
Vijayawada lo real estate prices increase avvunu last year lo,0
"India batting collapse avvunuu, nenu TOC notes rasanu — parallel disasters bru",1
Kukatpally lo weather chaala hot ga undoo summers lo generally,0
"Divya adugundi canteen ekkadoo undy ani, direction cheppanu",0
halwa preparation method different ga undie different regions lo,0
"YouTube lo okkaa video chusanu, 3 hours tarvata oka click lo — algorithm trap brooo",1
Tirupati lo transport options improve avvunu metro tho,0
"Usha chepindhi library books return date vasindi ani, return chesanu",0
"Telugu language chala old language undy, rich literature undii",0
"Ramu selfie 50 teesadu, okkaa post chesaadhu, 2 likes vasindi — effort vs result gap bro",1
"group chat lo message chesadhu, everyone read, no reply — ghost protocol activate avvunu",1
"amma 'oka engineer ni chadi set avutav' anti, nenu still maths clear cheyyalekapotunna rip",1
"NTR dialogue Kiran bus stop lo use chesaadhu, professor appreciate chesdu — cinema education works",1
"alarm 5 AM ki pettanu 'productive avutanu' ani, snooze chesanu 6 times — productivity achieved brooo",1
"Manoj reading room ki late vasthe professor 'reason?' adugadu, 'amma chesindi late' annadu — universal excuse",1
Bhai Hyderabad lo IAS officer ga work chestunnadu currently,0
"punugulu traditional Kukatpally dish undy, festivals lo prepare avvunu",0
practical knowledge challa important undii theoretical kanna anukunta,0
"nenu Anil ki DSA concept explain chesanu, understood annadu",0
"naa digital circuits notes chaala neat ga undhi, exam ki neney chadduvukoledu — aesthetic > knowledge",1
"rain avnu match cancel avvunu, DLS method vasindi — nobody understands DLS bru",1
"peddamma cheppindi 'Suma ni chuso doctor avunuu' ani, Suma ki MBBS laedu — inspiration from fiction XD",1
"Ojaswi cheppindhi exam postpone avunuu ani, relief avnu",0
new traffic rules implement avutunnai state wide next month nundi,0
"naa birthday ki okka wish ledu, exam result ki chaallu messages vasindi — wrong notifications bro",1
"Rajesh adugadu ekkada undie nuvvu ani, Secunderabad lo undhi cheppanu",0
"warden room check chesadhu, Bhai room clean chesadhu first time — inspection effect bru",1
DBMS prepare avvadam ki daily consistent practice important undhi,0
Adoni challa develop avutundi last few years lo,0
"Instagram lo life challa undoo, real lo meet avunuu — filter world different bro",1
"Rohit Facebook lo 'checking in' everywhere pettadu, ammaa ki location track avvunuu — backfire bro",1
"coconut rice traditional Karimnagar dish undi, festivals lo prepare avvunuu",0
"villain 1000 cr spend chesdu plan ki, hero okka punch lo finish — ROI zero broo",1
"movie lo Sharwanand tho fight scene, 50 mandi ni okkaa hand tho — physics take a vacation broo",1
"jalebi chesthu undi amma, nenu taste chesanu, 'challa undii' annanu — chef appreciation broh",1
"naa computer lab lo CN class cancel ayindii, but attendance portal lo present show avnu — glitch in the matrix",1
"performance review lo self assessment rasanu, manager overwrite chesadu — useless exercise brooo",1
"nenu Deepika tho algorithms group study chesaadu, helpful avvunu",0
online learning convenient ga undii anukuntaa most students ki,0
"Allu Arjun dialogue Gandu university lo use chesadu, professor appreciate chesadhu — cinema education works",1
"peddamma cheppindi 'Zara ni chuso doctor avnu' ani, Zara ki MBBS ledu — inspiration from fiction 💔",1
pilot ki necessary certifications obtain cheyyadam career growth ki helpful,0
Tirupati lo water supply schedule change avunuu maintenance ki,0
internships chala important undy final year students ki,0
"long distance relationship undhi, calls chaallu undii, meet avvunuu — bills only growing",1
"villain 1000 cr spend chesdu plan ki, hero okkaa punch lo finish — ROI zero brooo",1
"nenu sambar try chesanu first time, okay ga undy",0
"Harish cheppadu today class undy ani, nenu attend chesanu",0
Bhai library lo statistics chadduvutunnadu evening daka,0
"cooking chesadu, taste check chesanu, taste check again — by end rasgulla ledu brooo",1
chelli adugutundi 'nuvuu ekkadaa vellav?' nenu: exam. chelli: pass avutava? — motivating bro,1
"cricket prediction chesanu, wrong avvunuu, always — analyst career edu broh",1
"babai cheppadu 'Kamal ni chuso challa undy' — Kamal fail avnu brooo, different level inspiration",1
"today discrete maths lab session undie, experiment complete chesadu",0
"naaku chapati chala ishtam, ammgaru chesadhu, vere chapati chesaadhu — betrayal",1
"night lo sambar crave avvunu, GPay open chesanu, delivery ledhu hostel ki — hunger unsatisfied bro",1
engineering challaa popular course undy Andhra Pradesh lo,0
"fantasy cricket lo Shubman Gill select chesaadu, zero points vasindi — real game different bru",1
"follow request pampanu, pending lo undi 6 months — neither yes nor no brow",1
"new startup Bhimavaram lo start avunuu, local businessman opportunities create avvunuu",0
"nenu today Eluru ki Ola lo vellanu, chaallu time avunu",0
dosa preparation method different ga undi different regions lo,0
"naa physics class afternoon lo undhi, attend chesanu",0
"ATM ki poina cash edu, UPI try chesanu network ledu — broke in every possible way",1
"naa birthday ki okkaa wish leduu, exam result ki chaalaa messages vasindi — wrong notifications bro",1
"Sekhar cheppadu results evening lo vasthay ani, wait chesamu",0
"nenu Spotify lo payment chesadhu bill ki, easy ga undii",0
"Gopi cooking first time chesadu, curd rice chesanu, amma feedback: 'next time laedu chesuku' — harsh review",1
match tension lo lemon rice edu tinnanu — superstition eating broh,1
engineering chaala popular course undie Andhra Pradesh lo,0
Rahul Rajahmundry lo designer ga work chestunnadu currently,0
"rain avvunu match cancel avunuu, DLS method vasindi — nobody understands DLS brooo",1
"night lo pongal crave avvunu, Netflix open chesanu, delivery ledoo hostel ki — hunger unsatisfied brooo",1
Girish Ongole lo relatives ni chusaadaniki chesadu weekend lo,0
"IPL season lo physics study leduu, exam results reflect avnu — cricket education broh",1
"commentary lo 'magnificent shot' ante, camera replay chesadhu, edge undhi — commentary lying broh",1
"nenu Mounika tho TOC group study chesdu, helpful avunu",0
"haircut chesaadu, photo edachu, 10 filters pettanu — still ledhu broo",1
resume lo relevant ML skills clearly mention cheyyadam important,0
"Munna adugadu which management book better ani, reference book suggest chesanu",0
nenu Surya tho Eluru meet avvunu ani plan chesadhu,0
"new startup Dilsukhnagar lo start avunu, local bank manager opportunities create avnu",0
"naa AI professor challa fast bru, notes laedu, brain ledhu, future leduu",1
physics oka important branch undoo computer science lo,0
"Telugu cinema industry challa big undy, annual revenue challaa undi",0
"punugulu spicy order chesanu, 'extra spicy' ante, tears vasindi — bravado backfire broo",1
"Rahul cheppadu results morning lo vasthay ani, wait chesamu",0
public transport use cheyyadam traffic reduce avunuu pollution kuda taginchutundi,0
Tadipatri lo transport options improve avunuu metro tho,0
"Naidu adugadu ekkada undhi nuvvu ani, Hindupur lo undi cheppanu",0
"nanna cheppadu 'teacher avvali' ani, nenu cheppanu 'try chestunna' ani — 4 years same conversation brooo",1
"nenu Lucky tho statistics doubts discuss chesanu, clear avnu finally",0
"government businessman recruitment notification release avvunu, applications start avnu",0
"naa wifi chala fast undhi — speed test lo matrame, actual lo edu bro",1
Kadapa lo water supply schedule change avvunuu maintenance ki,0
"last ball lo 6 kavali, Venky TV off chesaadu — cannot witness the end bru",1
"nenu today Nellore ki Pulsar lo vellanu, chaallu time avvunuu",0
"nenu Naga ki wish chesanu exam ki, all the best annadi",0
"IPL season lo chemistry study ledoo, exam results reflect avunu — cricket education bro",1
"Divya cheppiindi notes share cheyyi ani, share chesanu",0
"restaurant lo menu photos challa undy, actual plate small avunuu — food photography crimes brooo",1
practical knowledge chaalaa important undhi theoretical kanna anukuntaa,0
"team celebration avvunu, cake undoo, Abhi dietary restriction undi — cake still eaten brow",1
"GPay notification off chesanu, silent mode chesadhu, still distracted avunu — problem internal bru",1
"Jadeja form bad undie, drop cheyyi ante, fans: 'he is legend' — unconditional support",1
communication skills important undii any contractor ki,0
"attha illu vacchindi, ammaaa cleaning started 6 AM — natural disaster alert",1
communication skills important undi any data scientist ki,0
communication skills important undoo any nurse ki,0
upma challa healthy option undi daily diet lo,0
Tirupati lo infrastructure improve avvunu last few years lo slowly,0
Arun new cab kinukkunnadu last month Tirupati lo,0
"power cut avnu Eluru lo, exam night lo — God timing perfect broo",1
"new restaurant undy, expensive menu chusaka water only order chesanu — budget dining brow",1
practical knowledge challaa important undoo theoretical kanna anukuntaa,0
"midnight hunger avunuu, YouTube open chesanu, Tenali delivery ledhu — location punishment brow",1
"Instagram lo jalebi order chesanu, wrong item vasindi, hungry avvunuu tinna — hunger defeats ego",1
"Shubman Gill out avvunuu, entire India silent avnu — national moment of grief",1
internships challa important undii final year students ki,0
"Kurnool climate challaa hot summers lo, monsoon better ga undi",0
communication skills important undhi any content creator ki,0
"cricket prediction chesanu, wrong avnu, always — analyst career laedu brow",1
"Venu viva lo professor adugadu 'explain software engineering', Venu cheppadu 'sir nenu software engineering chesanu' — wrong subject attended",1
online learning convenient ga undi anukuntaa most students ki,0
"India batting collapse avunuu, nenu linear algebra notes rasanu — parallel disasters brow",1
state lo new industrial area develop avunuu employment ki,0
"power cut avvunuu Guntur lo, exam night lo — God timing perfect bro",1
microprocessors nerchukovadam career ki important undhi anukuntaa,0
"commentary lo 'magnificent shot' antaa, camera replay chesaadhu, edge undy — commentary lying brooo",1
"Adivi Sesh okaa punch lo 10 mandi ni ledu chesaadu, nenu okka physics paper clear cheyyalekapoyanu",1
"nenu Kavya tho economics group study chesadhu, helpful avunu",0
TOC okaa important branch undoo computer science lo,0
Chintu Narasaraopet lo relatives ni chusaadaniki chesaadhu weekend lo,0
practical knowledge challa important undoo theoretical kanna anukuntaa,0
teamwork skills develop avvunu group projects tho anukunde,0
work from home easy ante — Sanjay amma background lo pongal chesthu meeting lo,1
"nenu Ajay tho networks doubts discuss chesanu, clear avvunu finally",0
"Sekhar assignment last minute chesadu, font 16, margins wide, 3 pages done — engineering at its peak",1
"UPS undoo ante power cut edu kani, UPS battery ledhu — backup of backup laedu brow",1
Guntur lo infrastructure improve avnu last few years lo slowly,0
"Ajay adugadu ekkada undie nuvvu ani, Eluru lo undii cheppanu",0
"room mate bro early rise chesdu, alarm 5 AM ki, nenu 5 AM ki sleeping — different schedules bru",1
Secunderabad lo okkaa new Moj office open avvunuu this month,0
"Instagram lo life challaa undi, real lo meet avvunu — filter world different broh",1
"restaurant lo menu photos chala undy, actual plate small avunuu — food photography crimes broh",1
"night lo curd rice eat chesanu, morning ki amma ki telusindi — digestive system traitor broo",1
"oka bite tomato rice tinnanu, finish avunu entire plate — portion control failed brow",1
"valentine's day ki Prasad alone undi, chicken curry order chesadhu — self love era",1
"morning 6 ki alarm, snooze, 7 ki alarm, snooze, 9 ki ammgaru voice — most effective alarm brooo",1
"meeting lo yawn chesanu, boss chusadu — yawn explain cheyyatam hardest thing broh",1
"peddamma cheppindi 'Lakshmi ni chuso doctor avvunu' ani, Lakshmi ki MBBS laedu — inspiration from fiction finished bro",1
"Sunil deadline miss chesaadu, 'estimation ga chesanu' annadu — estimation = guess confirmed bru",1
"performance review lo self assessment rasanu, manager overwrite chesadu — useless exercise bru",1
"mirchi bajji traditional Hyderabad dish undoo, festivals lo prepare avunuu",0
"nenu Sai tho environmental science doubts discuss chesanu, clear avunu finally",0
"movie lo hero okaa song lo 5 countries lo dance chesadhu, nenu okka Warangal bus stop daataledu",1
"Vijayawada climate challa hot summers lo, monsoon better ga undie",0
"Telugu cinema industry chaalaa big undy, annual revenue chaalaa undii",0
"Ravi adugadu which TOC book better ani, reference book suggest chesanu",0
reading habit chaala useful undii long term lo anukuntaa,0
"Deepak cooking first time chesaadhu, paneer chesanu, ammaaa feedback: 'next time leduu chesuku' — harsh review",1
"nanna cheppadu 'MLA avvali' ani, nenu cheppanu 'try chestunna' ani — 4 years same conversation broo",1
"Varun chepdu Adoni ki vellaadani, nenu kudaa veltanu annanu",0
"restaurant bill chaallu undoo, split chesamu, nenu extra chesanu — mathematics of friendship broh",1
"propose chesanu, 'I think of you as a brother' annadi — English result kanna worse shock brow",1
"nenu rasgulla tinnanu, chala undoo anukunde",0
"India lose avnu, everyone 'team selection problem' antaru — expert analysts everywhere",1
"Zepto lo gulab jamun order chesanu '30 mins' antey — 2 hours lo vasindi, cold ga undy",1
"Charan exam hall lo calculator teesukochadu, statistics lo calculations edu — prepared for wrong subject 💀",1
Kukatpally lo new college open avutundi engineering courses tho,0
"internals lo Rakesh ki 9/30 vasthe 'grace marks' antadu, grace means 9 ye bro",1
"meeting schedule avvunuu, 'this could have been an email' — every time brow",1
Vikram today statistics assignment submit chesdu on time,0
"crush same TOC class lo undii, nenu rojuu attend chesanu — subject ledhu bro attendance reason different",1
"state lo rainfall challa undoo this monsoon season, reservoirs full avunuu",0
"today OOPS lab session undhi, experiment complete chesadhu",0
"nenu OS notes prepare chesanu exam ki, chala undy material",0
mental health kudaa physical health la important undie anukuntaa,0
"Yamini chepindhi library books return date vasindi ani, return chesanu",0
mental health koodha physical health la important undi anukuntunna,0
"Vijay Deverakonda movie ticket 500 rs, popcorn 300 rs, hero entry scene — priceless, worth it",1
online learning convenient ga undie anukuntaa most students ki,0
auto wala 'meter leduu' ante 3x rate adugadu — Kurnool special experience,1
government schemes challa undi students ki Bhimavaram lo,0
"Nitesh deadline miss chesaadu, 'estimation ga chesanu' annadu — estimation = guess confirmed brooo",1
"online exam lo Ramesh tab switch chesaadu, 'suspicious activity' alert vasindi — ledhu bro just water taaganiki vellanu",1
"Naga cheppindi notes share cheyyi ani, share chesanu",0
"cricket prediction chesanu, wrong avunu, always — analyst career leduu brow",1
"team outing undy, Ravi leave chesadu — anti-social professional broo",1
"generator sound undii, power back avnu ani excited avunu, neighbour generator avvunu — false hope bro",1
mental health koodha physical health la important undy anukuntunna,0
"Bunny Instagram bio lo 'entrepreneur' pettadu, venture ledu — aspirational lying bro",1
"stadium ki ticket kattanu, match rain avunu — Rs 2000 rain experience broh",1
English interesting subject undii naa opinion lo,0
"nenu Nani ki physics concept explain chesanu, understood annadu",0
deadlines track chesukovalani planner use chestey work organized ga avvunu,0
"room mate broh early rise chesadu, alarm 5 AM ki, nenu 5 AM ki sleeping — different schedules bro",1
"ammgaru hostel food check chesadu, tiffin box tho vasindi — mom knows best brow",1
engineering drawing concepts chaala important undoo software engineering ki,0
"theater lo Allu Arjun entry scene ki claps, interval ki claps, climax ki claps — nenu snacks ki claps 😭😭",1
"Ramesh exam hall lo calculator teesukochadu, software engineering lo calculations leduu — prepared for wrong subject",1
online learning convenient ga undy anukuntaa most students ki,0
"naa life okkka hero laa start avnu — but interval laedu, climax edu, budget leduu no cap",1
"mail ki 'as per my last mail' chesaadhu, war started avvunuu — corporate battlefield broo",1
"nenu pappu try chesanu first time, okay ga undie",0
"mail ki 'as per my last mail' chesaadu, war started avvunu — corporate battlefield brow",1
Anantapur lo weather chaallu hot ga undi summers lo generally,0
public transport use cheyyadam traffic reduce avvunuu pollution kooda taginchutundi,0
"naa ML class afternoon lo undhi, attend chesanu",0
"Keerthi chepindi notes share cheyyi ani, share chesanu",0
"Spotify lo gongura rice 50% off undii, order chesanu, delivery charge 100 rs — discount illusion bro",1
"Venky college lo attendance ledoo broo, but ammaaa tho 'daily velthunna' antadu — technically leduu kaadaa",1
"hero bike stunt chesaadhu, Harish try chesaadu — bike undii, Harish hospital lo undie peak comedy",1
communication clearly cheyyatam professional bank manager ki essential skill undy,0
"Ramu Priya ki 'hi' text chesaadu, 3 days tarvata reply vasindi — chaallu busy schedule undoo bru",1
communication clearly cheyyadham professional professor ki essential skill undhi,0
"relatives adugutunnaru 'what are your plans' ani, nenu DBMS pass avvadam plan bru — small goals",1
"Madhapur climate chaallu hot summers lo, monsoon better ga undoo",0
"meeting lo yawn chesanu, boss chusadu — yawn explain cheyydam hardest thing bru",1
nenu Rakesh tho Kadapa meet avvunuu ani plan chesadu,0
Eluru lo road expansion project start avunu this month,0
"pappu spicy order chesanu, 'extra spicy' antaa, tears vasindi — bravado backfire broh",1
"haircut chesadu, photo edachu, 10 filters pettanu — still edu broh",1
state budget lo education ki more funds allocate chesadhu this year,0
"diet chesdu, results ledhu, parotta eat chesadu, results laedu — same outcome different happiness",1
"state lo rainfall chala undoo this monsoon season, reservoirs full avvunuu",0
"nenu Amulya ki wish chesanu exam ki, all the best annadi",0
"Josh lo egg rice order chesanu '30 mins' antey — 2 hours lo vasindi, cold ga undy",1
"Sanjay adugadu which DSA book better ani, reference book suggest chesanu",0
Girish Kukatpally lo relatives ni chusaadaniki chesdu weekend lo,0
Deepak back bench lo undi kani first bencher kanna better marks — back lo wifi strong undii kadha,1
library resources properly use chesukovalani discrete maths better understand avvadam ki,0
"power cut avvunu Eluru lo, exam night lo — God timing perfect brooo",1
mental health kudaa physical health la important undy anukunde,0
government schemes chaalaa undie students ki Nellore lo,0
"queue lo okkaa hour stand chesanu, naa turn ki 'closed' board — universal suffering broo",1
"bus timings change avunuu Anantapur lo recently, new schedule vasindi",0
"Telugu language challa old language undoo, rich literature undy",0
"India match undy, English exam koodha undy, nenu match chesanu — priorities clear brooo",1
"power cut ayindi, phone dead, fan edu, summer — Tirupati punishment level heat legend",1
"meeting schedule avunuu, 'this could have been an email' — every time brooo",1
"babai cheppadu 'Rakesh ni chuso challa undhi' — Rakesh fail avunu bru, different level inspiration",1
"Babai Naga kosam environmental science study chesadu, Naga different section lo undi — wasted effort",1
practical knowledge challa important undi theoretical kanna anukuntunna,0
DSA basics strong avunu ante advanced concepts easy avunuu,0
"office lunch lo mirchi bajji undhi, nenu Dunzo order chesanu — mess food bypass brooo",1
crush cheppindi 'we are just friends' ani — algorithms fail kanna painful avvunuu brooo,1
"peddamma cheppindi 'Anu ni chuso doctor avvunuu' ani, Anu ki MBBS edu — inspiration from fiction haha",1
Kurnool lo water supply schedule change avnu maintenance ki,0
Kadapa lo new metro line start avutundi next year ani announce avvunuu,0
"Lokesh cooking first time chesadhu, pesarattu chesanu, ammaa feedback: 'next time ledoo chesuku' — harsh review",1
"movie lo Allu Arjun tho fight scene, 50 mandi ni okkaa hand tho — physics take a vacation broo",1
"Arun cheppadu tomorrow Rajahmundry lo program undy ani, attend chestava adugadu",0
"coconut rice healthy ani chaddivanu, oil lo fry chesanu — healthy intent unhealthy execution bru",1
"rasam chesthu undhi ammaaa, nenu taste chesanu, 'chaalaa undoo' annanu — chef appreciation bru",1
software jobs chaalaa undie Gachibowli lo young graduates ki,0
"office lunch lo dosa undi, nenu GPay order chesanu — mess food bypass bro",1
"Nitesh exam hall lo calculator teesukochadu, DBMS lo calculations laedu — prepared for wrong subject W move",1
"Ramesh cheppadu tomorrow Hyderabad lo program undii ani, attend chestava adugadu",0
"cricket prediction chesanu, wrong avunuu, always — analyst career ledoo brooo",1
"Surya room lo noodles dabbala cook chesaadu, entire floor smell ayindii — community notification",1
nenu Surya tho Chirala meet avnu ani plan chesdu,0
"movie lo Chiranjeevi tho fight scene, 50 mandi ni okaa hand tho — physics take a vacation broh",1
Venu principal office lo TOC class attend chesadhu morning lo,0
internships chaala important undii final year students ki,0
"Kiran Lavanya ki 'hi' text chesaadu, 3 days tarvata reply vasindi — chaalaa busy schedule undie brooo",1
software jobs chala undoo Ongole lo young graduates ki,0
Bunny cheppadu new BYJU's download chesanu try cheyyi ani,0
"Telugu cinema industry challaa big undie, annual revenue challa undhi",0
"Sai exam hall lo calculator teesukochadu, DSA lo calculations ledu — prepared for wrong subject",1
"India batting collapse avvunuu, nenu OS notes rasanu — parallel disasters broo",1
"Ramu exam hall lo calculator teesukochadu, DSA lo calculations ledhu — prepared for wrong subject 🥲",1
Secunderabad lo new college open avutundi engineering courses tho,0
"engineering colleges challaa undi Telangana lo, competition kooda challa",0
"online lo Naga profile photo challa undoo, real lo meet avunuu — filter technology peak level brow",1
"'gym join chestanu' ani January 1 ki fee kattanu, January 5 ki forget avvunu — annual tradition",1
"Gandu Eswari tho first date ki Hindupur lo mirchi bajji tinnaru, bill split chesadhu — modern love",1
Madhapur lo water supply schedule change avvunu maintenance ki,0
"naa life oka hero laa start avunu — but interval ledoo, climax leduu, budget laedu",1
"code review lo Mahesh cheppadu 'this can be optimized' — nenu rasanu, nenu embarrassed avnu",1
Kurnool lo road expansion project start avunu this month,0
"online exam lo Kiran tab switch chesaadu, 'suspicious activity' alert vasindi — ledoo bro just water taaganiki vellanu",1
"Machilipatnam lo okkka seat dorikithe lucky ani anukunde, destination ki reach avunuu — always like this",1
"online exam lo Naveen tab switch chesadhu, 'suspicious activity' alert vasindi — leduu bro just water taaganiki vellanu",1
"naa algorithms valla statistics miss aayindi, statistics valla algorithms miss ayindhi — perfect planning oof",1
nenu Manoj tho Proddatur meet avnu ani plan chesadu,0
"office lunch lo chutney undie, nenu GPay order chesanu — mess food bypass broh",1
"Telugu cinema industry chala big undhi, annual revenue chala undhi",0
"code review lo Kamal cheppadu 'this can be optimized' — nenu rasanu, nenu embarrassed avvunuu",1
"Balayya movie lo villain chala try chesadhu, hero ki okaa scratch ledoo — plot armour S tier",1
"new startup Karimnagar lo start avvunu, local designer opportunities create avvunuu",0
"Jyothi adugundi canteen ekkadaa undie ani, direction cheppanu",0
Dilsukhnagar lo real estate prices increase avvunuu last year lo,0
Lucky new share auto kinukkunnadu last month Nellore lo,0
"Divya cheppindi notes share cheyyi ani, share chesanu",0
"Ganesh Ishani ki gifts icchaadu, Ishani cheppiindi 'you are like my brother' — return policy edu broo",1
"naa college lo networks class cancel ayindy, but attendance portal lo present show avunu — glitch in the matrix",1
sambar chaalaa healthy option undii daily diet lo,0
"Varun Tej movie flop avunu, fans 'director problem' antaru — hero ekkudda fault ledu broo",1
"Mahesh Babu movie trailer chaallu undi ani 4 tickets kattanu, movie logic ledoo — trailer cheated broo",1
"Sharwanand movie ticket 500 rs, popcorn 300 rs, hero entry scene — priceless, worth it",1
egg rice chala healthy option undhi daily diet lo,0
Tenali lo water supply schedule change avvunuu maintenance ki,0
Tadipatri lo new metro line start avutundi next year ani announce avunu,0
library resources properly use chesukovalani physics better understand avvadam ki,0
"nenu gulab jamun try chesanu first time, okay ga undhi",0
mental health koodha physical health la important undii anukuntaa,0
"nanaaa WhatsApp lo 'good morning' message forward chesaadhu, nenu reply leduu chesanu — generational gap",1
match tension lo halwa ledoo tinnanu — superstition eating brooo,1
"placement cell lo HR adugadu 'where do you see yourself in 5 years', Pappu 'sleeping' annadu — honest answer 🥲",1
"movie lo hero okkka song lo 5 countries lo dance chesaadu, nenu okaa Warangal bus stop daataledu",1
"government CA recruitment notification release avvunuu, applications start avunuu",0
"Mani viva lo professor adugadu 'explain English', Mani cheppadu 'sir nenu environmental science chesanu' — wrong subject attended 😂",1
"hostel curfew 10 PM, Gopi 10:01 ki vasadu — warden face priceless brow",1
family function lo uncle adugadu 'marks entha' ani — nannagaru topic change chesdu immediately,1
Sanjay Tirupati lo nurse ga work chestunnadu currently,0
"ammaa 'oka collector ni chadi set avutav' antaa, nenu still chemistry clear cheyyalekapotunna seriously",1
businessman avvadam chaala kaashtam kani worth it undi anukuntunna,0
reading habit challa useful undy long term lo anukuntaa,0
"warden room check chesadhu, Venu room clean chesadhu first time — inspection effect brow",1
"naa compilers class Monday lo undoo, attend chesanu",0
"Sekhar cheppdu Karimnagar ki vellaadani, nenu koodaa veltanu annanu",0
"Mani cheppaadu Adoni ki vellaadani, nenu kooda veltanu annanu",0
technology chaalaa fast ga change avutundi every year,0
"midnight hunger avvunuu, Amazon Prime open chesanu, Machilipatnam delivery ledhu — location punishment brow",1
"hostel lo electricity bill split chesamu, AC room ki koodaa split avnu — fair leduu brooo",1
Sunday night 11 PM ki Monday prepare avvadam start chesanu — classic procrastination bro,1
compilers nerchukovadam career ki important undie anukunde,0
government schemes challaa undhi students ki Mehdipatnam lo,0
nenu Suresh tho Secunderabad meet avvunuu ani plan chesadu,0
practical knowledge chaalaa important undy theoretical kanna anukunta,0
"Kiran principal office lo attendance ledhu bro, but ammaa tho 'daily velthunna' antadu — technically ledoo kadhaa",1
"nenu discrete maths notes prepare chesanu exam ki, chaala undhi material",0
"Telugu language challaa old language undoo, rich literature undii",0
professor 'open book exam' antey Arun library motham bag lo pettukochadu genius bro,1
content creator avvadam chaala kaashtam kani worth it undy anukuntaa,0
"noodles traditional Eluru dish undii, festivals lo prepare avvunu",0
"Lucky adugadu ekkada undii nuvvu ani, Hindupur lo undoo cheppanu",0
"movie lo villain chaallu smart undoo, hero okkka scene lo defeat chesadhu — audience: wait what",1
"Chiranjeevi okkka punch lo 10 mandi ni laedu chesadhu, nenu okka OOPS paper clear cheyyalekapoyanu peak comedy",1
"valentine's day ki Rohit alone undy, upma order chesaadu — self love era",1
"Arjun Haritha ki 'hi' text chesadhu, 3 days tarvata reply vasindi — chala busy schedule undy broh",1
"Yamini cheppindi 'just be yourself' ani, nenu myself avvunu undi, works leduu brow — bad advice",1
"amma hostel food check chesadu, tiffin box tho vasindi — mom knows best broo",1
"nenu today Vizag ki metro lo vellanu, chaallu time avunuu",0
"LB Nagar climate challaa hot summers lo, monsoon better ga undie",0
"warden room check chesadu, Bhaskar room clean chesadu first time — inspection effect brooo",1
"queue lo okaa hour stand chesanu, naa turn ki 'closed' board — universal suffering bru",1
"Telugu cinema industry challa big undie, annual revenue chala undhi",0
"villain 1000 cr spend chesdu plan ki, hero okaa punch lo finish — ROI zero broh",1
digital circuits prepare avvadam ki daily consistent practice important undie,0
"amma hostel food check chesaadhu, tiffin box tho vasindi — mom knows best broo",1
auto wala 'meter edu' anti 3x rate adugadu — Kadapa special experience,1
"brooo cheppadu 'battery saver mode lo undii' — nenu text chesanu, 3 hours tarvata reply vasindi",1
internships challaa important undii final year students ki,0
"nannagaru bike ki petrol ledhu, naaku pocket money ledoo, iddaru okka team kadhaa",1
"new flyover Nellore lo ready avunu next month, traffic ease avunu anukuntaa",0
nenu Chintu tho Kurnool meet avnu ani plan chesaadu,0
"Kurnool climate chala hot summers lo, monsoon better ga undy",0
nanaaa smartphone istE WhatsApp lo naa result forward chesadhu relatives ki — appreciated ledhu bro,1
"India batting collapse avunuu, nenu CN notes rasanu — parallel disasters brow",1
"thammudu naa charger teesukuntunnadu, nenu teesukuntunna — family sharing plan 🥲",1
"online exam lo Mohan tab switch chesadu, 'suspicious activity' alert vasindi — ledu bro just water taaganiki vellanu",1
nenu Abhi tho Gachibowli meet avunuu ani plan chesdu,0
"government accountant recruitment notification release avvunuu, applications start avunu",0
"Pawan Kalyan movie review: 'logic edu' — fans: 'logic antee em brow, emotion chuso'",1
software jobs challaa undhi Dilsukhnagar lo young graduates ki,0
"Tarun adugadu ekkada undie nuvvu ani, Rajahmundry lo undy cheppanu",0
"naa CN professor challa fast brow, notes ledhu, brain laedu, future ledhu",1
"office lunch lo rasgulla undie, nenu Hotstar order chesanu — mess food bypass bru",1
"reel lo easy recipe chesanu, nenu try chesanu, disaster avvunuu — videos lie bro",1
Vijay Ongole lo relatives ni chusaadaniki chesdu weekend lo,0
"new startup Tirupati lo start avnu, local CA opportunities create avvunu",0
"Hyderabad chaalaa big city undie, population challaa undi currently",0
"room mate bro early rise chesdu, alarm 5 AM ki, nenu 5 AM ki sleeping — different schedules broo",1
"nanaaa 'maa time lo challaa kashtapaddamu' antey, a time lo DSA ledoo bru — different struggle",1
"new restaurant undii, expensive menu chusaka water only order chesanu — budget dining broo",1
"Telugu language chaala old language undie, rich literature undii",0
"night mess lo curd rice extra undi, Sunil 5 plates tinnadu — bulk season broh",1
nenu Surya tho Tadipatri meet avvunu ani plan chesaadu,0
algorithms interesting subject undi naa opinion lo,0
"team celebration avunuu, cake undoo, Chintu dietary restriction undie — cake still eaten broo",1
"nannagaru bike ki petrol edu, naaku pocket money ledoo, iddaru okkka team kada",1
Kurnool lo IT sector chaalaa grow avutundi past decade lo,0
"Netflix lo attu order chesanu, wrong item vasindi, hungry avvunu tinna — hunger defeats ego",1
Venu lab lo TOC class attend chesadhu morning lo,0
"bus timings change avunu Dilsukhnagar lo recently, new schedule vasindi",0
"hostel gate closed avvunu, Abhi wall jump chesadhu, security undoo — caught in 4K brooo",1
Anantapur lo new metro line start avutundi next year ani announce avvunu,0
online learning convenient ga undhi anukuntunna most students ki,0
today holiday lo Bhaskar LB Nagar ki Dio lo vellaadu,0
"today CN lab session undoo, experiment complete chesaadhu",0
DSA basics strong avnu antey advanced concepts easy avnu,0
"Ongole lo different areas undie, each area different culture undie",0
"power cut ayindy, phone dead, fan ledoo, summer — Kurnool punishment level heat",1
engineering chaalaa popular course undhi Andhra Pradesh lo,0
"Ramesh Instagram bio lo 'entrepreneur' pettadu, venture leduu — aspirational lying bro",1
"naa lab ki cab lo daily velthunna, time avunuu chaallu",0
naa friend Naga Chaitanya dialogue morning ki evening daka repeat chesadhu — method acting ledoo just annoying,1
state lo new industrial area develop avvunuu employment ki,0
"akka result vasindi, ammaaa sweets chesindi, naa result vasindi, ammaa fasting chesindi — clear bias",1
"Nitesh exam hall lo calculator teesukochadu, algorithms lo calculations laedu — prepared for wrong subject",1
"Guntur climate challa hot summers lo, monsoon better ga undie",0
"babai cheppadu 'Varun ni chuso challaa undhi' — Varun fail avunu bro, different level inspiration",1
government schemes challa undi students ki Anantapur lo,0
"Vizag lo different areas undy, each area different culture undi",0
"new flyover Kadapa lo ready avunu next month, traffic ease avunuu anukuntaa",0
"nenu environmental science notes prepare chesanu exam ki, challa undi material",0
Bhimavaram lo real estate prices increase avvunu last year lo,0
match tension lo fried rice ledu tinnanu — superstition eating brooo,1
crush chepindhi 'we are just friends' ani — physics fail kanna painful avunu broh,1
"Mohan cheppadu today class undoo ani, nenu attend chesanu",0
government schemes challaa undi students ki Anantapur lo,0
Guntur lo IT sector chaala grow avutundi past decade lo,0
Vikram today engineering drawing assignment submit chesadu on time,0
reading habit chala useful undhi long term lo anukuntunna,0
"rasam spicy order chesanu, 'extra spicy' antee, tears vasindi — bravado backfire broo",1
"Instagram lo biryani order chesanu '30 mins' antey — 2 hours lo vasindi, cold ga undhi",1
today Monday lo Bhaskar Anantapur ki scooty lo vellaadu,0
"interview ki 'punctual ga veltanu' annanu, 10 mins late avunu — traffic blame chesanu obviously",1
internships challaa important undi final year students ki,0
chemistry basics strong avvunuu antaa advanced concepts easy avvunu,0
Ravi Tirupati lo relatives ni chusaadaniki chesdu weekend lo,0
naa friend Allu Arjun dialogue morning ki evening daka repeat chesadu — method acting ledhu just annoying,1
"naa AI valla engineering drawing miss ayindii, engineering drawing valla AI miss aayindi — perfect planning",1
"state lo rainfall chaala undii this monsoon season, reservoirs full avunuu",0
"promotion vasindi — title change avvunuu, work increase avunu, salary same — congrats bru",1
"India match undii, digital circuits exam kooda undii, nenu match chesanu — priorities clear bro",1
"midnight hunger avvunuu, Meesho open chesanu, Madhapur delivery edu — location punishment bru",1
communication clearly cheyyatam professional MLA ki essential skill undy,0
"nenu rasgulla tho dinner chesamu family tho, chaallu undoo",0
"Surya broh TOC exam ki prepare ledhu, result vasthe 'paper tough undi' ani blame chesaadu 💀",1
"Rana movie review: 'logic ledhu' — fans: 'logic antey em bru, emotion chuso'",1
"movie lo Ram Charan tho fight scene, 50 mandi ni okaa hand tho — physics take a vacation broh",1
nurse avvadam chaalaa kaashtam kani worth it undie anukunde,0
"Telugu language chaallu old language undoo, rich literature undi",0
Rakesh today maths assignment submit chesadhu on time,0
"nanna cheppadu 'accountant avvali' ani, nenu cheppanu 'try chestunna' ani — 4 years same conversation broo",1
communication clearly cheyyatam professional collector ki essential skill undy,0
"hostel curfew 10 PM, Babu 10:01 ki vasadu — warden face priceless broo",1
resume lo relevant linear algebra skills clearly mention cheyyadam important,0
"naa environmental science paper lo okkka question kaadhu telivindi, kani confident ga avunuu rasa — confidence bru not knowledge",1
"Telugu language chala old language undi, rich literature undoo",0
"IPL season lo microprocessors study laedu, exam results reflect avunu — cricket education broo",1
"attu chesthu undy amma, nenu taste chesanu, 'chaala undie' annanu — chef appreciation broo",1
"nenu digital circuits notes prepare chesanu exam ki, chaalaa undoo material",0
"ammaa cooking chesthu undhi, nenu help cheyyadam try chesanu — 'nuvvu poni chadduvuko' annadi",1
"code review lo Bunny cheppadu 'this can be optimized' — nenu rasanu, nenu embarrassed avunu",1
"diet start chesanu — tomato rice chusaka cancel avvunu, health is wealth but food is life broo",1
butter chicken preparation method different ga undhi different regions lo,0
"naa birthday ki okkaa wish leduu, exam result ki chaallu messages vasindi — wrong notifications broo",1
"Santosh chepadu Tirupati ki vellaadani, nenu kudaa veltanu annanu",0
savings account lo auto debit set cheyyadam financial discipline ki undi,0
government 'smart city' ante Vizag lo cycle ki roads ledu — very smart planning bru,1
Sekhar library lo networks chadduvutunnadu evening daka,0
"ammaa 'oka engineer ni chadi set avutav' ante, nenu still DSA clear cheyyalekapotunna",1
Ganesh new Activa kinukkunnadu last month Vizag lo,0
"warden room check chesdu, Nani room clean chesaadhu first time — inspection effect broo",1
internships chala important undi final year students ki,0
"Srinu viva lo professor adugadu 'explain OOPS', Srinu cheppadu 'sir nenu physics chesanu' — wrong subject attended peak comedy",1
nenu Teja tho Kukatpally meet avunuu ani plan chesaadhu,0
"rain start avvunuu — naa umbrella room lo undoo, nenu Kurnool middle lo undoo",1
"restaurant bill chaalaa undi, split chesamu, nenu extra chesanu — mathematics of friendship bro",1
software engineering prepare avvadam ki daily consistent practice important undhi,0
Madhapur lo water supply schedule change avvunuu maintenance ki,0
"Tarun placement cell lo attendance edu broh, but amma tho 'daily velthunna' antadu — technically ledhu kadhaa",1
"placement cell lo HR adugadu 'where do you see yourself in 5 years', Dinesh 'sleeping' annadu — honest answer",1
"Lakshmi cheppiindi library books return date vasindi ani, return chesanu",0
TOC interesting subject undi naa opinion lo,0
"new year resolution 'early rise chesanu' — January 2 ki snooze, January 3 ki alarm delete chesaadu",1
"nenu today Chirala ki tractor lo vellanu, challa time avvunuu",0
"KL Rahul out avunuu, entire India silent avunuu — national moment of grief",1
"restaurant lo menu photos chaallu undhi, actual plate small avunu — food photography crimes brow",1
"professor cheppadu 'attendance mandatory', Gopi proxy pettadu, professor ne proxy ichadu — full circle brooo",1
"movie lo Mahesh Babu tho fight scene, 50 mandi ni okka hand tho — physics take a vacation bro",1
"villain 1000 cr spend chesaadu plan ki, hero okaa punch lo finish — ROI zero bro",1
electricity rates change avutunnai Hindupur lo this quarter,0
"Babu Facebook lo 'checking in' everywhere pettadu, ammaaa ki location track avvunu — backfire bro",1
Gachibowli lo real estate prices increase avvunuu last year lo,0
"fried rice order chesanu, delivery boy cheppaadu '5 mins', 45 mins avvunu — elastic 5 mins brow",1
"hostel cricket lo Srinu out avnu, 'no ball' ani argue chesaadhu — classic denial",1
"India last over lo 20 kavali, Babai prayer start chesaadhu — sudden devotion bro",1
"Guntur lo different areas undi, each area different culture undhi",0
"naa economics notes chala neat ga undie, exam ki neney chadduvukoledu — aesthetic > knowledge",1
water sufficient ga taagadam daily health ki essential undy,0
"Tejaswi cheppindhi tomorrow test undoo algorithms lo ani, prepare avunuu",0
"Nani cheppadu Guntur ki vellaadani, nenu kooda veltanu annanu",0
"night lo Sekhar snore chesaadhu, nenu headphones pettanu, battery ledu, suffering begin avunuu",1
"crush same software engineering class lo undy, nenu rojuu attend chesanu — subject laedu bro attendance reason different",1
"stadium ki ticket kattanu, match rain avvunu — Rs 2000 rain experience bru",1
savings account lo auto debit set cheyyadam financial discipline ki undhi,0
Rajahmundry lo IT sector chala grow avutundi past decade lo,0
naa engineering drawing marks chusaka okaa nimisham silent ga undie — grief kaaduu pure shock bro,1
"Jyothi adugundi canteen ekada undie ani, direction cheppanu",0
today evening lo Sunil Chirala ki truck lo vellaadu,0
government schemes chala undie students ki Chirala lo,0
"ATM ki poina cash leduu, UPI try chesanu network ledu — broke in every possible way",1
"naa engineering drawing class evening lo undie, attend chesanu",0
"metro lo seat dorikithe lucky day ani anukuntaa, next stop lo empty avunu — always like this",1
Rajahmundry lo infrastructure improve avunu last few years lo slowly,0
"online exam lo Tarun tab switch chesadu, 'suspicious activity' alert vasindi — edu bro just water taaganiki vellanu",1
"government pharmacist recruitment notification release avnu, applications start avvunu",0
today weekend lo Sekhar Ongole ki auto lo vellaadu,0
"new startup Dilsukhnagar lo start avunu, local contractor opportunities create avvunu",0
"Nithiin okkaa punch lo 10 mandi ni leduu chesadu, nenu okkaa TOC paper clear cheyyalekapoyanu",1
"India batting collapse avvunuu, nenu chemistry notes rasanu — parallel disasters bru",1
"Kurnool lo okka seat dorikithe lucky ani anukuntaa, destination ki reach avvunuu — always like this",1
digital circuits okkka important branch undie computer science lo,0
pilot avvadam chaala kaashtam kani worth it undy anukunde,0
"nenu today Karimnagar ki cab lo vellanu, challaa time avvunuu",0
time management important skill undii students ki anukuntunna,0
"Sai laundry okkaa month chesadu, room lo mountain avunuu — Himalayas size broh",1
"nenu noodles try chesanu first time, okay ga undi",0
"power cut avunuu Chirala lo, exam night lo — God timing perfect broh",1
Vijayawada lo IT sector challaa grow avutundi past decade lo,0
today evening lo Munna Ongole ki Dio lo vellaadu,0
"government MLA recruitment notification release avunuu, applications start avnu",0
Mani cheppdu new Zomato download chesanu try cheyyi ani,0
"relatives adugutunnaru 'what are your plans' ani, nenu digital circuits pass avvadam plan bro — small goals oof",1
"India last over lo 20 kavali, Babai prayer start chesdu — sudden devotion brooo",1
"Dunzo notification off chesanu, silent mode chesdu, still distracted avunuu — problem internal bru",1
"mess food chaalaa bad undi, complain chesamu, next day kuda same — feedback loop ledu",1
Girish today OS assignment submit chesaadhu on time,0
"Prabhas movie trailer chaallu undoo ani 4 tickets kattanu, movie logic leduu — trailer cheated brooo",1
"engineering colleges chaalaa undie Telangana lo, competition koodaa chaallu",0
teamwork skills develop avnu group projects tho anukunta,0
Suresh today microprocessors assignment submit chesadhu on time,0
"nanaaa 'maa time lo challa kashtapaddamu' ante, a time lo engineering drawing leduu bru — different struggle",1
"Lokesh cheppadu today class undy ani, nenu attend chesanu",0
"Tadipatri climate chaalaa hot summers lo, monsoon better ga undhi",0
"new hospital Tenali lo open avutundi next month, facilities chaala undii",0
Prasad Narasaraopet lo accountant ga work chestunnadu currently,0
"new restaurant undy, expensive menu chusaka water only order chesanu — budget dining bru",1
"Venky adugadu which environmental science book better ani, reference book suggest chesanu",0
"Kamal laundry oka month chesadu, room lo mountain avvunuu — Himalayas size bro",1
"warden room check chesadu, Girish room clean chesdu first time — inspection effect bro",1
poori health benefits chaallu undhi nutritional value tho,0
"warden room check chesadu, Manoj room clean chesadhu first time — inspection effect brow",1
nenu Vijay tho Gachibowli meet avnu ani plan chesdu,0
today evening lo Venky Karimnagar ki Apache lo vellaadu,0
"Mohan adugadu ekkada undii nuvvu ani, Rajahmundry lo undoo cheppanu",0
"hostel room lo 4 people, okkaa charger, okaa wifi — survival of the fittest",1
"bag pack chesanu trip ki, okka thing forget chesadhu, charger — always the charger",1
"India last over lo 20 kavali, Mahesh prayer start chesadu — sudden devotion broo",1
"diet chesdu, results ledu, chicken curry eat chesadhu, results laedu — same outcome different happiness",1
amma: nuvu ekkado unnav? nenu: library lo. amma: mee college lo library ekkadoo undoo daa?,1
"Vani dp change chesadu, Naveen first like chesdu — notification ON obviously",1
crush cheppindi 'we are just friends' ani — compilers fail kanna painful avnu brooo,1
"Paytm notification off chesanu, silent mode chesadu, still distracted avnu — problem internal brow",1
"naa DSA notes chaallu neat ga undhi, exam ki neney chadduvukoledu — aesthetic > knowledge",1
"Harish selfie 50 teesadu, okaa post chesaadhu, 2 likes vasindi — effort vs result gap brooo",1
"3 months crush chesanu, Divya cheppiindi 'I have a boyfriend' ani day 1 lo ledu — time waste certified",1
"naa post lo 100 likes vasindi, Babu chepadu 'paid promotion avnu' ani — jealousy speaks broo",1
"engineering colleges chala undoo Telangana lo, competition kooda chaallu",0
match tension lo punugulu laedu tinnanu — superstition eating bru,1
"naa birthday ki okka wish ledhu, exam result ki chaala messages vasindi — wrong notifications bru",1
"Deepika adugundi canteen ekkado undoo ani, direction cheppanu",0
"nenu Jyothi ki cheppanu class time change avunuu ani, okay annadi",0
"Dhoni form bad undy, drop cheyyi antey, fans: 'he is legend' — unconditional support",1
"cousin vasadu, naa room occupy chesaadu, nenu hall lo — guest rights > family rights brow",1
"amma upma chesadhu, nenu 'challaa undhi' annanu — ledu, pure diplomacy bro",1
"mail ki 'as per my last mail' chesaadhu, war started avunuu — corporate battlefield broo",1
"new year resolution 'early rise chesanu' — January 2 ki snooze, January 3 ki alarm delete chesaadhu",1
linear algebra prepare avvadam ki daily consistent practice important undy,0
"new hospital Vizag lo open avutundi next month, facilities chaalaa undy",0
"nenu dal rice tho dinner chesamu family tho, chaallu undi",0
"new startup Narasaraopet lo start avvunuu, local pilot opportunities create avvunuu",0
"Eswari cheppindi exam postpone avnu ani, relief avvunuu",0
Allu Arjun interview lo 'fans my strength' annadu — fans hearing this: power up avunuu gg,1
"team celebration avunuu, cake undi, Tarun dietary restriction undhi — cake still eaten broo",1
"Sekhar Facebook lo 'checking in' everywhere pettadu, amma ki location track avvunuu — backfire broh",1
"water filter ledu, bottle water kinukkunnamu — monthly gongura rice budget lo cut avutundi brooo",1
"NTR movie flop avunu, fans 'director problem' antaru — hero ekkudda fault leduu brooo",1
"hostel room lo 4 people, oka charger, okkka wifi — survival of the fittest",1
"Santosh Instagram bio lo 'entrepreneur' pettadu, venture edu — aspirational lying broo",1
"Nandini cheppindi 'just be yourself' ani, nenu myself avnu undi, works ledhu bro — bad advice",1
compilers concepts challa important undy software engineering ki,0
"room mate broh light 2 AM daka chestunnadu, exam edu, YouTube undoo — dedication wrong place",1
"Telugu language chaalaa old language undhi, rich literature undy",0
"naa statistics record okkka page kooda rayaledu, submission day lo Kamal xerox shop lo undoo",1
DBMS research field chaallu active undy currently globally,0
"commentary lo 'magnificent shot' antee, camera replay chesadu, edge undhi — commentary lying broo",1
"new hospital Kurnool lo open avutundi next month, facilities challaa undhi",0
"Sharwanand movie review: 'logic laedu' — fans: 'logic antee em bru, emotion chuso'",1
"Tirupati climate chaala hot summers lo, monsoon better ga undi",0
"new startup Proddatur lo start avvunuu, local architect opportunities create avunu",0
"nanna 'maa time lo chaallu kashtapaddamu' ante, a time lo DSA ledoo brow — different struggle",1
"barber ki 'thoda trim' annanu — half head gone, lost in translation broo",1
Dilsukhnagar lo IT sector challa grow avutundi past decade lo,0
"naa digital circuits valla CN miss ayindhi, CN valla digital circuits miss ayindi — perfect planning 😭😭",1
"hero bike stunt chesaadhu, Rajesh try chesaadhu — bike undi, Rajesh hospital lo undy",1
"hostel lo electricity bill split chesamu, AC room ki kuda split avvunu — fair edu bru",1
"Telugu cinema industry chaala big undy, annual revenue chaallu undhi",0
"stadium ki ticket kattanu, match rain avunu — Rs 2000 rain experience brow",1
"naa phone battery chaalaa fast poothundi, relationships kanna faster 🤣",1
mental health koodha physical health la important undii anukunta,0
engineering chaalaa popular course undoo Andhra Pradesh lo,0
"naa data mining paper lo okka question kaaduu telivindi, kani confident ga avvunu rasa — confidence bru not knowledge",1
"wash chesanu clothes, rain vasindi, wet — God has timing broo",1
"India World Cup win chesadhu, nenu chemistry fail avnu same day — mixed emotions brooo",1
"hostel ki ammaa vasindi, mess food chusaka tears vasindi — maternal emotion bro",1
"Sravani chepindi notes share cheyyi ani, share chesanu",0
professor 'open book exam' antey Chitti library motham bag lo pettukochadu,1
"Girish cheppadu project submit chesadu ani, good annanu",0
"Kamal adugadu which algorithms book better ani, reference book suggest chesanu",0
"Mohammed Siraj century chesadu, office lo kudaa celebration — productivity zero officially",1
"Hema cheppindi library books return date vasindi ani, return chesanu",0
"Pavan Amulya ki gifts icchaadu, Amulya chepindhi 'you are like my brother' — return policy ledu broo",1
"YouTube lo okka video chusanu, 3 hours tarvata oka click lo — algorithm trap brooo",1
"hostel room lo 4 people, okka charger, okaa wifi — survival of the fittest",1
internships chaalaa important undoo final year students ki,0
"Virat Kohli interview lo Telugu lo cheppadu, nenu proud avvunuu — cultural representation bru",1
Warangal lo road expansion project start avvunuu this month,0
Munna library lo AI chadduvutunnadu evening daka,0
"office coffee machine broken avvunu, entire team productivity zero — dependency confirmed broo",1
networks prepare avvadam ki daily consistent practice important undoo,0
"nenu Srinu ki compilers concept explain chesanu, understood annadu",0
"online class lo professor 'unmute avvandi' antey — 50 fans, 10 dogs, 5 ammaa voices",1
"relatives adugutunnaru 'what are your plans' ani, nenu OS pass avvadam plan bro — small goals 💔",1
mental health koodha physical health la important undie anukuntunna,0
communication skills important undii any youtuber ki,0
"Teja adugadu ekkada undie nuvvu ani, Madhapur lo undy cheppanu",0
lawyer avvadam challaa kaashtam kani worth it undi anukunta,0
electricity rates change avutunnai Guntur lo this quarter,0
"Ravi cheppadu results Sunday lo vasthay ani, wait chesamu",0
"Instagram lo life chaala undy, real lo meet avnu — filter world different broo",1
"India win avnu, Srinu bike lo celebrate chesadu — okkaa run ki overreact avnu broh",1
communication clearly cheyyadham professional MLA ki essential skill undi,0
"naa life okkka hero laa start avunuu — but interval laedu, climax edu, budget ledhu 😂",1
"nenu today Kadapa ki metro lo vellanu, chala time avunuu",0
Bhai Tadipatri lo relatives ni chusaadaniki chesaadhu weekend lo,0
"Pappu cheppadu tomorrow Kadapa lo program undoo ani, attend chestava adugadu",0
"Hyderabad chaallu big city undoo, population chaallu undhi currently",0
library resources properly use chesukovalani statistics better understand avvadam ki,0
"villain 1000 cr spend chesaadu plan ki, hero okka punch lo finish — ROI zero bru",1
Varun Tej interview lo 'fans my strength' annadu — fans hearing this: power up avunu xd,1
"nanna bike ki petrol edu, naaku pocket money ledu, iddaru oka team kada",1
"hostel room lo 4 people, okka charger, okkaa wifi — survival of the fittest",1
practical knowledge chaallu important undi theoretical kanna anukuntaa,0
"Prabhas okkaa punch lo 10 mandi ni edu chesadhu, nenu okkka statistics paper clear cheyyalekapoyanu",1
"Keerthi cheppiindi notes share cheyyi ani, share chesanu",0
"naa post lo 100 likes vasindi, Venky chepadu 'paid promotion avnu' ani — jealousy speaks bro",1
"IPL season lo discrete maths study ledu, exam results reflect avvunu — cricket education bru",1
Nellore chaala develop avutundi last few years lo,0
Adoni lo okkaa new CRED office open avnu this month,0
"Srinu bro environmental science exam ki prepare ledhu, result vasthe 'paper tough undhi' ani blame chesadu ikr",1
"standup lo 'yesterday same, today same' annanu — honest answer brow, fired avutana anukuntunna",1
Guntur lo road expansion project start avunuu this month,0
chicken curry preparation method different ga undoo different regions lo,0
electricity rates change avutunnai Madhapur lo this quarter,0
regular exercise challaa important undhi long term health ki,0
"Guntur lo different areas undii, each area different culture undii",0
TOC concepts chaala important undi software engineering ki,0
"nenu coconut rice tho dinner chesamu family tho, challa undhi",0
economics okkaa important branch undi computer science lo,0
"bag pack chesanu trip ki, oka thing forget chesadhu, charger — always the charger",1
government schemes challaa undi students ki Kukatpally lo,0
"internals lo Sanjay ki 9/30 vasthe 'grace marks' antadu, grace means 9 ye bru",1
"client call lo internet ledhu avvunu, reschedule chesanu — wifi excuse bru",1
naa management marks chusaka okkaa nimisham silent ga undhi — grief kaadhu pure shock broo,1
"mess tomato rice bad undie, outside tomato rice expensive undy, ammaa tomato rice perfect undy — home truth",1
"Charan cheppadu today class undi ani, nenu attend chesanu",0
software jobs chaalaa undhi Hindupur lo young graduates ki,0
Tirupati lo IT sector chaallu grow avutundi past decade lo,0
"team celebration avvunu, cake undii, Charan dietary restriction undoo — cake still eaten brooo",1
"Sirisha chepindi tomorrow test undie microprocessors lo ani, prepare avunu",0
"Sirisha story pettindi, nenu first viewer avunuu — stalker ledoo bro just coincidence 😭😭",1
"diet chesadu, results edu, upma eat chesdu, results leduu — same outcome different happiness",1
"LB Nagar lo different areas undi, each area different culture undii",0
"phone lo 1% battery, charger room lo, nenu hall lo — impossible distance broo",1
digital circuits concepts chaalaa important undhi software engineering ki,0
"team celebration avvunu, cake undii, Santosh dietary restriction undie — cake still eaten broo",1
"Naga dp change chesaadu, Teja first like chesaadu — notification ON obviously bruh",1
"naa life Vijay Deverakonda movie la undy — interval ki twist, climax ki logic edu broo",1
"Vijay Nandini ki pongal treat ichadu, Nandini friend kuda vasindi, friend ki koodha treat ichadu — poverty begins",1
gulab jamun health benefits chaalaa undhi nutritional value tho,0
today dawn lo Naveen Rajahmundry ki bus lo vellaadu,0
"rain avunuu match cancel avunu, DLS method vasindi — nobody understands DLS bru",1
time management important skill undoo students ki anukuntaa,0
"Teja viva lo professor adugadu 'explain environmental science', Teja cheppadu 'sir nenu microprocessors chesanu' — wrong subject attended",1
"standup lo 'yesterday same, today same' annanu — honest answer broo, fired avutana anukunta",1
paneer chaalaa healthy option undhi daily diet lo,0
"work life balance undhi ani join chesadhu, 10 PM mail vasindi — balance means different things brooo",1
management interesting subject undi naa opinion lo,0
"Chiranjeevi movie review: 'logic edu' — fans: 'logic antee em bro, emotion chuso'",1
"Nithiin movie flop avunu, fans 'director problem' antaru — hero ekkudda fault ledoo bru",1
"haircut chesaadhu, photo edachu, 10 filters pettanu — still leduu brow",1
"Chitti Lavanya kosam OOPS study chesadu, Lavanya different section lo undoo — wasted effort",1
"valentine's day ki Bhai alone undy, chutney order chesdu — self love era",1
movie lo hero love failure tarvata okkaa song lo recover avunuu — real life lo years kuda ledoo,1
government schemes chala undii students ki Secunderabad lo,0
"India World Cup win chesdu, nenu digital circuits fail avnu same day — mixed emotions broh",1
professor 'open book exam' antee Lokesh library motham bag lo pettukochadu XD,1
"diet chesaadu, results leduu, idli eat chesaadu, results ledu — same outcome different happiness",1
"IPL season lo linear algebra study laedu, exam results reflect avunu — cricket education bro",1
"naa wifi chala fast undy — speed test lo matrame, actual lo leduu brow",1
"curd rice traditional Kadapa dish undy, festivals lo prepare avnu",0
"engineering colleges chaalaa undii Telangana lo, competition koodha chaallu",0
"thammudu naa charger teesukuntunnadu, nenu teesukuntunna — family sharing plan haha",1
relationship status: management tho — at least it needs me broo oof,1
"professor cheppadu 'attendance mandatory', Mani proxy pettadu, professor ne proxy ichadu — full circle broh",1
communication clearly cheyyatam professional lawyer ki essential skill undi,0
"Abhi viva lo professor adugadu 'explain maths', Abhi cheppadu 'sir nenu ML chesanu' — wrong subject attended classic",1
"crush same linear algebra class lo undhi, nenu rojuu attend chesanu — subject edu bro attendance reason different",1
nenu Charan tho Tirupati meet avnu ani plan chesadhu,0
"interview ki 'punctual ga veltanu' annanu, 10 mins late avunuu — traffic blame chesanu obviously certified L",1
"valentine's day ki Chintu alone undi, chapati order chesdu — self love era",1
Narasaraopet lo infrastructure improve avnu last few years lo slowly,0
"Karimnagar climate chaallu hot summers lo, monsoon better ga undie",0
"night mess lo butter chicken extra undie, Pappu 5 plates tinnadu — bulk season bro",1
"bus timings change avunuu Kadapa lo recently, new schedule vasindi",0
"hostel gate closed avnu, Ramesh wall jump chesaadu, security undhi — caught in 4K brooo",1
"ammaaa cooking chesthu undi, nenu help cheyyadam try chesanu — 'nuvvuu poni chadduvuko' annadi seriously",1
"naa ML professor chaallu fast brow, notes ledu, brain laedu, future ledoo",1
"long distance relationship undii, calls chaallu undoo, meet avvunuu — bills only growing ikr",1
"diet start chesanu — halwa chusaka cancel avvunu, health is wealth but food is life broo",1
"wash chesanu clothes, rain vasindi, wet — God has timing brow",1
"Rakesh deadline miss chesdu, 'estimation ga chesanu' annadu — estimation = guess confirmed bru",1
"naa hostel ki Jupiter lo daily velthunna, time avunu challaa",0
"fantasy cricket lo Rohit Sharma select chesaadhu, zero points vasindi — real game different bru",1
"power cut ayindi, phone dead, fan leduu, summer — Tirupati punishment level heat",1
"promotion vasindi — title change avunuu, work increase avvunuu, salary same — congrats brooo",1
Chirala lo real estate prices increase avunuu last year lo,0
"Charan brooo DBMS exam ki prepare ledoo, result vasthe 'paper tough undy' ani blame chesdu",1
"Surya viva lo professor adugadu 'explain English', Surya cheppadu 'sir nenu AI chesanu' — wrong subject attended seriously",1
"online class lo professor 'unmute avvandi' anti — 50 fans, 10 dogs, 5 amma voices",1
contractor avvadam chala kaashtam kani worth it undoo anukunde,0
"group project lo Vijay oka slide chesadu, presentation day lo nenu explain chesanu — Vijay ekkada undie",1
"Varun exam hall lo calculator teesukochadu, engineering drawing lo calculations ledu — prepared for wrong subject wait what",1
"Sai cheppadu tomorrow Proddatur lo program undie ani, attend chestava adugadu",0
"Venu Facebook lo 'checking in' everywhere pettadu, ammaa ki location track avunu — backfire broh",1
Girish Narasaraopet lo pilot ga work chestunnadu currently,0
"Instagram lo life chala undii, real lo meet avunuu — filter world different bru",1
"university exams schedule release avnu, students prepare avutunnaru",0
"stadium ki ticket kattanu, match rain avunu — Rs 2000 rain experience bru",1
"appraisal lo 'exceeds expectations' annadu boss, hike 3% vasindi — expectations lo gap brow",1
Mohan library lo software engineering chadduvutunnadu evening daka,0
"hostel curfew 10 PM, Ramu 10:01 ki vasadu — warden face priceless bro",1
"Kiran adugadu which ML book better ani, reference book suggest chesanu",0
Hindupur lo oka new Hotstar office open avunu this month,0
"naa birthday ki okkaa wish ledhu, exam result ki chaala messages vasindi — wrong notifications bru",1
crush cheppindi 'we are just friends' ani — physics fail kanna painful avvunuu brow,1
Bunny cheppadu new GPay download chesanu try cheyyi ani,0
"movie lo villain challa smart undii, hero okaa scene lo defeat chesadu — audience: wait what",1
"new startup Kukatpally lo start avunuu, local CA opportunities create avnu",0
software engineer avvadam chaallu kaashtam kani worth it undoo anukunde,0
communication clearly cheyyadam professional SP ki essential skill undoo,0
"peddamma cheppindi 'Kalyani ni chuso doctor avnu' ani, Kalyani ki MBBS edu — inspiration from fiction 😬",1
"Meena cheppiindi library books return date vasindi ani, return chesanu",0
"Rohit adugadu ekkada undie nuvvu ani, Karimnagar lo undie cheppanu",0
data mining research field chaallu active undoo currently globally,0
"Varun Jyothi tho first date ki Anantapur lo fried rice tinnaru, bill split chesaadu — modern love",1
"Kamal canteen ki late vasthe professor 'reason?' adugadu, 'ammgaru chesindi late' annadu — universal excuse",1
"Chitti laundry okkka month chesadu, room lo mountain avnu — Himalayas size brooo",1
"garelu traditional Guntur dish undhi, festivals lo prepare avvunu",0
"team outing undy, Sai leave chesadu — anti-social professional broh",1
practical knowledge chaala important undie theoretical kanna anukuntunna,0
"new flyover Bhimavaram lo ready avvunu next month, traffic ease avunuu anukuntunna",0
Babai Proddatur lo doctor ga work chestunnadu currently,0
"Kiran exam hall lo calculator teesukochadu, DSA lo calculations ledoo — prepared for wrong subject bro what",1
"diet start chesanu — noodles chusaka cancel avnu, health is wealth but food is life broh",1
"today English lab session undhi, experiment complete chesaadhu",0
"nenu Bhavana ki cheppanu class time change avvunuu ani, okay annadi",0
"Bumrah out avnu, entire India silent avunuu — national moment of grief",1
work from home easy anti — Srinu ammaa background lo parotta chesthu meeting lo oof,1
"ex vasindi message 'how are you' ani, nenu maths fail avutunna — great timing bro",1
"crush 'good morning' text pampindi — nenu DBMS exam forget chesaadu, failed — worth it bru XD",1
"new startup Warangal lo start avvunu, local nurse opportunities create avvunuu",0
Abhi Kurnool lo relatives ni chusaadaniki chesadu weekend lo,0
"ammaa phone lo data ledu, naa phone lo data edu, iddaru fight chesamu — poverty bonding",1
Nellore lo new metro line start avutundi next year ani announce avnu,0
Bhimavaram lo IT sector challaa grow avutundi past decade lo,0
"Mani records room lo attendance ledoo brow, but amma tho 'daily velthunna' antadu — technically ledoo kadha",1
OOPS research field chala active undii currently globally,0
"IPL season lo digital circuits study laedu, exam results reflect avvunuu — cricket education brooo",1
today dawn lo Rahul Karimnagar ki Apache lo vellaadu,0
"Vijayawada lo colleges chaalaa undie, students everywhere undoo anukuntaa",0
"follow request pampanu, pending lo undhi 6 months — neither yes nor no broo",1
"mirchi bajji healthy ani chaddivanu, oil lo fry chesanu — healthy intent unhealthy execution bru",1
"3 months crush chesanu, Dharani chepindhi 'I have a boyfriend' ani day 1 lo laedu — time waste certified",1
Machilipatnam chala develop avutundi last few years lo,0
"Telugu cinema industry chala big undy, annual revenue challaa undoo",0
"university exams schedule release avunuu, students prepare avutunnaru",0
government schemes chaala undii students ki Guntur lo,0
"bank account open ki adhar, pan card, photos teesukuravelani",0
work from home easy antaa — Raju amma background lo chicken curry chesthu meeting lo no way,1
"Tenali lo colleges chaalaa undhi, students everywhere undoo anukuntaa",0
"naa ML paper lo okkka question kaduu telivindi, kani confident ga avvunu rasa — confidence bru not knowledge no cap",1
"Rajesh cheppadu Hyderabad ki vellaadani, nenu kudaa veltanu annanu",0
"Surya adugadu which chemistry book better ani, reference book suggest chesanu",0
"Amulya cheppiindi tomorrow test undoo management lo ani, prepare avvunuu",0
accountant avvadam challaa kaashtam kani worth it undy anukunde,0
software jobs chala undi Rajahmundry lo young graduates ki,0
"diet start chesanu — chutney chusaka cancel avunuu, health is wealth but food is life brow",1
"match undoo ani amma ki cheppdu, 'laedu study cheyyi' annadi — different priorities",1
"ammaaa hostel food check chesadu, tiffin box tho vasindi — mom knows best broo",1
"crush 'good morning' text pampindi — nenu chemistry exam forget chesaadhu, failed — worth it bro",1
"Telugu language chaalaa old language undie, rich literature undy",0
"cooking chesadu, taste check chesanu, taste check again — by end gongura rice ledoo bro",1
"cousin vasadu, naa room occupy chesaadu, nenu hall lo — guest rights > family rights brooo",1
"amma cooking chesthu undhi, nenu help cheyyatam try chesanu — 'nuvu poni chadduvuko' annadi wait what",1
nenu Bhai tho Hindupur meet avvunu ani plan chesaadhu,0
"Vijay chepadu Kurnool ki vellaadani, nenu kuda veltanu annanu",0
"Venu adugadu which chemistry book better ani, reference book suggest chesanu",0
"generator sound undy, power back avvunuu ani excited avunu, neighbour generator avunuu — false hope bru",1
Nitesh today linear algebra assignment submit chesaadhu on time,0
Hyderabad lo IT sector chala grow avutundi past decade lo,0
"naa wifi chaalaa fast undoo — speed test lo matrame, actual lo ledoo brow",1
"upma spicy order chesanu, 'extra spicy' ante, tears vasindi — bravado backfire broh",1
"okkka bite chicken curry tinnanu, finish avvunuu entire plate — portion control failed broh",1
Kiran chepadu new Meesho download chesanu try cheyyi ani,0
Kalyani adugindi 'emaina special undoova nalo?' — nenu CN notes rasaanu simultaneously,1
healthy ga undadam ki mirchi bajji tho balanced diet maintain avunu,0
"theater lo Bellamkonda entry scene ki claps, interval ki claps, climax ki claps — nenu snacks ki claps gg",1
"Sunil adugadu which AI book better ani, reference book suggest chesanu",0
"code review lo Pavan cheppadu 'this can be optimized' — nenu rasanu, nenu embarrassed avunuu",1
time management important skill undii students ki anukuntaa,0
"India lose avvunuu, everyone 'team selection problem' antaru — expert analysts everywhere yikes",1
"relatives adugutunnaru 'what are your plans' ani, nenu management pass avvadam plan bru — small goals",1
"Gayatri dp change chesadu, Santosh first like chesadhu — notification ON obviously fr fr",1
Suresh canteen lo CN class attend chesaadu morning lo,0
"naaku noodles challa ishtam, amma chesdu, vere noodles chesadu — betrayal",1
healthy ga undadam ki chapati tho balanced diet maintain avvunu,0
"Kalyan Ram movie flop avvunu, fans 'director problem' antaru — hero ekkudda fault edu broh",1
resume lo relevant statistics skills clearly mention cheyyadam important,0
Karimnagar lo water supply schedule change avunuu maintenance ki,0
practical knowledge challaa important undi theoretical kanna anukuntunna,0
"Sravani cheppindi 'just be yourself' ani, nenu myself avvunuu undi, works ledoo bru — bad advice",1
"morning 6 ki alarm, snooze, 7 ki alarm, snooze, 9 ki ammaaa voice — most effective alarm bro",1
"amma hostel food check chesdu, tiffin box tho vasindi — mom knows best broh",1
naa friend Kalyan Ram dialogue morning ki evening daka repeat chesadhu — method acting ledu just annoying,1
"propose chesanu, 'I think of you as a brother' annadi — networks result kanna worse shock bru",1
Chintu library lo English chadduvutunnadu evening daka,0
Rajahmundry lo road expansion project start avunuu this month,0
designer ki necessary certifications obtain cheyyadam career growth ki helpful,0
"Instagram lo life challa undhi, real lo meet avvunuu — filter world different broo",1
"diet start chesanu — noodles chusaka cancel avunuu, health is wealth but food is life bro",1
"Pappu room lo pappu dabbala cook chesdu, entire floor smell ayindhi — community notification",1
"hero bike stunt chesaadhu, Lokesh try chesaadu — bike undoo, Lokesh hospital lo undi yikes",1
"engineering colleges chaala undie Telangana lo, competition kooda chaallu",0
"bus timings change avnu Adoni lo recently, new schedule vasindi",0
today midnight lo Venu Guntur ki cycle lo vellaadu,0
"ex vasindi message 'how are you' ani, nenu TOC fail avutunna — great timing brooo",1
"new restaurant undoo, expensive menu chusaka water only order chesanu — budget dining bru",1
"Dilsukhnagar lo colleges challa undii, students everywhere undi anukuntaa",0
"mess food chaalaa bad undi, complain chesamu, next day koodha same — feedback loop ledhu",1
communication clearly cheyyatam professional MP ki essential skill undoo,0
"nenu Keerthi tho OOPS group study chesadhu, helpful avunuu",0
"India last over lo 20 kavali, Kiran prayer start chesaadu — sudden devotion bru",1
digital circuits okka important branch undie computer science lo,0
"Dilsukhnagar lo new IT park build avutundi, jobs increase avnu anukunta",0
"nenu ML notes prepare chesanu exam ki, challaa undoo material",0
crush chepindhi 'we are just friends' ani — English fail kanna painful avunuu bro,1
"Moj lo jalebi order chesanu, wrong item vasindi, hungry avvunu tinna — hunger defeats ego",1
"morning tamarind rice breakfast ki chesamu, ammaa chesadhu today",0
"nenu Kamal tho maths doubts discuss chesanu, clear avvunuu finally",0
"naa life Balayya movie la undoo — interval ki twist, climax ki logic ledhu bro",1
"hostel cricket lo Bhai out avunuu, 'no ball' ani argue chesadhu — classic denial",1
DBMS research field chala active undi currently globally,0
"Raju cheppadu tomorrow Eluru lo program undy ani, attend chestava adugadu",0
"Priya chepindi tomorrow test undi English lo ani, prepare avvunu",0
"engineering colleges challaa undi Telangana lo, competition kuda chaallu",0
"Arjun adugadu which physics book better ani, reference book suggest chesanu",0
"Gopi cheppadu Secunderabad ki vellaadani, nenu koodha veltanu annanu",0
communication skills important undie any businessman ki,0
"internals lo Harish ki 9/30 vasthe 'grace marks' antadu, grace means 9 ye bru",1
"propose chesanu, 'I think of you as a brother' annadi — compilers result kanna worse shock bro",1
"Kalyan Ram new movie announce ayindii, fans excited avunu, nenu engineering drawing exam tension lo undii — different worlds",1
"Instagram order cancel aayindi, money 7 days lo refund avunu ani cheppindi — 7 days lo naa hunger wait edu no way",1
"chicken curry spicy order chesanu, 'extra spicy' antey, tears vasindi — bravado backfire bro",1
"bru cheppadu 'battery saver mode lo undie' — nenu text chesanu, 3 hours tarvata reply vasindi",1
Hindupur lo IT sector chala grow avutundi past decade lo,0
"mess fried rice bad undi, outside fried rice expensive undii, amma fried rice perfect undie — home truth",1
"movie lo hero okkka song lo 5 countries lo dance chesaadhu, nenu oka Mehdipatnam bus stop daataledu",1
naa TOC marks chusaka okkka nimisham silent ga undy — grief kadu pure shock brow,1
"engineering colleges chaallu undoo Telangana lo, competition kuda chaalaa",0
"traffic lo Bhimavaram lo okkka hour stuck, GPS '2 mins away' antu undoo — GPS lying brooo",1
practical knowledge challaa important undy theoretical kanna anukuntaa,0
"Bumrah century chesadu, office lo kudaa celebration — productivity zero officially",1
library resources properly use chesukovalani economics better understand avvadam ki,0
Tenali lo weather challaa hot ga undii summers lo generally,0
Kadapa lo real estate prices increase avvunu last year lo,0
"nanna 'maa time lo challa kashtapaddamu' antaa, a time lo management ledoo brow — different struggle",1
today afternoon lo Vijay Hindupur ki scooty lo vellaadu,0
"nannaa 'maa time lo chaallu kashtapaddamu' antaa, a time lo data mining ledu brooo — different struggle",1
"state lo rainfall chaalaa undi this monsoon season, reservoirs full avvunuu",0
"Gayatri chepindhi tomorrow test undi maths lo ani, prepare avnu",0
maths nerchukovadam career ki important undii anukuntaa,0
naa data mining marks chusaka okkaa nimisham silent ga undii — grief kaadhu pure shock bru,1
Lucky Hindupur lo lawyer ga work chestunnadu currently,0
"naa life oka hero laa start avnu — but interval leduu, climax ledoo, budget ledu",1
compilers basics strong avunu antee advanced concepts easy avvunu,0
"generator sound undoo, power back avvunuu ani excited avunuu, neighbour generator avvunu — false hope bro",1
Chintu university lo data mining class attend chesdu morning lo,0
"Roposo lo gongura rice order chesanu '30 mins' anti — 2 hours lo vasindi, cold ga undi",1
Bhimavaram chala develop avutundi last few years lo,0
"villain 1000 cr spend chesaadhu plan ki, hero okka punch lo finish — ROI zero broo",1
"valentine's day ki Venky alone undy, chicken curry order chesaadhu — self love era peak comedy",1
economics prepare avvadam ki daily consistent practice important undi,0
"3 months crush chesanu, Suma cheppiindi 'I have a boyfriend' ani day 1 lo ledu — time waste certified W move",1
"university exams schedule release avvunu, students prepare avutunnaru",0
Pavan Ongole lo relatives ni chusaadaniki chesadu weekend lo,0
Anantapur lo infrastructure improve avvunu last few years lo slowly,0
"state lo rainfall chaallu undi this monsoon season, reservoirs full avunuu",0
"Manoj brow CN exam ki prepare laedu, result vasthe 'paper tough undhi' ani blame chesaadu",1
environmental science concepts chaalaa important undy software engineering ki,0
"nenu Suma tho maths group study chesdu, helpful avunu",0
bike maintain cheyyadaniki regular service okkka month ki oka sari chesukovalani,0
"Pavan Ishani tho first date ki Tirupati lo gongura rice tinnaru, bill split chesadu — modern love",1
"Guntur lo okkaa seat dorikithe lucky ani anukunde, destination ki reach avnu — always like this",1
"nenu Girish ki networks concept explain chesanu, understood annadu",0
"online exam lo Bunny tab switch chesaadu, 'suspicious activity' alert vasindi — edu bro just water taaganiki vellanu",1
"naa chemistry paper lo oka question kaduu telivindi, kani confident ga avunuu rasa — confidence bro not knowledge",1
engineering drawing basics strong avvunuu antee advanced concepts easy avvunuu,0
"Bunny algorithms project last night chesadu, works on his laptop, ledoo lab lo — classic",1
"ammgaru 'oka accountant ni chadi set avutav' ante, nenu still algorithms clear cheyyalekapotunna",1
healthy ga undadam ki poori tho balanced diet maintain avvunu,0
"Tarun Keerthi ki 'hi' text chesaadu, 3 days tarvata reply vasindi — chaala busy schedule undi brooo",1
"fantasy cricket lo Mohammed Siraj select chesdu, zero points vasindi — real game different bro",1
biryani preparation method different ga undhi different regions lo,0
"naa data mining professor challaa fast broh, notes ledoo, brain ledoo, future ledhu",1
chemistry nerchukovadam career ki important undoo anukunta,0
"standup lo 'yesterday same, today same' annanu — honest answer bro, fired avutana anukunde",1
"Raju university lo attendance laedu bru, but ammgaru tho 'daily velthunna' antadu — technically ledoo kada",1
"Hyderabad climate chaallu hot summers lo, monsoon better ga undoo",0
"Kukatpally climate chaalaa hot summers lo, monsoon better ga undii",0
"Tadipatri lo colleges challa undy, students everywhere undii anukuntaa",0
environmental science okkka important branch undhi computer science lo,0
"power cut avunuu Tirupati lo, exam night lo — God timing perfect broh",1
OS basics strong avunuu anti advanced concepts easy avvunu,0
Tadipatri lo road expansion project start avvunuu this month,0
"restaurant lo menu photos chaalaa undhi, actual plate small avunu — food photography crimes bru",1
Venky canteen lo algorithms class attend chesaadhu morning lo,0
Gayatri adugindi 'emaina special undhiva nalo?' — nenu English notes rasaanu simultaneously,1
"power cut avvunuu, phone charge ledhu, powerbank ledhu — darkness in every way brooo",1
"team celebration avvunu, cake undie, Rohit dietary restriction undoo — cake still eaten broo",1
"office lunch lo chicken curry undy, nenu Flipkart order chesanu — mess food bypass brow",1
"nanna cheppadu 'accountant avvali' ani, nenu cheppanu 'try chestunna' ani — 4 years same conversation brooo",1
"hostel lo electricity bill split chesamu, AC room ki koodaa split avvunuu — fair leduu bru",1
"nenu Nani ki chemistry concept explain chesanu, understood annadu",0
"meeting schedule avunu, 'this could have been an email' — every time brooo",1
"upma healthy ani chaddivanu, oil lo fry chesanu — healthy intent unhealthy execution bru",1
"naa engineering drawing record okaa page kooda rayaledu, submission day lo Rakesh xerox shop lo undi 💔",1
"performance review lo self assessment rasanu, manager overwrite chesaadhu — useless exercise brow",1
"Abhi cooking first time chesaadhu, chicken curry chesanu, amma feedback: 'next time edu chesuku' — harsh review",1
trader avvadam challa kaashtam kani worth it undhi anukuntunna,0
practical knowledge chaallu important undoo theoretical kanna anukuntaa,0
"restaurant lo menu photos challaa undi, actual plate small avunuu — food photography crimes brow",1
"nenu jalebi tinnanu, chala undi anukuntaa",0
healthy ga undadam ki vada tho balanced diet maintain avnu,0
today Sunday lo Charan Guntur ki Splendor lo vellaadu,0
"nanna WhatsApp lo 'good morning' message forward chesaadu, nenu reply edu chesanu — generational gap",1
"nanna bike ki petrol ledu, naaku pocket money edu, iddaru okaa team kadha",1
public transport use cheyyadam traffic reduce avnu pollution kooda taginchutundi,0
"Chiranjeevi movie flop avunuu, fans 'director problem' antaru — hero ekkudda fault ledhu broo",1
"ammaa cheppindi 'doctor avutav' ani, naa marks chusaka 'compounder avvunuu kadaa' ani update chesadhu",1
"crush same data mining class lo undii, nenu rojuu attend chesanu — subject leduu bro attendance reason different",1
"Zomato lo paneer 50% off undie, order chesanu, delivery charge 100 rs — discount illusion bro",1
"Rajesh cheppadu tomorrow Gachibowli lo program undhi ani, attend chestava adugadu",0
Karimnagar chala develop avutundi last few years lo,0
"naa DBMS valla environmental science miss ayindi, environmental science valla DBMS miss ayindy — perfect planning haha",1
"Munna selfie 50 teesadu, oka post chesadu, 2 likes vasindi — effort vs result gap broh",1
"match undie ani amma ki cheppdu, 'ledoo study cheyyi' annadi — different priorities",1
"ammgaru pappu chesaadu, nenu 'chaala undy' annanu — laedu, pure diplomacy broo",1
password strong ga pettadam online security ki essential undy,0
"night mess lo dal rice extra undii, Ramesh 5 plates tinnadu — bulk season brow",1
"India match undii, compilers exam kooda undy, nenu match chesanu — priorities clear bro",1
"nenu Dinesh tho physics doubts discuss chesanu, clear avunu finally",0
electricity rates change avutunnai Kukatpally lo this quarter,0
"nenu chapati try chesanu first time, okay ga undii",0
rasgulla preparation method different ga undhi different regions lo,0
"nenu Ganesh tho discrete maths doubts discuss chesanu, clear avvunu finally",0
group study sometimes helpful avvunuu anukunta complex subjects ki,0
"Virat Kohli out avunuu, entire India silent avvunuu — national moment of grief",1
"broh cheppadu 'battery saver mode lo undi' — nenu text chesanu, 3 hours tarvata reply vasindi",1
"night mess lo curd rice extra undi, Nitesh 5 plates tinnadu — bulk season broh",1
"nenu Nandini ki wish chesanu exam ki, all the best annadi",0
bike maintain cheyyadaniki regular service okkaa month ki okaa sari chesukovalani,0
"new hospital Eluru lo open avutundi next month, facilities challaa undie",0
communication clearly cheyyadam professional trader ki essential skill undi,0
"to-do list rasanu, to-do list koodha to-do lo undie — meta productivity bru",1
"Sanjay Radha tho first date ki Hindupur lo mirchi bajji tinnaru, bill split chesdu — modern love",1
"Deepak software engineering project last night chesadu, works on his laptop, laedu lab lo — classic",1
Rajahmundry lo real estate prices increase avunu last year lo,0
"night mess lo noodles extra undhi, Srinu 5 plates tinnadu — bulk season brow",1
mental health kooda physical health la important undhi anukunta,0
practical knowledge challa important undi theoretical kanna anukunta,0
"akka result vasindi, ammaa sweets chesindi, naa result vasindi, ammaa fasting chesindi — clear bias seriously",1
library resources properly use chesukovalani OOPS better understand avvadam ki,0
"team celebration avunu, cake undii, Prasad dietary restriction undoo — cake still eaten broo",1
pappu health benefits chaala undoo nutritional value tho,0
government 'smart city' antey Nellore lo Pulsar ki roads ledu — very smart planning brow,1
"Sanjay broh algorithms exam ki prepare ledoo, result vasthe 'paper tough undii' ani blame chesadhu",1
ML interesting subject undhi naa opinion lo,0
"match undy ani amma ki chepdu, 'leduu study cheyyi' annadi — different priorities",1
"villain 1000 cr spend chesaadu plan ki, hero okkaa punch lo finish — ROI zero broh",1
"Adivi Sesh movie review: 'logic leduu' — fans: 'logic antaa em broo, emotion chuso'",1
Chaitra adugindi 'emaina special undiiva nalo?' — nenu software engineering notes rasaanu simultaneously,1
"code review lo Arjun cheppadu 'this can be optimized' — nenu rasanu, nenu embarrassed avvunuu",1
"nenu Babu ki cheppanu today assignment undoo ani, thanks annadu",0
"nenu garelu try chesanu first time, okay ga undoo",0
"today DSA lab session undie, experiment complete chesadu",0
collector ki necessary certifications obtain cheyyadam career growth ki helpful,0
"water filter edu, bottle water kinukkunnamu — monthly noodles budget lo cut avutundi broh",1
"Telugu cinema industry challaa big undoo, annual revenue challa undhi",0
"Ongole lo colleges challa undi, students everywhere undi anukuntaa",0
"Kalyan Ram movie review: 'logic ledu' — fans: 'logic antey em broo, emotion chuso'",1
"Deepika adugundi canteen ekkadaa undoo ani, direction cheppanu",0
"hostel cricket lo Suresh out avvunuu, 'no ball' ani argue chesdu — classic denial",1
"Mahesh Babu okka punch lo 10 mandi ni edu chesdu, nenu okkka microprocessors paper clear cheyyalekapoyanu",1
"WFH undhi, camera off meeting, pajama lo undhi — professional from waist up bro",1
"state lo rainfall chala undhi this monsoon season, reservoirs full avunu",0
work from home easy antaa — Lokesh amma background lo gulab jamun chesthu meeting lo ikr,1
"hostel ki amma vasindi, mess food chusaka tears vasindi — maternal emotion brow",1
"naa auditorium ki share auto lo daily velthunna, time avunuu chala",0
"Shubman Gill century chesaadu, office lo kooda celebration — productivity zero officially",1
"today algorithms lab session undoo, experiment complete chesdu",0
naa friend Allu Arjun dialogue morning ki evening daka repeat chesadhu — method acting ledu just annoying,1
"mail ki 'as per my last mail' chesadhu, war started avvunuu — corporate battlefield brow",1
"Mahesh Gayatri tho first date ki Dilsukhnagar lo lemon rice tinnaru, bill split chesadhu — modern love",1
"Mani assignment last minute chesadu, font 16, margins wide, 3 pages done — engineering at its peak",1
"Mani cheppadu results afternoon lo vasthay ani, wait chesamu",0
"garelu order chesanu, delivery boy cheppaadu '5 mins', 45 mins avunu — elastic 5 mins brooo",1
"Allu Arjun new movie announce aayindi, fans excited avvunu, nenu management exam tension lo undoo — different worlds",1
Anil Eluru lo SP ga work chestunnadu currently,0
"crush same ML class lo undhi, nenu rojuu attend chesanu — subject leduu bro attendance reason different",1
"online lo Dharani profile photo chaalaa undie, real lo meet avunuu — filter technology peak level bro",1
Hyderabad lo road expansion project start avunu this month,0
"Raju cheppadu tomorrow Ongole lo program undi ani, attend chestava adugadu",0
"Sharwanand mass scene lo BGM chaala loud undie, theater shake ayindhi, naa heart shake ayindi — same energy",1
"Girish deadline miss chesadu, 'estimation ga chesanu' annadu — estimation = guess confirmed broo",1
"Rajesh Chaitra kosam software engineering study chesadu, Chaitra different section lo undi — wasted effort W move",1
"India batting collapse avunu, nenu ML notes rasanu — parallel disasters bru",1
software engineering okaa important branch undhi computer science lo,0
"government pharmacist recruitment notification release avnu, applications start avunu",0
"power cut ayindi, phone dead, fan leduu, summer — Machilipatnam punishment level heat 🥲",1
"work life balance undi ani join chesadhu, 10 PM mail vasindi — balance means different things broh",1
"Gopi adugadu which OOPS book better ani, reference book suggest chesanu",0
"hostel mess lo fried rice undii, canteen lo fried rice undy, outside lo fried rice undie — fried rice universe bro",1
ammgaru: nuvvuu ekado unnav? nenu: library lo. ammaa: mee college lo library ekado undie da? 😂,1
maths interesting subject undie naa opinion lo,0
"morning noodles breakfast ki chesamu, amma chesaadu today",0
software jobs chaala undoo Dilsukhnagar lo young graduates ki,0
Tenali lo okkaa new Instagram office open avunu this month,0
"barber ki 'thoda trim' annanu — half head gone, lost in translation brow",1
"new flyover Guntur lo ready avunuu next month, traffic ease avnu anukuntaa",0
"Harish Facebook lo 'checking in' everywhere pettadu, amma ki location track avunu — backfire broo",1
maths research field chaallu active undie currently globally,0
"hostel curfew 10 PM, Bhaskar 10:01 ki vasadu — warden face priceless brooo",1
"India World Cup win chesaadu, nenu OS fail avnu same day — mixed emotions brow",1
Secunderabad lo new metro line start avutundi next year ani announce avvunuu,0
"Rakesh Tejaswi kosam economics study chesadu, Tejaswi different section lo undhi — wasted effort",1
linear algebra prepare avvadam ki daily consistent practice important undii,0
"Varun cheppadu project submit chesadhu ani, good annanu",0
today afternoon lo Lucky Hindupur ki auto lo vellaadu,0
"Manoj cheppadu results dawn lo vasthay ani, wait chesamu",0
"paneer spicy order chesanu, 'extra spicy' anti, tears vasindi — bravado backfire brow",1
"Kadapa climate chaala hot summers lo, monsoon better ga undi",0
"jalebi order chesanu, delivery boy cheppdu '5 mins', 45 mins avunuu — elastic 5 mins broh",1
doctor avvadam challaa kaashtam kani worth it undi anukuntunna,0
"Allu Arjun okkaa punch lo 10 mandi ni ledhu chesdu, nenu okaa ML paper clear cheyyalekapoyanu gone case",1
today dawn lo Mohan Narasaraopet ki Apache lo vellaadu,0
"naa English class midnight lo undhi, attend chesanu",0
"gulab jamun chesthu undhi amma, nenu taste chesanu, 'chala undii' annanu — chef appreciation broo",1
"online lo Indu profile photo chaalaa undi, real lo meet avunuu — filter technology peak level bro",1
"Ajay Priya ki gifts icchaadu, Priya cheppiindi 'you are like my brother' — return policy ledhu bru",1
interview ki formal dress tho punctual ga vellataniki prepare avvalani,0
Pappu cheppaadu new ShareChat download chesanu try cheyyi ani,0
"today linear algebra lab session undy, experiment complete chesaadhu",0
"nenu Lucky ki environmental science concept explain chesanu, understood annadu",0
"okkaa bite rasgulla tinnanu, finish avunu entire plate — portion control failed bro",1
reading habit challa useful undi long term lo anukunta,0
"online lo Tejaswi profile photo challa undi, real lo meet avnu — filter technology peak level brow",1
"mail ki 'as per my last mail' chesdu, war started avvunu — corporate battlefield bro",1
"new hospital Rajahmundry lo open avutundi next month, facilities challaa undi",0
"today OOPS lab session undie, experiment complete chesadu",0
economics oka important branch undy computer science lo,0
"nenu Paytm lo payment chesaadu bill ki, easy ga undi",0
"team celebration avunuu, cake undoo, Vikram dietary restriction undie — cake still eaten broo",1
Hindupur lo water supply schedule change avnu maintenance ki,0
"new flyover Adoni lo ready avnu next month, traffic ease avunu anukuntaa",0
attu preparation method different ga undoo different regions lo,0
"crush same environmental science class lo undhi, nenu rojuu attend chesanu — subject leduu bro attendance reason different",1
"nenu Haritha ki wish chesanu exam ki, all the best annadi",0
"Santosh room lo biryani dabbala cook chesaadu, entire floor smell aayindi — community notification",1
"Sanjay room lo fried rice dabbala cook chesadu, entire floor smell ayindi — community notification",1
"night lo rasam crave avunu, Moj open chesanu, delivery ledu hostel ki — hunger unsatisfied brooo",1
"hostel cricket lo Babai out avunu, 'no ball' ani argue chesadu — classic denial",1
"amma chepindi 'doctor avutav' ani, naa marks chusaka 'compounder avvunuu kadhaa' ani update chesaadu",1
"diet start chesanu — rasgulla chusaka cancel avunuu, health is wealth but food is life broh",1
naa friend Kalyan Ram dialogue morning ki evening daka repeat chesaadu — method acting ledoo just annoying,1
"restaurant lo menu photos chala undi, actual plate small avnu — food photography crimes bro",1
"Sravani adugundi canteen ekkado undoo ani, direction cheppanu",0
"office coffee machine broken avvunuu, entire team productivity zero — dependency confirmed brow",1
"Rana movie lo villain chala try chesdu, hero ki okkaa scratch edu — plot armour S tier",1
"Eswari cheppiindi exam postpone avvunuu ani, relief avvunu",0
"Telugu language chala old language undoo, rich literature undy",0
linear algebra research field challa active undy currently globally,0
"Twitter lo argument chesaadu Arun, 200 replies vasindi, everyone against — ratio avunuu broo",1
Suresh computer lab lo English class attend chesdu morning lo,0
"state lo rainfall challa undi this monsoon season, reservoirs full avunuu",0
time management important skill undy students ki anukunta,0
Guntur lo weather chaallu hot ga undie summers lo generally,0
Lucky Adoni lo content creator ga work chestunnadu currently,0
"nenu pappu tho dinner chesamu family tho, chala undie",0
"Eswari cheppindhi notes share cheyyi ani, share chesanu",0
public transport use cheyyadam traffic reduce avvunuu pollution koodaa taginchutundi,0
"vada traditional Kukatpally dish undie, festivals lo prepare avvunu",0
"Twitter lo argument chesadu Kiran, 200 replies vasindi, everyone against — ratio avvunu bru",1
Narasaraopet lo new metro line start avutundi next year ani announce avvunu,0
"okaa bite pappu tinnanu, finish avunuu entire plate — portion control failed bru",1
"sprint planning lo story points debate chesanu 2 hours, actual work 30 mins — agile philosophy bru",1
"morning pesarattu breakfast ki chesamu, ammaa chesaadhu today",0
"Raju chepadu project submit chesdu ani, good annanu",0
"nenu OOPS notes prepare chesanu exam ki, chala undi material",0
"phone ledhu chesanu '1 week', day 3 ki check chesanu — addiction certified bru",1
"pappu chesthu undy amma, nenu taste chesanu, 'chala undy' annanu — chef appreciation brow",1
"meme post chesanu, 0 likes, friend post chesanu same meme, viral avvunu — timing is everything bru",1
"nenu physics notes prepare chesanu exam ki, chala undie material",0
"YouTube lo okkka video chusanu, 3 hours tarvata okkaa click lo — algorithm trap broo",1
"team outing undhi, Raju leave chesadu — anti-social professional bru",1
Rajahmundry lo road expansion project start avvunuu this month,0
"Kukatpally lo colleges chaalaa undoo, students everywhere undhi anukuntaa",0
"commentary lo 'magnificent shot' antee, camera replay chesdu, edge undhi — commentary lying broh",1
"hostel gate closed avunu, Gopi wall jump chesaadu, security undi — caught in 4K brooo",1
"meeting lo yawn chesanu, boss chusadu — yawn explain cheyyadham hardest thing bro",1
Eluru lo new metro line start avutundi next year ani announce avvunu,0
"PhonePe order cancel ayindy, money 7 days lo refund avnu ani cheppindi — 7 days lo naa hunger wait laedu",1
Vijay Mehdipatnam lo relatives ni chusaadaniki chesaadu weekend lo,0
physics prepare avvadam ki daily consistent practice important undie,0
match tension lo vada ledoo tinnanu — superstition eating brow,1
"nenu Vani ki cheppanu class time change avvunu ani, okay annadi",0
"Sai Tej dialogue Santosh hostel lo use chesaadhu, professor appreciate chesaadhu — cinema education works",1
"nenu engineering drawing notes prepare chesanu exam ki, chaallu undy material",0
"Teja Swathi ki 'hi' text chesdu, 3 days tarvata reply vasindi — chaalaa busy schedule undi bro",1
"room mate brow early rise chesaadu, alarm 5 AM ki, nenu 5 AM ki sleeping — different schedules brooo",1
"Hyderabad climate challaa hot summers lo, monsoon better ga undi",0
"Naga Chaitanya new movie announce ayindy, fans excited avvunuu, nenu statistics exam tension lo undhi — different worlds",1
"hostel mess lo roti undhi, canteen lo roti undi, outside lo roti undii — roti universe broh",1
"Gandu adugadu ekkada undy nuvvu ani, Narasaraopet lo undi cheppanu",0
"naa networks professor chaala fast broo, notes laedu, brain leduu, future laedu",1
"Anil laundry okaa month chesadu, room lo mountain avvunu — Himalayas size bro",1
nenu Babai tho Kurnool meet avvunu ani plan chesaadhu,0
Vizag lo infrastructure improve avvunu last few years lo slowly,0
"babai cheppadu 'Arun ni chuso challaa undii' — Arun fail avnu broh, different level inspiration",1
"Suresh exam hall lo calculator teesukochadu, DSA lo calculations ledhu — prepared for wrong subject",1
accountant avvadam chaalaa kaashtam kani worth it undie anukunde,0
"Nani cheppaadu project submit chesadhu ani, good annanu",0
"nenu halwa try chesanu first time, okay ga undhi",0
"online lo Lakshmi profile photo chaala undy, real lo meet avunu — filter technology peak level bro",1
"nenu Ojaswi tho discrete maths group study chesaadhu, helpful avvunuu",0
Kavya adugindi 'emaina special undhiva nalo?' — nenu compilers notes rasaanu simultaneously,1
"haircut chesadu, photo edachu, 10 filters pettanu — still edu bru",1
"office coffee machine broken avunuu, entire team productivity zero — dependency confirmed brooo",1
"naa physics valla microprocessors miss ayindi, microprocessors valla physics miss ayindy — perfect planning",1
Nellore lo weather challaa hot ga undhi summers lo generally,0
politician avvadam chala kaashtam kani worth it undie anukuntaa,0
"ammaa phone lo data laedu, naa phone lo data ledoo, iddaru fight chesamu — poverty bonding",1
"Vizag lo colleges challa undi, students everywhere undi anukunta",0
"Surya Dharani ki chapati treat ichadu, Dharani friend koodaa vasindi, friend ki kudaa treat ichadu — poverty begins",1
"ex vasindi message 'how are you' ani, nenu AI fail avutunna — great timing broo",1
"nenu today Kadapa ki Royal Enfield lo vellanu, challaa time avvunuu",0
"ammaa cheppindhi 'doctor avutav' ani, naa marks chusaka 'compounder avunu kadhaa' ani update chesaadu",1
"hostel curfew 10 PM, Raju 10:01 ki vasadu — warden face priceless broh",1
"Madhapur lo okaa seat dorikithe lucky ani anukuntunna, destination ki reach avvunuu — always like this",1
"diet start chesanu — butter chicken chusaka cancel avunu, health is wealth but food is life bro",1
"Arun cheppadu tomorrow Vizag lo program undoo ani, attend chestava adugadu",0
"new hospital Kurnool lo open avutundi next month, facilities challa undoo",0
"Madhavi adugundi canteen ekkadaa undi ani, direction cheppanu",0
"commentary lo 'magnificent shot' antaa, camera replay chesdu, edge undii — commentary lying bru",1
"nenu Meena ki cheppanu class time change avvunuu ani, okay annadi",0
"movie lo villain challa smart undhi, hero okkka scene lo defeat chesadu — audience: wait what",1
"haircut chesadu, photo edachu, 10 filters pettanu — still edu brow",1
"nanna WhatsApp lo 'good morning' message forward chesadhu, nenu reply ledhu chesanu — generational gap",1
"restaurant lo menu photos challa undi, actual plate small avvunuu — food photography crimes brow",1
nanna smartphone istE WhatsApp lo naa result forward chesdu relatives ki — appreciated leduu brow,1
"Anna exam hall lo calculator teesukochadu, economics lo calculations ledoo — prepared for wrong subject",1
"ex vasindi message 'how are you' ani, nenu networks fail avutunna — great timing bro",1
"Twitter lo argument chesaadhu Tarun, 200 replies vasindi, everyone against — ratio avnu bro",1
"professor cheppadu 'attendance mandatory', Pavan proxy pettadu, professor ne proxy ichadu — full circle broo",1
"water filter leduu, bottle water kinukkunnamu — monthly gongura rice budget lo cut avutundi brow",1
bike maintain cheyyadaniki regular service okkaa month ki okka sari chesukovalani,0
"new flyover Chirala lo ready avunu next month, traffic ease avnu anukunde",0
"Adoni lo different areas undi, each area different culture undii",0
"India batting collapse avvunu, nenu networks notes rasanu — parallel disasters broo",1
"promotion vasindi — title change avvunuu, work increase avnu, salary same — congrats bro",1
Friday lo urgent task vasindi — weekend destroyer confirmed brooo,1
"nenu Farida ki cheppanu class time change avvunuu ani, okay annadi",0
"naa management class night lo undoo, attend chesanu",0
"naa DSA paper lo oka question kaduu telivindi, kani confident ga avvunu rasa — confidence bru not knowledge",1
"Tejaswi adugundi canteen ekada undhi ani, direction cheppanu",0
"nenu Chitti tho AI doubts discuss chesanu, clear avunuu finally",0
"Ongole lo oka seat dorikithe lucky ani anukuntaa, destination ki reach avvunu — always like this",1
relationship status: discrete maths tho — at least it needs me brooo,1
"bus timings change avunu Tenali lo recently, new schedule vasindi",0
discrete maths prepare avvadam ki daily consistent practice important undy,0
"room mate brooo early rise chesadu, alarm 5 AM ki, nenu 5 AM ki sleeping — different schedules bro",1
discrete maths okkaa important branch undie computer science lo,0
content creator avvadam challaa kaashtam kani worth it undy anukuntaa,0
"Tarun chepdu Tirupati ki vellaadani, nenu kuda veltanu annanu",0
"Telugu language chaallu old language undii, rich literature undy",0
"naa wifi chala fast undi — speed test lo matrame, actual lo ledu brooo",1
"Anna room lo pongal dabbala cook chesaadhu, entire floor smell ayindi — community notification",1
"commentary lo 'magnificent shot' ante, camera replay chesaadhu, edge undii — commentary lying brow",1
"nenu mirchi bajji try chesanu first time, okay ga undoo",0
"Kiran adugadu ekkada undie nuvvu ani, Chirala lo undie cheppanu",0
"Nitesh cheppadu today class undie ani, nenu attend chesanu",0
"internals lo Sai ki 9/30 vasthe 'grace marks' antadu, grace means 9 ye brow",1
punctuality important habit undhi professional life lo,0
linear algebra interesting subject undhi naa opinion lo,0
"summer lo Kadapa lo power cut — fan edu, AC ledhu, life ledu bru",1
"haircut chesaadu, photo edachu, 10 filters pettanu — still ledoo broh",1
"Sirisha 'nuvvuu change avvali' annadi, Rakesh hairstyle change chesaadhu — nenu try chesanu brow",1
"warden room check chesadhu, Rakesh room clean chesaadhu first time — inspection effect brow",1
"Kamal engineering drawing project last night chesadu, works on his laptop, laedu lab lo — classic",1
"cricket prediction chesanu, wrong avvunu, always — analyst career ledoo bru",1
"Prasad deadline miss chesaadhu, 'estimation ga chesanu' annadu — estimation = guess confirmed brooo",1
"nenu Tejaswi tho environmental science group study chesaadu, helpful avvunu",0
"UPS undhi ante power cut ledhu kani, UPS battery laedu — backup of backup ledu brow",1
"Arun library lo attendance laedu broo, but amma tho 'daily velthunna' antadu — technically ledoo kadha",1
"hostel curfew 10 PM, Lucky 10:01 ki vasadu — warden face priceless broo",1
"internals lo Pavan ki 9/30 vasthe 'grace marks' antadu, grace means 9 ye bru",1
"hostel cricket lo Gandu out avvunuu, 'no ball' ani argue chesadu — classic denial",1
"interview ki 'punctual ga veltanu' annanu, 10 mins late avunu — traffic blame chesanu obviously 😂",1
"Arjun cheppadu tomorrow Chirala lo program undoo ani, attend chestava adugadu",0
"Kavya cheppindhi tomorrow test undoo networks lo ani, prepare avunuu",0
"hostel lo electricity bill split chesamu, AC room ki koodha split avunuu — fair edu brooo",1
pappu chaallu healthy option undi daily diet lo,0
"reel lo easy recipe chesanu, nenu try chesanu, disaster avnu — videos lie broh",1
"India World Cup win chesadu, nenu linear algebra fail avunu same day — mixed emotions brow",1
Hindupur lo infrastructure improve avunuu last few years lo slowly,0
group study sometimes helpful avunu anukunta complex subjects ki,0
"peddamma cheppindi 'Deepika ni chuso doctor avnu' ani, Deepika ki MBBS leduu — inspiration from fiction",1
library resources properly use chesukovalani engineering drawing better understand avvadam ki,0
"Rajesh Facebook lo 'checking in' everywhere pettadu, ammaa ki location track avunuu — backfire brooo",1
"Yashasvi Jaiswal form bad undy, drop cheyyi anti, fans: 'he is legend' — unconditional support",1
"Rana dialogue Teja library lo use chesaadu, professor appreciate chesaadhu — cinema education works",1
"Tejaswi cheppindhi exam postpone avunuu ani, relief avvunu",0
"valentine's day ki Sanjay alone undii, pulihora order chesdu — self love era",1
DSA interesting subject undie naa opinion lo,0
"Srinu seminar hall ki late vasthe professor 'reason?' adugadu, 'amma chesindi late' annadu — universal excuse",1
"Babai cheppadu tomorrow Machilipatnam lo program undhi ani, attend chestava adugadu",0
"naa life Mahesh Babu movie la undhi — interval ki twist, climax ki logic ledu brooo",1
"Haritha adugundi canteen ekkado undy ani, direction cheppanu",0
regular exercise chaallu important undii long term health ki,0
"ammaaa cooking chesthu undi, nenu help cheyyatam try chesanu — 'nuvuu poni chadduvuko' annadi",1
Dilsukhnagar challaa develop avutundi last few years lo,0
"naa ML class afternoon lo undoo, attend chesanu",0
"meeting schedule avvunu, 'this could have been an email' — every time brow",1
physics concepts chala important undie software engineering ki,0
"Kamal cheppdu Anantapur ki vellaadani, nenu kudaa veltanu annanu",0
"summer lo Vizag lo power cut — fan edu, AC ledu, life ledoo bru",1
"today DBMS lab session undii, experiment complete chesaadu",0
"naa statistics class morning lo undoo, attend chesanu",0
digital circuits basics strong avvunu antee advanced concepts easy avunu,0
"to-do list rasanu, to-do list kudaa to-do lo undi — meta productivity brow",1
"NTR dialogue Bhaskar library lo use chesdu, professor appreciate chesadu — cinema education works",1
"Naga Chaitanya movie lo villain chala try chesadu, hero ki okaa scratch ledhu — plot armour S tier gg",1
"rasam traditional Dilsukhnagar dish undie, festivals lo prepare avnu",0
"Yamini chepindhi exam postpone avvunu ani, relief avunuu",0
Tadipatri chaallu develop avutundi last few years lo,0
"new startup Narasaraopet lo start avunuu, local MP opportunities create avvunuu",0
"hostel mess lo garelu undie, canteen lo garelu undi, outside lo garelu undhi — garelu universe brow",1
"rain avvunuu match cancel avunu, DLS method vasindi — nobody understands DLS broh",1
"meeting schedule avunuu, 'this could have been an email' — every time broh",1
"morning rasam breakfast ki chesamu, ammaa chesadhu today",0
"Vijay cheppadu project submit chesadhu ani, good annanu",0
"broo cheppadu 'battery saver mode lo undie' — nenu text chesanu, 3 hours tarvata reply vasindi",1
government schemes chala undie students ki Hyderabad lo,0
networks basics strong avvunuu ante advanced concepts easy avvunu,0
"Tejaswi cheppindhi notes share cheyyi ani, share chesanu",0
auto wala 'meter ledhu' antee 3x rate adugadu — Gachibowli special experience,1
"hostel mess lo idli undie, canteen lo idli undhi, outside lo idli undii — idli universe brooo",1
AI concepts chaallu important undhi software engineering ki,0
"nenu Ramesh tho AI doubts discuss chesanu, clear avunu finally",0
"Manoj adugadu ekkada undie nuvvu ani, Tenali lo undii cheppanu",0
"new joiner vasadu, nenu senior ani feel avunu, nenu kooda confused undy — leading the lost bru",1
"story post chesanu, Nandini viewed chesadhu, reply ledhu — seen without acknowledgement bro",1
"attha illu vacchindi, amma cleaning started 6 AM — natural disaster alert 💔",1
"Deepika chepindhi exam postpone avunuu ani, relief avunu",0
"naa birthday ki okkaa wish ledu, exam result ki challaa messages vasindi — wrong notifications brow",1
Rajesh Vijayawada lo relatives ni chusaadaniki chesadu weekend lo,0
"Twitter lo argument chesadhu Vikram, 200 replies vasindi, everyone against — ratio avvunu brow",1
pappu challaa healthy option undy daily diet lo,0
"new hospital Guntur lo open avutundi next month, facilities challaa undoo",0
Prasad back bench lo undy kani first bencher kanna better marks — back lo wifi strong undoo kaadaa,1
ML interesting subject undy naa opinion lo,0
"Eswari cheppindi notes share cheyyi ani, share chesanu",0
"UPS undie ante power cut ledhu kani, UPS battery ledu — backup of backup ledu bru",1
"room mate bro light 2 AM daka chestunnadu, exam laedu, YouTube undii — dedication wrong place",1
Tadipatri lo road expansion project start avnu this month,0
"Josh lo pongal order chesanu, wrong item vasindi, hungry avnu tinna — hunger defeats ego",1
"generator sound undii, power back avvunuu ani excited avvunuu, neighbour generator avunu — false hope bru",1
"propose chesanu WhatsApp lo, Radha blue tick chesaadhu, reply edu — left on read forever broo",1
Mani Kurnool lo bank manager ga work chestunnadu currently,0
"Anna Mounika ki good morning text chesadu daily, read avunu reply edu — read receipts cruelty",1
electricity rates change avutunnai Adoni lo this quarter,0
"Gandu bru data mining exam ki prepare ledoo, result vasthe 'paper tough undoo' ani blame chesaadu",1
"power cut avunu, phone charge leduu, powerbank edu — darkness in every way brow",1
"nenu today Hindupur ki Activa lo vellanu, challaa time avunu",0
"midnight hunger avunuu, Zomato open chesanu, Tirupati delivery ledoo — location punishment brooo",1
practical knowledge chala important undhi theoretical kanna anukuntaa,0
"hostel gate closed avvunu, Pappu wall jump chesaadhu, security undie — caught in 4K broh",1
"state lo rainfall chaalaa undoo this monsoon season, reservoirs full avunuu",0
"hostel wifi password change avnu, warden ki request chesadu, 'study cheyyi' annadu — classic block",1
Rakesh records room lo OOPS class attend chesadhu morning lo,0
"new restaurant undi, expensive menu chusaka water only order chesanu — budget dining bru",1
"Balayya movie ticket 500 rs, popcorn 300 rs, hero entry scene — priceless, worth it",1
"nanaaa WhatsApp lo 'good morning' message forward chesadu, nenu reply edu chesanu — generational gap",1
statistics nerchukovadam career ki important undy anukunde,0
"hero bike stunt chesaadhu, Pappu try chesadhu — bike undii, Pappu hospital lo undii",1
Madhapur chaallu develop avutundi last few years lo,0
pesarattu preparation method different ga undhi different regions lo,0
"hero bike stunt chesadu, Lucky try chesadu — bike undy, Lucky hospital lo undoo",1
"Sharwanand movie flop avvunu, fans 'director problem' antaru — hero ekkudda fault ledu brow",1
time management important skill undhi students ki anukuntaa,0
public transport use cheyyadam traffic reduce avvunu pollution kooda taginchutundi,0
punctuality important habit undy professional life lo,0
"warden room check chesdu, Pavan room clean chesaadu first time — inspection effect broh",1
"IPL season lo AI study ledhu, exam results reflect avvunuu — cricket education brow",1
"naa engineering drawing valla digital circuits miss ayindy, digital circuits valla engineering drawing miss ayindii — perfect planning",1
Surya Dilsukhnagar lo relatives ni chusaadaniki chesadhu weekend lo,0
"power cut avvunu, phone charge leduu, powerbank ledoo — darkness in every way broo",1
Anantapur lo water supply schedule change avvunuu maintenance ki,0
"ammgaru phone lo data ledu, naa phone lo data edu, iddaru fight chesamu — poverty bonding rip",1
mental health kuda physical health la important undii anukuntaa,0
Teja placement cell lo OS class attend chesaadu morning lo,0
professor 'open book exam' antaa Ravi library motham bag lo pettukochadu peak comedy,1
lawyer avvadam chaala kaashtam kani worth it undi anukunta,0
"WFH undhi, camera off meeting, pajama lo undy — professional from waist up broo",1
"nenu today Madhapur ki Apache lo vellanu, chaala time avnu",0
Dinesh principal office lo economics class attend chesdu morning lo,0
CN okka important branch undi computer science lo,0
"Bhai assignment last minute chesadhu, font 16, margins wide, 3 pages done — engineering at its peak",1
lemon rice preparation method different ga undy different regions lo,0
"3 months crush chesanu, Jasmine cheppindi 'I have a boyfriend' ani day 1 lo ledoo — time waste certified 💔",1
"Sirisha cheppiindi library books return date vasindi ani, return chesanu",0
"government pharmacist recruitment notification release avnu, applications start avnu",0
software jobs chaalaa undhi Eluru lo young graduates ki,0
"noodles traditional Mehdipatnam dish undhi, festivals lo prepare avvunu",0
"naa wifi challaa fast undi — speed test lo matrame, actual lo edu broo",1
"rain avvunu match cancel avnu, DLS method vasindi — nobody understands DLS bro",1
"Vikram adugadu ekkada undy nuvvu ani, Madhapur lo undii cheppanu",0
movie lo hero love failure tarvata oka song lo recover avunuu — real life lo years kooda edu,1
government schemes chala undhi students ki Kurnool lo,0
"metro lo seat dorikithe lucky day ani anukuntunna, next stop lo empty avunu — always like this",1
"ex vasindi message 'how are you' ani, nenu compilers fail avutunna — great timing broh",1
"water filter laedu, bottle water kinukkunnamu — monthly pongal budget lo cut avutundi brooo",1
"nenu punugulu try chesanu first time, okay ga undhi",0
"India World Cup win chesaadu, nenu environmental science fail avunuu same day — mixed emotions bru",1
bank manager avvadam challaa kaashtam kani worth it undhi anukunde,0
healthy ga undadam ki curd rice tho balanced diet maintain avnu,0
"Suresh laundry oka month chesadu, room lo mountain avvunuu — Himalayas size bro",1
communication clearly cheyyatam professional trader ki essential skill undii,0
"Ram Charan mass scene lo BGM challa loud undie, theater shake ayindhi, naa heart shake ayindhi — same energy",1
"rasgulla traditional Gachibowli dish undoo, festivals lo prepare avunu",0
"power cut ayindhi, phone dead, fan ledu, summer — Adoni punishment level heat",1
Babai new Pleasure kinukkunnadu last month Kadapa lo,0
"new shoes vecchaanu, blister vasindi — fashion pain is real broo",1
exam lo Gandu pray chesdu 'God MCQ lo A avvani cheyyadam' — very specific prayer broh,1
"Hotstar order cancel ayindi, money 7 days lo refund avvunuu ani cheppindi — 7 days lo naa hunger wait ledhu",1
"nenu Bunny tho management doubts discuss chesanu, clear avunuu finally",0
"Jasmine chepindhi notes share cheyyi ani, share chesanu",0
auto wala 'meter leduu' antee 3x rate adugadu — Chirala special experience,1
"match undoo ani amma ki chepadu, 'ledu study cheyyi' annadi — different priorities",1
naa friend Mahesh Babu dialogue morning ki evening daka repeat chesadhu — method acting ledoo just annoying,1
"Gayatri chepindhi tomorrow test undhi networks lo ani, prepare avnu",0
"engineering colleges challaa undi Telangana lo, competition kooda challaa",0
Tirupati lo transport options improve avunu metro tho,0
"YouTube comment chesanu genuine, 0 likes, irrelevant comment chesanu, 500 likes — algorithm mystery",1
library resources properly use chesukovalani microprocessors better understand avvadam ki,0
"Kamal Ojaswi ki gifts icchaadu, Ojaswi cheppindhi 'you are like my brother' — return policy edu bru",1
"Chaitra chepindi exam postpone avnu ani, relief avunu",0
nenu Kamal tho LB Nagar meet avunuu ani plan chesadhu,0
"morning lemon rice breakfast ki chesamu, ammgaru chesadhu today",0
"traffic lo Kadapa lo okka hour stuck, GPS '2 mins away' antu undie — GPS lying brooo",1
"ammgaru cooking chesthu undie, nenu help cheyyadham try chesanu — 'nuvvu poni chadduvuko' annadi",1
"naa gate lo TOC class cancel aayindi, but attendance portal lo present show avvunu — glitch in the matrix",1
"Moj lo punugulu 50% off undy, order chesanu, delivery charge 100 rs — discount illusion bro",1
"team celebration avvunuu, cake undie, Babai dietary restriction undy — cake still eaten bru",1
"naa reading room ki tempo lo daily velthunna, time avunu challaa",0
OS concepts challa important undi software engineering ki,0
"room mate bru light 2 AM daka chestunnadu, exam edu, YouTube undi — dedication wrong place",1
"naa birthday ki okkaa wish laedu, exam result ki challaa messages vasindi — wrong notifications brooo",1
"theater lo Sharwanand entry scene ki claps, interval ki claps, climax ki claps — nenu snacks ki claps 💔",1
"mess food challa bad undhi, complain chesamu, next day kooda same — feedback loop edu",1
"Rohit Sharma interview lo Telugu lo cheppdu, nenu proud avvunuu — cultural representation bru",1
"Divya story pettindi, nenu first viewer avvunu — stalker laedu bro just coincidence",1
"metro lo seat dorikithe lucky day ani anukunde, next stop lo empty avunu — always like this ikr",1
"meme post chesanu, 0 likes, friend post chesanu same meme, viral avvunuu — timing is everything bru",1
communication skills important undhi any pharmacist ki,0
"nenu Bhai ki cheppanu today assignment undhi ani, thanks annadu",0
"nenu chutney tho dinner chesamu family tho, chaallu undi",0
"online exam lo Rahul tab switch chesaadu, 'suspicious activity' alert vasindi — ledhu bro just water taaganiki vellanu",1
Chirala lo okka new Hotstar office open avunu this month,0
bike maintain cheyyadaniki regular service okkka month ki okaa sari chesukovalani,0
"Ravi cheppdu project submit chesaadhu ani, good annanu",0
"Narasaraopet lo colleges challaa undie, students everywhere undi anukunde",0
"nanna 'maa time lo chaalaa kashtapaddamu' anti, a time lo OS ledhu bru — different struggle",1
SP ki necessary certifications obtain cheyyadam career growth ki helpful,0
"today microprocessors lab session undoo, experiment complete chesdu",0
"Zomato lo dosa order chesanu, wrong item vasindi, hungry avvunuu tinna — hunger defeats ego",1
Proddatur lo new college open avutundi engineering courses tho,0
"naa wifi challa fast undoo — speed test lo matrame, actual lo ledoo broo",1
"reel lo easy recipe chesanu, nenu try chesanu, disaster avnu — videos lie brow",1
"power cut avunu, phone charge ledoo, powerbank laedu — darkness in every way brooo",1
Bhimavaram lo new metro line start avutundi next year ani announce avunu,0
Mehdipatnam lo transport options improve avnu metro tho,0
algorithms research field chaala active undii currently globally,0
"pongal traditional Warangal dish undhi, festivals lo prepare avnu",0
software jobs chaala undhi Guntur lo young graduates ki,0
"room mate broo light 2 AM daka chestunnadu, exam ledu, YouTube undoo — dedication wrong place",1
Gopi Vijayawada lo nurse ga work chestunnadu currently,0
nurse ki necessary certifications obtain cheyyadam career growth ki helpful,0
"Allu Arjun okaa punch lo 10 mandi ni ledoo chesadu, nenu okkka digital circuits paper clear cheyyalekapoyanu fr fr",1
"Farida cheppindhi notes share cheyyi ani, share chesanu",0
"Ravi adugadu ekkada undy nuvvu ani, LB Nagar lo undoo cheppanu",0
"villain 1000 cr spend chesaadu plan ki, hero okkka punch lo finish — ROI zero bro",1
"Madhavi adugundi canteen ekado undie ani, direction cheppanu",0
"Arjun Gayatri kosam TOC study chesadu, Gayatri different section lo undi — wasted effort",1
"Balayya movie flop avunuu, fans 'director problem' antaru — hero ekkudda fault ledoo bru",1
"nenu Girish ki cheppanu today assignment undi ani, thanks annadu",0
"Machilipatnam lo different areas undoo, each area different culture undy",0
"nenu Suma ki wish chesanu exam ki, all the best annadi",0
today morning lo Vijay Tenali ki Dio lo vellaadu,0
"nenu Anna ki compilers concept explain chesanu, understood annadu",0
maths oka important branch undoo computer science lo,0
"new startup Chirala lo start avnu, local engineer opportunities create avnu",0
chemistry nerchukovadam career ki important undy anukunta,0
"bag pack chesanu trip ki, okkka thing forget chesadu, charger — always the charger",1
"Meena story pettindi, nenu first viewer avnu — stalker ledoo bro just coincidence seriously",1
"cricket prediction chesanu, wrong avvunu, always — analyst career leduu bru",1
"Madhapur chaallu big city undie, population challaa undie currently",0
"mail ki 'as per my last mail' chesadu, war started avunuu — corporate battlefield broh",1
"office lunch lo chutney undoo, nenu Josh order chesanu — mess food bypass brooo",1
"nenu Lakshmi ki wish chesanu exam ki, all the best annadi",0
"India World Cup win chesaadu, nenu networks fail avvunuu same day — mixed emotions bru",1
"3 months crush chesanu, Naga cheppindhi 'I have a boyfriend' ani day 1 lo ledhu — time waste certified",1
"relatives adugutunnaru 'what are your plans' ani, nenu networks pass avvadam plan broo — small goals",1
"bag pack chesanu trip ki, okkaa thing forget chesaadhu, charger — always the charger",1
"nenu tomato rice tinnanu, chaallu undi anukuntunna",0
chemistry concepts chala important undi software engineering ki,0
"cooking chesadhu, taste check chesanu, taste check again — by end sambar ledu brow",1
"Ganesh bus stop lo attendance ledhu brow, but amma tho 'daily velthunna' antadu — technically leduu kadhaa",1
"nenu mirchi bajji tinnanu, challaa undoo anukunta",0
compilers prepare avvadam ki daily consistent practice important undhi,0
"client call lo internet ledu avvunuu, reschedule chesanu — wifi excuse brow",1
"nenu Gandu tho DSA doubts discuss chesanu, clear avunuu finally",0
Guntur lo water supply schedule change avunuu maintenance ki,0
ML nerchukovadam career ki important undii anukuntunna,0
"BYJU's notification off chesanu, silent mode chesadhu, still distracted avvunuu — problem internal bru",1
"new flyover Nellore lo ready avvunu next month, traffic ease avvunu anukuntaa",0
communication clearly cheyyatam professional lawyer ki essential skill undhi,0
Divya adugindi 'emaina special undieva nalo?' — nenu statistics notes rasaanu simultaneously,1
"mail ki 'as per my last mail' chesdu, war started avnu — corporate battlefield brooo",1
Teja Tenali lo relatives ni chusaadaniki chesadhu weekend lo,0
"Ramu adugadu which CN book better ani, reference book suggest chesanu",0
"Tenali lo new IT park build avutundi, jobs increase avnu anukuntaa",0
"state lo rainfall chaallu undii this monsoon season, reservoirs full avvunuu",0
"Bellamkonda movie lo villain chaala try chesdu, hero ki oka scratch ledu — plot armour S tier",1
roti preparation method different ga undii different regions lo,0
"Sunil selfie 50 teesadu, okka post chesadhu, 2 likes vasindi — effort vs result gap brow",1
Naidu Guntur lo relatives ni chusaadaniki chesaadu weekend lo,0
"cricket prediction chesanu, wrong avnu, always — analyst career ledu broh",1
"ammaaa chutney chesaadhu, nenu 'chaala undhi' annanu — edu, pure diplomacy bro",1
"government teacher recruitment notification release avunu, applications start avvunu",0
auto wala 'meter laedu' antaa 3x rate adugadu — Tirupati special experience,1
"dal rice healthy ani chaddivanu, oil lo fry chesanu — healthy intent unhealthy execution bru",1
"Tirupati lo different areas undoo, each area different culture undhi",0
Rajahmundry lo transport options improve avvunu metro tho,0
"Twitter lo argument chesaadu Arjun, 200 replies vasindi, everyone against — ratio avunu bru",1
"new joiner vasadu, nenu senior ani feel avnu, nenu kooda confused undoo — leading the lost broh",1
"butter chicken traditional Tenali dish undoo, festivals lo prepare avvunu",0
"naa wifi chaala fast undoo — speed test lo matrame, actual lo ledu bro",1
"diet start chesanu — vada chusaka cancel avvunuu, health is wealth but food is life bro",1
"wash chesanu clothes, rain vasindi, wet — God has timing bru",1
chapati health benefits chaallu undie nutritional value tho,0
"Kukatpally chaala big city undoo, population chaala undie currently",0
"ammaa chepindi 'doctor avutav' ani, naa marks chusaka 'compounder avunu kadhaa' ani update chesaadhu",1
"nenu Amazon Prime lo payment chesadu bill ki, easy ga undii",0
"nenu idli tho dinner chesamu family tho, chaala undoo",0
"reel lo easy recipe chesanu, nenu try chesanu, disaster avunu — videos lie brooo",1
Tenali lo okaa new Swiggy office open avvunuu this month,0
Machilipatnam chaalaa develop avutundi last few years lo,0
"follow request pampanu, pending lo undi 6 months — neither yes nor no broh",1
"nenu Bhaskar tho physics doubts discuss chesanu, clear avvunu finally",0
Anil today data mining assignment submit chesaadhu on time,0
"YouTube lo okka video chusanu, 3 hours tarvata okaa click lo — algorithm trap brooo",1
"Bhavana cheppindhi library books return date vasindi ani, return chesanu",0
"mess food challa bad undie, complain chesamu, next day kudaa same — feedback loop ledoo",1
today weekend lo Chintu Hindupur ki tractor lo vellaadu,0
Kurnool lo transport options improve avvunu metro tho,0
"chapati healthy ani chaddivanu, oil lo fry chesanu — healthy intent unhealthy execution bro",1
"nenu Madhavi tho ML group study chesadhu, helpful avvunu",0
software engineer ki necessary certifications obtain cheyyadam career growth ki helpful,0
naa friend Naga Chaitanya dialogue morning ki evening daka repeat chesaadhu — method acting ledoo just annoying,1
"nenu idli try chesanu first time, okay ga undii",0
Suresh library lo CN chadduvutunnadu evening daka,0
"Nitesh Instagram bio lo 'entrepreneur' pettadu, venture ledu — aspirational lying bru",1
Vijay today compilers assignment submit chesdu on time,0
"nenu Pavan tho chemistry doubts discuss chesanu, clear avunuu finally",0
Anantapur lo road expansion project start avunuu this month,0
"Vijayawada lo new IT park build avutundi, jobs increase avvunu anukuntaa",0
"broo cheppadu 'battery saver mode lo undhi' — nenu text chesanu, 3 hours tarvata reply vasindi",1
pappu chala healthy option undoo daily diet lo,0
OS nerchukovadam career ki important undy anukunta,0
"PhonePe order cancel ayindy, money 7 days lo refund avunuu ani cheppindi — 7 days lo naa hunger wait ledu",1
"movie lo Sai Tej tho fight scene, 50 mandi ni okaa hand tho — physics take a vacation brooo",1
microprocessors prepare avvadam ki daily consistent practice important undi,0
data mining concepts chaalaa important undii software engineering ki,0
"room mate brooo light 2 AM daka chestunnadu, exam laedu, YouTube undoo — dedication wrong place",1
"hostel gate closed avnu, Bunny wall jump chesaadu, security undi — caught in 4K bro",1
"Mahesh Babu movie lo villain challa try chesaadhu, hero ki okkka scratch edu — plot armour S tier",1
Warangal lo IT sector challaa grow avutundi past decade lo,0
"Zara chepindi exam postpone avvunu ani, relief avvunuu",0
group study sometimes helpful avvunuu anukunde complex subjects ki,0
"online class lo professor 'unmute avvandi' ante — 50 fans, 10 dogs, 5 amma voices haha",1
linear algebra nerchukovadam career ki important undii anukunde,0
"naa post lo 100 likes vasindi, Babai cheppaadu 'paid promotion avunu' ani — jealousy speaks brow",1
"nenu Prasad ki discrete maths concept explain chesanu, understood annadu",0
halwa preparation method different ga undii different regions lo,0
"GPay notification off chesanu, silent mode chesadu, still distracted avnu — problem internal broo",1
movie lo hero love failure tarvata okkaa song lo recover avvunu — real life lo years koodaa leduu,1
"Telugu language chaalaa old language undhi, rich literature undi",0
"ammaaa 'oka software engineer ni chadi set avutav' antee, nenu still English clear cheyyalekapotunna",1
"client call lo internet leduu avvunu, reschedule chesanu — wifi excuse bro",1
"commentary lo 'magnificent shot' anti, camera replay chesaadhu, edge undhi — commentary lying bro",1
garelu chaallu healthy option undoo daily diet lo,0
Arjun back bench lo undii kani first bencher kanna better marks — back lo wifi strong undie kaadaa,1
"Mohan deadline miss chesadu, 'estimation ga chesanu' annadu — estimation = guess confirmed broo",1
"diet chesadhu, results leduu, paneer eat chesdu, results laedu — same outcome different happiness",1
"Nitesh chepadu Narasaraopet ki vellaadani, nenu kuda veltanu annanu",0
"nenu Varun ki cheppanu today assignment undi ani, thanks annadu",0
"nenu Radha ki wish chesanu exam ki, all the best annadi",0
"nenu lemon rice tinnanu, challa undy anukuntaa",0
"Venu adugadu ekkada undie nuvvu ani, Adoni lo undii cheppanu",0
Tenali lo IT sector chala grow avutundi past decade lo,0
"bus timings change avvunuu Hindupur lo recently, new schedule vasindi",0
Rajesh Bhimavaram lo relatives ni chusaadaniki chesaadhu weekend lo,0
"Kalyan Ram movie trailer chala undhi ani 4 tickets kattanu, movie logic laedu — trailer cheated broo",1
Varun cheppdu new Flipkart download chesanu try cheyyi ani,0
"Tirupati lo new IT park build avutundi, jobs increase avunu anukuntaa",0
"morning tamarind rice breakfast ki chesamu, ammaaa chesaadhu today",0
"promotion vasindi — title change avnu, work increase avunuu, salary same — congrats brooo",1
bike maintain cheyyadaniki regular service oka month ki okka sari chesukovalani,0
"group project lo Abhi oka slide chesadu, presentation day lo nenu explain chesanu — Abhi ekkada undii finished bro",1
"Lakshmi cheppindi exam postpone avvunu ani, relief avvunuu",0
deadlines track chesukovalani planner use chestey work organized ga avnu,0
"fantasy cricket lo Bumrah select chesadu, zero points vasindi — real game different brow",1
"engineering colleges challa undoo Telangana lo, competition koodha challaa",0
"online lo Kalyani profile photo chaala undi, real lo meet avunuu — filter technology peak level broo",1
"3 months crush chesanu, Kalyani chepindhi 'I have a boyfriend' ani day 1 lo ledhu — time waste certified rip",1
"client call lo internet edu avunu, reschedule chesanu — wifi excuse broo",1
"theater lo Allu Arjun entry scene ki claps, interval ki claps, climax ki claps — nenu snacks ki claps",1
"Anil cheppadu results holiday lo vasthay ani, wait chesamu",0
"meeting lo yawn chesanu, boss chusadu — yawn explain cheyydam hardest thing broh",1
"Madhavi cheppindhi exam postpone avvunuu ani, relief avunuu",0
work from home easy antey — Sekhar amma background lo gongura rice chesthu meeting lo,1
Hyderabad lo new college open avutundi engineering courses tho,0
"professor cheppadu 'attendance mandatory', Rohit proxy pettadu, professor ne proxy ichadu — full circle brow",1
"new hospital Tenali lo open avutundi next month, facilities challaa undii",0
"hero bike stunt chesadhu, Girish try chesaadhu — bike undoo, Girish hospital lo undoo",1
communication clearly cheyydam professional engineer ki essential skill undhi,0
"India match undy, algorithms exam kuda undy, nenu match chesanu — priorities clear broo",1
"naa management class Monday lo undie, attend chesanu",0
"bug report vasindi, nenu 'not able to reproduce' chesdu — classic response broh",1
"Bhai cheppadu today class undoo ani, nenu attend chesanu",0
"nenu Manoj ki AI concept explain chesanu, understood annadu",0
"follow request pampanu, pending lo undi 6 months — neither yes nor no bro",1
"naa gate ki share auto lo daily velthunna, time avnu challa",0
Anna new Activa kinukkunnadu last month Secunderabad lo,0
"haircut chesaadhu, photo edachu, 10 filters pettanu — still ledu brooo",1
"cooking chesaadu, taste check chesanu, taste check again — by end paneer ledoo broh",1
"Allu Arjun dialogue Vijay placement cell lo use chesdu, professor appreciate chesadu — cinema education works",1
"Nithiin okaa punch lo 10 mandi ni ledu chesadhu, nenu okaa OS paper clear cheyyalekapoyanu",1
mental health kooda physical health la important undii anukunta,0
pulihora health benefits chaala undii nutritional value tho,0
dal rice health benefits chaalaa undii nutritional value tho,0
"IPL season lo OOPS study ledu, exam results reflect avvunuu — cricket education brow",1
"hostel wifi password change avnu, warden ki request chesadhu, 'study cheyyi' annadu — classic block",1
"IPL season lo statistics study edu, exam results reflect avvunu — cricket education broo",1
match tension lo rasam ledoo tinnanu — superstition eating brow,1
"Bhaskar cheppadu today class undii ani, nenu attend chesanu",0
password strong ga pettadam online security ki essential undhi,0
Sekhar cheppaadu new CRED download chesanu try cheyyi ani,0
"thammudu naa charger teesukuntunnadu, nenu teesukuntunna — family sharing plan certified L",1
networks nerchukovadam career ki important undi anukuntaa,0
"fantasy cricket lo Rohit Sharma select chesaadu, zero points vasindi — real game different bru",1
"naa seminar hall ki auto lo daily velthunna, time avnu chaala",0
"naa English notes chaala neat ga undy, exam ki neney chadduvukoledu — aesthetic > knowledge",1
Tirupati lo okaa new ShareChat office open avunuu this month,0
mental health kudaa physical health la important undi anukuntaa,0
"nenu upma tinnanu, challaa undoo anukuntunna",0
"morning noodles breakfast ki chesamu, ammgaru chesadhu today",0
Machilipatnam lo weather challa hot ga undoo summers lo generally,0
"WFH undy, camera off meeting, pajama lo undii — professional from waist up brooo",1
"room mate brow light 2 AM daka chestunnadu, exam ledu, YouTube undoo — dedication wrong place",1
"akka result vasindi, amma sweets chesindi, naa result vasindi, ammgaru fasting chesindi — clear bias",1
bike maintain cheyyadaniki regular service okka month ki okka sari chesukovalani,0
DSA interesting subject undhi naa opinion lo,0
"movie lo hero okkka song lo 5 countries lo dance chesadu, nenu okkaa Kukatpally bus stop daataledu",1
maths concepts challa important undi software engineering ki,0
government schemes challa undy students ki Madhapur lo,0
"Teja room lo idli dabbala cook chesaadhu, entire floor smell ayindii — community notification",1
"nenu noodles try chesanu first time, okay ga undy",0
government new scholarship scheme announce chesadhu engineering students ki,0
chelli adugutundi 'nuwu ekkado vellav?' nenu: exam. chelli: pass avutava? — motivating broh,1
"valentine's day ki Sanjay alone undie, parotta order chesadhu — self love era",1
chemistry nerchukovadam career ki important undi anukunta,0
Adoni lo weather chala hot ga undie summers lo generally,0
OS concepts challa important undie software engineering ki,0
"Lucky chepadu project submit chesaadhu ani, good annanu",0
"online meeting lo nenu mute avnu matladanu 5 mins — everyone heard, no one told brow",1
"Keerthi chepindhi library books return date vasindi ani, return chesanu",0
"Bindu cheppiindi tomorrow test undoo engineering drawing lo ani, prepare avvunuu",0
"Telugu cinema industry challaa big undie, annual revenue chala undi",0
"power cut aayindi, phone dead, fan ledhu, summer — Hindupur punishment level heat",1
"to-do list rasanu, to-do list koodha to-do lo undy — meta productivity broh",1
"Netflix lo vada 50% off undie, order chesanu, delivery charge 100 rs — discount illusion brow",1
"nenu Sunil ki maths concept explain chesanu, understood annadu",0
"India win avunu, Lucky bike lo celebrate chesadu — oka run ki overreact avnu bru",1
environmental science prepare avvadam ki daily consistent practice important undie,0
"Twitter lo argument chesadu Rahul, 200 replies vasindi, everyone against — ratio avunuu broh",1
"movie lo Sai Tej tho fight scene, 50 mandi ni okkka hand tho — physics take a vacation bro",1
"coconut rice order chesanu, delivery boy cheppdu '5 mins', 45 mins avvunuu — elastic 5 mins brow",1
"naa reading room ki Pleasure lo daily velthunna, time avnu chala",0
"new year resolution 'early rise chesanu' — January 2 ki snooze, January 3 ki alarm delete chesdu",1
"Mohan cheppadu tomorrow Bhimavaram lo program undie ani, attend chestava adugadu",0
"Allu Arjun new movie announce aayindi, fans excited avvunuu, nenu DSA exam tension lo undi — different worlds",1
"internals lo Vijay ki 9/30 vasthe 'grace marks' antadu, grace means 9 ye brow",1
"team celebration avunuu, cake undi, Sekhar dietary restriction undie — cake still eaten brooo",1
"naa ground ki Activa lo daily velthunna, time avunuu chala",0
"curd rice healthy ani chaddivanu, oil lo fry chesanu — healthy intent unhealthy execution broh",1
"naa AI class night lo undhi, attend chesanu",0
"nenu Amazon lo payment chesadu bill ki, easy ga undie",0
library resources properly use chesukovalani AI better understand avvadam ki,0
"Ravi selfie 50 teesadu, okkka post chesaadhu, 2 likes vasindi — effort vs result gap brow",1
"attha illu vacchindi, ammaaa cleaning started 6 AM — natural disaster alert 😂",1
"Naga Chaitanya dialogue Sunil placement cell lo use chesadu, professor appreciate chesaadu — cinema education works",1
"new restaurant undie, expensive menu chusaka water only order chesanu — budget dining brow",1
linear algebra concepts chaalaa important undy software engineering ki,0
"diet chesdu, results ledhu, dal rice eat chesadhu, results ledhu — same outcome different happiness",1
communication skills important undie any IAS officer ki,0
"naa department ki scooty lo daily velthunna, time avvunuu challa",0
"nenu Manoj tho physics doubts discuss chesanu, clear avnu finally",0
"Rakesh viva lo professor adugadu 'explain TOC', Rakesh cheppadu 'sir nenu ML chesanu' — wrong subject attended",1
"ATM ki poina cash ledhu, UPI try chesanu network ledu — broke in every possible way",1
"ammaa cheppindhi 'doctor avutav' ani, naa marks chusaka 'compounder avvunuu kadhaa' ani update chesaadhu",1
"power cut ayindhi, phone dead, fan edu, summer — Guntur punishment level heat F",1
"interview ki 'punctual ga veltanu' annanu, 10 mins late avunuu — traffic blame chesanu obviously",1
Ganesh today digital circuits assignment submit chesdu on time,0
economics nerchukovadam career ki important undie anukuntunna,0
nenu Lokesh tho Nellore meet avunuu ani plan chesadu,0
"night lo Manoj snore chesadu, nenu headphones pettanu, battery ledu, suffering begin avvunu",1
nanna smartphone istE WhatsApp lo naa result forward chesaadhu relatives ki — appreciated edu bru,1
"bill split cheyyalante calculator teesanu, mental maths 5th class lo chesanu — selective skills",1
naa friend Prabhas dialogue morning ki evening daka repeat chesaadu — method acting edu just annoying,1
work from home easy anti — Santosh ammaaa background lo mirchi bajji chesthu meeting lo W move,1
"IPL season lo ML study edu, exam results reflect avvunuu — cricket education bro",1
"Naidu LinkedIn lo 'open to work' pettadu, recruiter ledoo, relatives vasindi — wrong platform response",1
"Machilipatnam lo new IT park build avutundi, jobs increase avunu anukuntaa",0
"Ajay LinkedIn lo 'open to work' pettadu, recruiter ledu, relatives vasindi — wrong platform response",1
Munna seminar hall lo linear algebra class attend chesadu morning lo,0
communication clearly cheyyatam professional businessman ki essential skill undii,0
"naa life Sai Tej movie la undie — interval ki twist, climax ki logic ledu bro",1
"nenu mirchi bajji tinnanu, chala undoo anukunta",0
today Monday lo Gandu Anantapur ki Pleasure lo vellaadu,0
"Dinesh cheppadu tomorrow Rajahmundry lo program undoo ani, attend chestava adugadu",0
"Manoj TOC project last night chesadu, works on his laptop, leduu lab lo — classic genius bro",1
"engineering colleges chaalaa undy Telangana lo, competition kudaa chaallu",0
"standup lo 'yesterday same, today same' annanu — honest answer brooo, fired avutana anukunta",1
"Manoj adugadu which AI book better ani, reference book suggest chesanu",0
CN prepare avvadam ki daily consistent practice important undy,0
"queue lo okkaa hour stand chesanu, naa turn ki 'closed' board — universal suffering brooo",1
"mail ki 'as per my last mail' chesaadhu, war started avunuu — corporate battlefield bro",1
Narasaraopet lo weather chala hot ga undy summers lo generally,0
maths prepare avvadam ki daily consistent practice important undoo,0
Machilipatnam chaallu develop avutundi last few years lo,0
"online meeting lo nenu mute avunu matladanu 5 mins — everyone heard, no one told broo",1
"Lavanya cheppindi 'just be yourself' ani, nenu myself avnu undi, works ledhu broo — bad advice",1
"Gachibowli lo different areas undhi, each area different culture undie",0
Kukatpally lo water supply schedule change avunu maintenance ki,0
"commentary lo 'magnificent shot' antey, camera replay chesaadu, edge undoo — commentary lying brooo",1
"nenu rasgulla try chesanu first time, okay ga undhi",0
engineering chaala popular course undhi Andhra Pradesh lo,0
"propose chesanu, 'I think of you as a brother' annadi — microprocessors result kanna worse shock broo",1
butter chicken chaalaa healthy option undie daily diet lo,0
library resources properly use chesukovalani DSA better understand avvadam ki,0
"crush 'good morning' text pampindi — nenu chemistry exam forget chesaadhu, failed — worth it bru oof",1
"Haritha cheppindi exam postpone avvunuu ani, relief avunuu",0
"hero bike stunt chesaadhu, Pappu try chesdu — bike undi, Pappu hospital lo undy",1
Eluru lo real estate prices increase avunuu last year lo,0
"cricket prediction chesanu, wrong avunu, always — analyst career edu brooo",1
"Lokesh mess lo attendance leduu bro, but amma tho 'daily velthunna' antadu — technically leduu kadha",1
today dawn lo Anil Tirupati ki Dio lo vellaadu,0
"power cut avvunuu Vijayawada lo, exam night lo — God timing perfect broo",1
"power cut avunuu Tirupati lo, exam night lo — God timing perfect brooo",1
nenu Naidu tho Narasaraopet meet avunuu ani plan chesaadu,0
"night lo Arun snore chesadu, nenu headphones pettanu, battery laedu, suffering begin avvunu",1
Naveen library lo environmental science chadduvutunnadu evening daka,0
Warangal challa develop avutundi last few years lo,0
"nenu biryani try chesanu first time, okay ga undoo",0
"hostel gate closed avvunuu, Ravi wall jump chesdu, security undhi — caught in 4K brow",1
"Naga chepindhi tomorrow test undoo DSA lo ani, prepare avunu",0
"power cut avunuu, phone charge ledu, powerbank ledoo — darkness in every way broh",1
"diet start chesanu — coconut rice chusaka cancel avunu, health is wealth but food is life brooo",1
"hostel cricket lo Pavan out avnu, 'no ball' ani argue chesaadhu — classic denial",1
today holiday lo Venky Hindupur ki share auto lo vellaadu,0
"power cut aayindi, phone dead, fan ledoo, summer — Hindupur punishment level heat",1
today Sunday lo Prasad Adoni ki truck lo vellaadu,0
"Charan adugadu which compilers book better ani, reference book suggest chesanu",0
gulab jamun health benefits challa undi nutritional value tho,0
"midnight hunger avvunu, Instagram open chesanu, Guntur delivery laedu — location punishment broo",1
"online meeting lo nenu mute avvunu matladanu 5 mins — everyone heard, no one told bro",1
"promotion vasindi — title change avvunu, work increase avunu, salary same — congrats bro",1
"hostel lo electricity bill split chesamu, AC room ki kudaa split avunu — fair edu bro",1
"Sanjay laundry okkka month chesadu, room lo mountain avunuu — Himalayas size bro",1
"okkka bite gongura rice tinnanu, finish avnu entire plate — portion control failed brooo",1
"power cut ayindi, phone dead, fan edu, summer — Gachibowli punishment level heat yikes",1
"nannagaru cheppadu 'contractor avvali' ani, nenu cheppanu 'try chestunna' ani — 4 years same conversation brooo",1
match tension lo coconut rice edu tinnanu — superstition eating broo,1
"propose chesanu, 'I think of you as a brother' annadi — economics result kanna worse shock bru",1
Chirala lo transport options improve avunu metro tho,0
"Pappu Radha ki 'hi' text chesadu, 3 days tarvata reply vasindi — challa busy schedule undy brow",1
"crush same environmental science class lo undie, nenu rojuu attend chesanu — subject ledoo bro attendance reason different",1
"NTR movie trailer chaala undie ani 4 tickets kattanu, movie logic leduu — trailer cheated bru",1
"Nitesh Swathi ki pesarattu treat ichadu, Swathi friend kudaa vasindi, friend ki kudaa treat ichadu — poverty begins",1
"naa life Sharwanand movie la undhi — interval ki twist, climax ki logic laedu bru",1
"Santosh Vani ki good morning text chesadu daily, read avunu reply ledu — read receipts cruelty",1
"Raju adugadu ekkada undie nuvvu ani, Kukatpally lo undi cheppanu",0
"new restaurant undi, expensive menu chusaka water only order chesanu — budget dining bro",1
"Warangal lo different areas undhi, each area different culture undii",0
"ammgaru 'oka data scientist ni chadi set avutav' anti, nenu still OS clear cheyyalekapotunna 😭😭",1
engineering chaallu popular course undoo Andhra Pradesh lo,0
"amma cooking chesthu undy, nenu help cheyyatam try chesanu — 'nuvuu poni chadduvuko' annadi W move",1
amma: nuvvu ekkadaa unnav? nenu: library lo. amma: mee college lo library ekado undoo ra?,1
savings account lo auto debit set cheyyadam financial discipline ki undie,0
"movie lo Vijay Deverakonda tho fight scene, 50 mandi ni okka hand tho — physics take a vacation broo",1
"mail ki 'as per my last mail' chesadhu, war started avunuu — corporate battlefield broo",1
"IPL season lo OOPS study laedu, exam results reflect avunuu — cricket education bro",1
"crush same AI class lo undii, nenu rojuu attend chesanu — subject edu bro attendance reason different",1
"Hyderabad chaallu big city undhi, population challaa undie currently",0
"morning gongura rice breakfast ki chesamu, amma chesdu today",0
"exam ki notes miss avvadam kaadu, regular revision important",0
"nenu Ganesh ki microprocessors concept explain chesanu, understood annadu",0
"group chat lo message chesadu, everyone read, no reply — ghost protocol activate avvunuu",1
Naidu today data mining assignment submit chesaadhu on time,0
crush cheppindhi 'we are just friends' ani — data mining fail kanna painful avvunuu broh,1
"movie lo villain chala smart undie, hero okka scene lo defeat chesadhu — audience: wait what",1
"bag pack chesanu trip ki, okkka thing forget chesaadhu, charger — always the charger",1
"Swathi cheppindhi tomorrow test undhi algorithms lo ani, prepare avnu",0
"reels chusanu '5 mins' ani, 2 hours poindi — time travel bro only downward",1
"nenu Chaitra tho AI group study chesadhu, helpful avvunu",0
linear algebra prepare avvadam ki daily consistent practice important undie,0
"peddamma cheppindi 'Chaitra ni chuso doctor avunu' ani, Chaitra ki MBBS ledoo — inspiration from fiction",1
"Babu assignment last minute chesaadhu, font 16, margins wide, 3 pages done — engineering at its peak",1
"wash chesanu clothes, rain vasindi, wet — God has timing brooo",1
Proddatur challaa develop avutundi last few years lo,0
"Bhaskar adugadu which OS book better ani, reference book suggest chesanu",0
"Chintu Mounika ki gifts icchaadu, Mounika cheppindi 'you are like my brother' — return policy leduu bro",1
movie lo hero love failure tarvata okkka song lo recover avvunu — real life lo years kooda edu,1
"state lo rainfall chaalaa undii this monsoon season, reservoirs full avnu",0
"online exam lo Tarun tab switch chesaadhu, 'suspicious activity' alert vasindi — edu bro just water taaganiki vellanu",1
Sai computer lab lo statistics class attend chesadu morning lo,0
"room mate broo early rise chesadhu, alarm 5 AM ki, nenu 5 AM ki sleeping — different schedules bro",1
"online meeting lo nenu mute avunuu matladanu 5 mins — everyone heard, no one told brow",1
"Suma dp change chesaadhu, Mahesh first like chesaadhu — notification ON obviously peak comedy",1
"room mate broh light 2 AM daka chestunnadu, exam ledhu, YouTube undhi — dedication wrong place",1
software engineering okaa important branch undy computer science lo,0
"state lo rainfall chaalaa undi this monsoon season, reservoirs full avunu",0
"naa physics record okaa page kooda rayaledu, submission day lo Nitesh xerox shop lo undii peak comedy",1
"last ball lo 6 kavali, Venu TV off chesadu — cannot witness the end bru",1
"Shubman Gill century chesadu, office lo kooda celebration — productivity zero officially",1
"India win avvunu, Prasad bike lo celebrate chesadu — okkaa run ki overreact avvunu brow",1
"PhonePe order cancel ayindi, money 7 days lo refund avunuu ani cheppindi — 7 days lo naa hunger wait ledhu",1
naa economics marks chusaka okka nimisham silent ga undy — grief kadu pure shock bro,1
"WhatsApp notification off chesanu, silent mode chesaadhu, still distracted avvunuu — problem internal bru",1
Prasad Anantapur lo content creator ga work chestunnadu currently,0
government 'smart city' anti Rajahmundry lo cycle ki roads laedu — very smart planning broh,1
"summer lo Gachibowli lo power cut — fan laedu, AC edu, life leduu brow",1
"government pilot recruitment notification release avunuu, applications start avvunuu",0
communication clearly cheyyadham professional collector ki essential skill undi,0
"hostel gate closed avunuu, Ajay wall jump chesadu, security undoo — caught in 4K bru",1
"nenu Anil ki statistics concept explain chesanu, understood annadu",0
"nenu Kamal ki algorithms concept explain chesanu, understood annadu",0
"Mahesh Babu movie lo villain chaallu try chesaadu, hero ki okka scratch laedu — plot armour S tier",1
family function lo uncle adugadu 'marks entha' ani — nannaa topic change chesaadhu immediately,1
"summer lo Ongole lo power cut — fan laedu, AC laedu, life ledhu broo",1
Kukatpally lo infrastructure improve avunu last few years lo slowly,0
Chitti Ongole lo teacher ga work chestunnadu currently,0
Ongole lo weather chala hot ga undi summers lo generally,0
"nenu Tejaswi tho software engineering group study chesadu, helpful avvunu",0
Narasaraopet lo okkaa new Roposo office open avvunu this month,0
"Rakesh adugadu which DSA book better ani, reference book suggest chesanu",0
"propose chesanu WhatsApp lo, Sravani blue tick chesadu, reply ledhu — left on read forever brow",1
Dinesh Ongole lo relatives ni chusaadaniki chesdu weekend lo,0
"Sai Tej movie flop avunuu, fans 'director problem' antaru — hero ekkudda fault edu brow",1
"sprint planning lo story points debate chesanu 2 hours, actual work 30 mins — agile philosophy broo",1
family function lo uncle adugadu 'marks entha' ani — nanna topic change chesaadu immediately,1
"UPS undy ante power cut ledhu kani, UPS battery laedu — backup of backup leduu broh",1
"UPS undoo ante power cut ledoo kani, UPS battery ledhu — backup of backup edu brooo",1
"Kiran Madhavi ki good morning text chesadu daily, read avunu reply leduu — read receipts cruelty",1
reading habit challaa useful undi long term lo anukuntaa,0
"gulab jamun spicy order chesanu, 'extra spicy' antaa, tears vasindi — bravado backfire broo",1
"India World Cup win chesaadu, nenu algorithms fail avunu same day — mixed emotions bro",1
"new flyover LB Nagar lo ready avunuu next month, traffic ease avunu anukuntunna",0
"Vikram viva lo professor adugadu 'explain OOPS', Vikram cheppadu 'sir nenu CN chesanu' — wrong subject attended",1
"Hyderabad lo colleges chala undy, students everywhere undii anukuntaa",0
"ammaaa chepindhi 'doctor avutav' ani, naa marks chusaka 'compounder avvunu kadhaa' ani update chesadu",1
"Rajesh auditorium ki late vasthe professor 'reason?' adugadu, 'ammaaa chesindi late' annadu — universal excuse",1
digital circuits prepare avvadam ki daily consistent practice important undoo,0
LB Nagar lo water supply schedule change avvunu maintenance ki,0
"Mahesh Babu dialogue Charan placement cell lo use chesaadu, professor appreciate chesaadhu — cinema education works",1
"nenu today Tenali ki Jupiter lo vellanu, chaallu time avvunuu",0
compilers interesting subject undie naa opinion lo,0
pesarattu health benefits chala undoo nutritional value tho,0
algorithms concepts chaalaa important undoo software engineering ki,0
"nenu Blinkit lo payment chesaadu bill ki, easy ga undhi",0
"naa networks class Monday lo undhi, attend chesanu",0
"movie lo Adivi Sesh tho fight scene, 50 mandi ni oka hand tho — physics take a vacation broh",1
"nenu Chitti tho discrete maths doubts discuss chesanu, clear avunu finally",0
"Rana movie review: 'logic edu' — fans: 'logic antaa em bro, emotion chuso'",1
"WFH undie, camera off meeting, pajama lo undie — professional from waist up brow",1
"bus timings change avnu Secunderabad lo recently, new schedule vasindi",0
"India batting collapse avunuu, nenu AI notes rasanu — parallel disasters broo",1
"long distance relationship undhi, calls chala undii, meet avnu — bills only growing",1
electricity rates change avutunnai LB Nagar lo this quarter,0
"night mess lo dal rice extra undhi, Anna 5 plates tinnadu — bulk season bro",1
"Manoj cheppadu results evening lo vasthay ani, wait chesamu",0
"Karimnagar lo new IT park build avutundi, jobs increase avnu anukuntaa",0
"new hospital Tenali lo open avutundi next month, facilities chaallu undi",0
Narasaraopet lo new college open avutundi engineering courses tho,0
nenu Abhi tho Hindupur meet avvunu ani plan chesaadhu,0
public transport use cheyyadam traffic reduce avvunu pollution koodha taginchutundi,0
"nenu Bhaskar ki cheppanu today assignment undoo ani, thanks annadu",0
"last ball lo 6 kavali, Bhaskar TV off chesdu — cannot witness the end brooo",1
"match undi ani amma ki cheppadu, 'ledhu study cheyyi' annadi — different priorities",1
"Sravani cheppindi library books return date vasindi ani, return chesanu",0
"Divya cheppindhi library books return date vasindi ani, return chesanu",0
"to-do list rasanu, to-do list kudaa to-do lo undoo — meta productivity broh",1
"cooking chesdu, taste check chesanu, taste check again — by end chicken curry ledu broh",1
"nannagaru bike ki petrol ledoo, naaku pocket money ledhu, iddaru okkka team kadha",1
"Bunny adugadu ekkada undy nuvvu ani, Adoni lo undoo cheppanu",0
"group project lo Sai okkaa slide chesadu, presentation day lo nenu explain chesanu — Sai ekkada undie 😬",1
communication skills important undie any lawyer ki,0
"Usha adugundi canteen ekkada undhi ani, direction cheppanu",0
chelli adugutundi 'nuvvu ekkado vellav?' nenu: exam. chelli: pass avutava? — motivating broo,1
"Abhi adugadu ekkada undii nuvvu ani, Machilipatnam lo undi cheppanu",0
"standup lo 'yesterday same, today same' annanu — honest answer bro, fired avutana anukuntaa",1
statistics research field challa active undoo currently globally,0
"state lo rainfall chala undie this monsoon season, reservoirs full avvunuu",0
"standup lo 'yesterday same, today same' annanu — honest answer broh, fired avutana anukunta",1
AI concepts chaallu important undoo software engineering ki,0
"Twitter lo argument chesaadhu Rajesh, 200 replies vasindi, everyone against — ratio avvunuu broh",1
"Instagram lo life chaallu undie, real lo meet avunuu — filter world different brow",1
"Vikram physics project last night chesadu, works on his laptop, laedu lab lo — classic 🤣",1
internships chala important undie final year students ki,0
Kukatpally lo transport options improve avnu metro tho,0
government 'smart city' antee Tirupati lo Apache ki roads ledhu — very smart planning broh,1
nenu Abhi tho Madhapur meet avvunuu ani plan chesdu,0
"hostel lo electricity bill split chesamu, AC room ki koodha split avunu — fair ledoo bro",1
"naa life Balayya movie la undii — interval ki twist, climax ki logic ledhu brow",1
electricity rates change avutunnai Anantapur lo this quarter,0
"nenu Usha ki cheppanu class time change avvunu ani, okay annadi",0
Vijay Machilipatnam lo relatives ni chusaadaniki chesadu weekend lo,0
"naa wifi challa fast undi — speed test lo matrame, actual lo laedu bro",1
work from home easy anti — Anil amma background lo gulab jamun chesthu meeting lo,1
"3 months crush chesanu, Eswari chepindi 'I have a boyfriend' ani day 1 lo laedu — time waste certified XD",1
"ammgaru 'oka youtuber ni chadi set avutav' antey, nenu still TOC clear cheyyalekapotunna yikes",1
Madhapur lo real estate prices increase avunu last year lo,0
"Jadeja interview lo Telugu lo chepdu, nenu proud avvunu — cultural representation broo",1
punugulu chaala healthy option undhi daily diet lo,0
"mirchi bajji traditional Vizag dish undoo, festivals lo prepare avnu",0
"Jyothi cheppindi tomorrow test undy software engineering lo ani, prepare avunu",0
"nenu Naga tho English group study chesadu, helpful avvunu",0
poori preparation method different ga undoo different regions lo,0
"naa birthday ki okka wish leduu, exam result ki chaala messages vasindi — wrong notifications bro",1
"naa digital circuits notes challaa neat ga undy, exam ki neney chadduvukoledu — aesthetic > knowledge",1
communication skills important undii any pilot ki,0
"Warangal lo new IT park build avutundi, jobs increase avvunu anukunde",0
"India win avunuu, Nitesh bike lo celebrate chesadu — okkaa run ki overreact avunu brow",1
"bug report vasindi, nenu 'not able to reproduce' chesaadhu — classic response broo",1
Adoni lo road expansion project start avvunu this month,0
"generator sound undii, power back avnu ani excited avnu, neighbour generator avunu — false hope bru",1
"ShareChat lo rasam 50% off undoo, order chesanu, delivery charge 100 rs — discount illusion bru",1
"night lo Sai snore chesdu, nenu headphones pettanu, battery ledoo, suffering begin avunu",1
"government trader recruitment notification release avunuu, applications start avvunuu",0
"Dharani cheppindi exam postpone avvunu ani, relief avnu",0
"naaku pulihora chala ishtam, amma chesaadhu, vere pulihora chesaadhu — betrayal",1
Tejaswi adugindi 'emaina special undyva nalo?' — nenu OS notes rasaanu simultaneously finished bro,1
"Proddatur lo okaa seat dorikithe lucky ani anukuntunna, destination ki reach avvunuu — always like this",1
nenu Naidu tho Adoni meet avunu ani plan chesaadu,0
"Bhavana cheppindi 'just be yourself' ani, nenu myself avunu undi, works leduu brooo — bad advice",1
"Vijay Eswari ki pulihora treat ichadu, Eswari friend kuda vasindi, friend ki koodaa treat ichadu — poverty begins",1
"Lucky cheppadu results holiday lo vasthay ani, wait chesamu",0
"Mohan cooking first time chesdu, rasam chesanu, amma feedback: 'next time laedu chesuku' — harsh review",1
"diet chesadhu, results edu, rasam eat chesdu, results leduu — same outcome different happiness",1
"new flyover Hyderabad lo ready avunuu next month, traffic ease avunu anukunta",0
"pesarattu order chesanu, delivery boy chepdu '5 mins', 45 mins avunuu — elastic 5 mins bro",1
"Bhavana cheppindi library books return date vasindi ani, return chesanu",0
relationship status: ML tho — at least it needs me bro,1
"sambar traditional Machilipatnam dish undi, festivals lo prepare avunuu",0
"night mess lo curd rice extra undoo, Ramu 5 plates tinnadu — bulk season bru",1
"Telugu cinema industry chaala big undhi, annual revenue chaalaa undii",0
"meme post chesanu, 0 likes, friend post chesanu same meme, viral avvunu — timing is everything bro",1
"Nitesh exam hall lo calculator teesukochadu, digital circuits lo calculations edu — prepared for wrong subject haha",1
Secunderabad lo road expansion project start avunuu this month,0
NTR interview lo 'fans my strength' annadu — fans hearing this: power up avunuu no cap,1
"Nitesh adugadu which digital circuits book better ani, reference book suggest chesanu",0
"night lo lemon rice eat chesanu, morning ki ammaa ki telusindi — digestive system traitor broo",1
Surya Hindupur lo relatives ni chusaadaniki chesadhu weekend lo,0
"naa engineering drawing record okkaa page kooda rayaledu, submission day lo Sekhar xerox shop lo undoo",1
"dal rice traditional Rajahmundry dish undy, festivals lo prepare avunuu",0
"YouTube lo chutney 50% off undhi, order chesanu, delivery charge 100 rs — discount illusion brooo",1
"India win avvunu, Naidu bike lo celebrate chesadu — okkaa run ki overreact avvunuu bro",1
"bus timings change avunu Rajahmundry lo recently, new schedule vasindi",0
"new flyover Kadapa lo ready avunuu next month, traffic ease avunu anukuntaa",0
"morning garelu breakfast ki chesamu, ammaaa chesaadu today",0
"group chat lo message chesaadhu, everyone read, no reply — ghost protocol activate avvunu",1
"internals lo Mani ki 9/30 vasthe 'grace marks' antadu, grace means 9 ye brooo",1
"today maths lab session undy, experiment complete chesadhu",0
SP avvadam challaa kaashtam kani worth it undi anukunta,0
"to-do list rasanu, to-do list kuda to-do lo undy — meta productivity brooo",1
"Kalyan Ram movie lo villain chaalaa try chesadhu, hero ki okkka scratch laedu — plot armour S tier",1
"Sai Tej movie lo villain chaala try chesadu, hero ki okka scratch laedu — plot armour S tier",1
today night lo Tarun Kadapa ki Dio lo vellaadu,0
"nenu Kavya tho algorithms group study chesaadu, helpful avunuu",0
nanna smartphone istE WhatsApp lo naa result forward chesadhu relatives ki — appreciated leduu broh,1
bike maintain cheyyadaniki regular service okaa month ki okkka sari chesukovalani,0
public transport use cheyyadam traffic reduce avvunu pollution kudaa taginchutundi,0
"Bhimavaram chaallu big city undii, population chaallu undi currently",0
software engineering nerchukovadam career ki important undi anukuntaa,0
"ammaaa cooking chesthu undhi, nenu help cheyyadam try chesanu — 'nuwu poni chadduvuko' annadi",1
nanna smartphone istE WhatsApp lo naa result forward chesadhu relatives ki — appreciated laedu brooo,1
communication skills important undoo any businessman ki,0
"crush 'good morning' text pampindi — nenu ML exam forget chesadhu, failed — worth it bru F",1
"movie lo Nithiin tho fight scene, 50 mandi ni okkka hand tho — physics take a vacation brow",1
"akka result vasindi, ammgaru sweets chesindi, naa result vasindi, ammaa fasting chesindi — clear bias",1
"naa engineering drawing class night lo undie, attend chesanu",0
"PhonePe lo dal rice 50% off undie, order chesanu, delivery charge 100 rs — discount illusion broo",1
naa friend Prabhas dialogue morning ki evening daka repeat chesdu — method acting leduu just annoying,1
"theater lo Prabhas entry scene ki claps, interval ki claps, climax ki claps — nenu snacks ki claps",1
networks concepts challa important undy software engineering ki,0
reading habit chaallu useful undoo long term lo anukuntaa,0
"cooking chesdu, taste check chesanu, taste check again — by end pulihora laedu bru",1
Mehdipatnam lo water supply schedule change avunu maintenance ki,0
"client call lo internet edu avvunu, reschedule chesanu — wifi excuse bru",1
"Pappu Madhavi tho first date ki Vijayawada lo poori tinnaru, bill split chesadhu — modern love",1
"India batting collapse avunuu, nenu software engineering notes rasanu — parallel disasters brow",1
OOPS nerchukovadam career ki important undi anukuntunna,0
nenu Ganesh tho Kurnool meet avnu ani plan chesaadu,0
"naa campus ki cab lo daily velthunna, time avvunuu chaala",0
"room mate broh light 2 AM daka chestunnadu, exam leduu, YouTube undhi — dedication wrong place",1
"India win avvunuu, Raju bike lo celebrate chesadu — okkaa run ki overreact avvunu brow",1
"Instagram lo life chaala undy, real lo meet avvunu — filter world different broo",1
"summer lo Kadapa lo power cut — fan ledhu, AC laedu, life ledoo bru",1
"naa post lo 100 likes vasindi, Raju cheppdu 'paid promotion avvunuu' ani — jealousy speaks brooo",1
Gopi Tadipatri lo relatives ni chusaadaniki chesaadu weekend lo,0
"Mahesh chepdu project submit chesadhu ani, good annanu",0
"chicken curry traditional Vijayawada dish undoo, festivals lo prepare avvunu",0
professor 'open book exam' antey Vikram library motham bag lo pettukochadu 😬,1
"babai cheppadu 'Nitesh ni chuso challa undie' — Nitesh fail avunu bro, different level inspiration",1
Mahesh new cab kinukkunnadu last month Madhapur lo,0
"nenu Amazon lo payment chesadhu bill ki, easy ga undie",0
"new joiner vasadu, nenu senior ani feel avunu, nenu koodaa confused undoo — leading the lost broh",1
"Allu Arjun movie flop avnu, fans 'director problem' antaru — hero ekkudda fault leduu broo",1
today night lo Teja Madhapur ki Royal Enfield lo vellaadu,0
"naa discrete maths valla digital circuits miss aayindi, digital circuits valla discrete maths miss ayindhi — perfect planning",1
"Secunderabad climate challaa hot summers lo, monsoon better ga undie",0
regular exercise chala important undie long term health ki,0
"hostel lo electricity bill split chesamu, AC room ki koodaa split avunu — fair edu broo",1
"sambar traditional Narasaraopet dish undie, festivals lo prepare avvunuu",0
Santosh auditorium lo digital circuits class attend chesaadhu morning lo,0
"India match undoo, algorithms exam kooda undoo, nenu match chesanu — priorities clear bro",1
communication skills important undy any doctor ki,0
"Telugu language chaala old language undy, rich literature undii",0
"Vijayawada lo different areas undy, each area different culture undhi",0
"YouTube order cancel ayindhi, money 7 days lo refund avnu ani cheppindi — 7 days lo naa hunger wait ledhu",1
today evening lo Pappu Hindupur ki Dio lo vellaadu,0
"Naga Chaitanya okkka punch lo 10 mandi ni leduu chesdu, nenu okkaa economics paper clear cheyyalekapoyanu",1
"akka result vasindi, ammaaa sweets chesindi, naa result vasindi, ammaaa fasting chesindi — clear bias",1
statistics oka important branch undoo computer science lo,0
"Hyderabad climate challaa hot summers lo, monsoon better ga undii",0
"long distance relationship undhi, calls challa undoo, meet avunu — bills only growing",1
Bhai cheppaadu new Moj download chesanu try cheyyi ani,0
"valentine's day ki Babai alone undhi, paneer order chesaadhu — self love era",1
"nenu Naidu ki cheppanu today assignment undii ani, thanks annadu",0
"Telugu language chaala old language undi, rich literature undi",0
"nenu Jyothi tho TOC group study chesaadhu, helpful avvunu",0
"YouTube lo okka video chusanu, 3 hours tarvata okkaa click lo — algorithm trap brow",1
"naa management professor chaallu fast bro, notes leduu, brain leduu, future ledoo",1
"bus timings change avvunuu Nellore lo recently, new schedule vasindi",0
"Lavanya cheppiindi tomorrow test undoo statistics lo ani, prepare avvunu",0
"valentine's day ki Srinu alone undhi, pesarattu order chesadhu — self love era gone case",1
movie lo hero love failure tarvata okka song lo recover avunuu — real life lo years kuda laedu,1
"hero bike stunt chesadhu, Kiran try chesadu — bike undi, Kiran hospital lo undhi peak comedy",1
Dinesh today economics assignment submit chesaadhu on time,0
"naa maths class night lo undy, attend chesanu",0
"India batting collapse avunu, nenu English notes rasanu — parallel disasters broh",1
"halwa traditional Proddatur dish undy, festivals lo prepare avunuu",0
"parotta spicy order chesanu, 'extra spicy' antaa, tears vasindi — bravado backfire bru",1
"Ajay laundry okaa month chesadu, room lo mountain avvunuu — Himalayas size bru",1
"new hospital Karimnagar lo open avutundi next month, facilities challa undi",0
"Telugu language chaala old language undy, rich literature undie",0
"Twitter lo argument chesadu Bhaskar, 200 replies vasindi, everyone against — ratio avvunu bro",1
"diet start chesanu — gulab jamun chusaka cancel avnu, health is wealth but food is life brooo",1
"Deepak Bindu kosam OS study chesadu, Bindu different section lo undoo — wasted effort",1
"Suresh cooking first time chesadu, egg rice chesanu, ammaaa feedback: 'next time ledhu chesuku' — harsh review",1
compilers nerchukovadam career ki important undi anukuntunna,0
"long distance relationship undii, calls chaalaa undy, meet avvunu — bills only growing bro what",1
"new joiner vasadu, nenu senior ani feel avvunuu, nenu kudaa confused undhi — leading the lost bro",1
"alarm 5 AM ki pettanu 'productive avutanu' ani, snooze chesanu 6 times — productivity achieved brow",1
"Arjun cheppadu results dawn lo vasthay ani, wait chesamu",0
"nenu attu tho dinner chesamu family tho, chaallu undy",0
"Vani chepindi tomorrow test undhi linear algebra lo ani, prepare avunu",0
"nenu Dunzo lo payment chesaadhu bill ki, easy ga undoo",0
Andhra Pradesh lo agriculture important sector undoo economy ki,0
"nenu gulab jamun tho dinner chesamu family tho, challaa undhi",0
"Tadipatri climate challa hot summers lo, monsoon better ga undoo",0
practical knowledge chaallu important undii theoretical kanna anukunta,0
Chirala lo water supply schedule change avvunu maintenance ki,0
"Madhavi chepindhi tomorrow test undhi maths lo ani, prepare avvunuu",0
"morning dosa breakfast ki chesamu, ammgaru chesaadu today",0
savings cheyyadam important undhi early age lo start cheyyatam better,0
"group chat lo message chesaadhu, everyone read, no reply — ghost protocol activate avvunuu",1
Vijayawada lo IT sector chaallu grow avutundi past decade lo,0
"nenu today Vijayawada ki bus lo vellanu, chaalaa time avunuu",0
nenu Lucky tho Dilsukhnagar meet avvunuu ani plan chesdu,0
"naa post lo 100 likes vasindi, Ajay chepadu 'paid promotion avunuu' ani — jealousy speaks broh",1
"Narasaraopet chaallu big city undii, population chaalaa undhi currently",0
communication skills important undy any MLA ki,0
"YouTube lo okaa video chusanu, 3 hours tarvata okkaa click lo — algorithm trap bro",1
"nenu Kamal ki cheppanu today assignment undhi ani, thanks annadu",0
"Amazon Prime notification off chesanu, silent mode chesaadu, still distracted avnu — problem internal brow",1
"today management lab session undie, experiment complete chesaadu",0
Mani Vijayawada lo relatives ni chusaadaniki chesaadhu weekend lo,0
"Madhavi chepindhi exam postpone avvunu ani, relief avunuu",0
data mining concepts chaala important undoo software engineering ki,0
"naa mess ki bus lo daily velthunna, time avunu challa",0
"Swathi chepindi library books return date vasindi ani, return chesanu",0
"bus timings change avvunu Anantapur lo recently, new schedule vasindi",0
communication skills important undie any collector ki,0
"nenu vada try chesanu first time, okay ga undoo",0
"night mess lo egg rice extra undy, Anna 5 plates tinnadu — bulk season broh",1
password strong ga pettadam online security ki essential undi,0
"Pawan Kalyan movie ticket 500 rs, popcorn 300 rs, hero entry scene — priceless, worth it",1
physics interesting subject undoo naa opinion lo,0
"nenu idli try chesanu first time, okay ga undhi",0
"power cut ayindi, phone dead, fan laedu, summer — Warangal punishment level heat bruh",1
"new joiner vasadu, nenu senior ani feel avunu, nenu koodha confused undhi — leading the lost bro",1
chelli adugutundi 'nuvuu ekkadoo vellav?' nenu: exam. chelli: pass avutava? — motivating broh,1
government schemes challa undy students ki Secunderabad lo,0
"Mahesh cheppadu results afternoon lo vasthay ani, wait chesamu",0
"naa DSA class Monday lo undii, attend chesanu",0
"babai cheppadu 'Srinu ni chuso chaala undie' — Srinu fail avvunu bru, different level inspiration",1
"Sravani cheppiindi tomorrow test undy statistics lo ani, prepare avunuu",0
"Telugu language challa old language undi, rich literature undhi",0
"Mounika dp change chesadhu, Mani first like chesadu — notification ON obviously",1
"Twitter lo argument chesadu Arjun, 200 replies vasindi, everyone against — ratio avnu brow",1
"fantasy cricket lo Shubman Gill select chesadhu, zero points vasindi — real game different bru",1
OOPS concepts challa important undhi software engineering ki,0
"India last over lo 20 kavali, Rahul prayer start chesadu — sudden devotion bro",1
"naa engineering drawing valla OS miss ayindy, OS valla engineering drawing miss ayindi — perfect planning",1
"diet start chesanu — garelu chusaka cancel avvunu, health is wealth but food is life broh",1
lemon rice chala healthy option undie daily diet lo,0
"bus timings change avnu Anantapur lo recently, new schedule vasindi",0
garelu preparation method different ga undoo different regions lo,0
"UPS undoo ante power cut edu kani, UPS battery edu — backup of backup laedu brooo",1
CA ki necessary certifications obtain cheyyadam career growth ki helpful,0
"new flyover Kukatpally lo ready avnu next month, traffic ease avvunu anukuntaa",0
"new flyover Mehdipatnam lo ready avvunuu next month, traffic ease avnu anukunta",0
"bag pack chesanu trip ki, okkaa thing forget chesadhu, charger — always the charger",1
"nenu poori tinnanu, chala undoo anukuntaa",0
"hostel lo electricity bill split chesamu, AC room ki koodha split avvunu — fair ledhu bru",1
"ex vasindi message 'how are you' ani, nenu environmental science fail avutunna — great timing bru",1
"metro lo seat dorikithe lucky day ani anukunta, next stop lo empty avunuu — always like this",1
healthy ga undadam ki halwa tho balanced diet maintain avvunu,0
teamwork skills develop avnu group projects tho anukuntaa,0
"nenu today Machilipatnam ki Apache lo vellanu, challa time avunuu",0
"rasgulla chesthu undie ammaaa, nenu taste chesanu, 'challa undii' annanu — chef appreciation bro",1
"Divya cheppindhi exam postpone avunuu ani, relief avunuu",0
"Sai Vani ki gifts icchaadu, Vani chepindhi 'you are like my brother' — return policy leduu brow",1
"ammaaa cooking chesthu undi, nenu help cheyyadham try chesanu — 'nuvvu poni chadduvuko' annadi",1
"naa statistics record okkaa page kooda rayaledu, submission day lo Lucky xerox shop lo undoo",1
"naa department ki tractor lo daily velthunna, time avunu chaala",0
"nenu Rakesh ki cheppanu today assignment undi ani, thanks annadu",0
"night mess lo sambar extra undie, Babai 5 plates tinnadu — bulk season broh",1
today holiday lo Ravi Machilipatnam ki train lo vellaadu,0
electricity rates change avutunnai Gachibowli lo this quarter,0
"internals lo Babu ki 9/30 vasthe 'grace marks' antadu, grace means 9 ye brow",1
"naa linear algebra notes chala neat ga undoo, exam ki neney chadduvukoledu — aesthetic > knowledge",1
"hostel ki amma vasindi, mess food chusaka tears vasindi — maternal emotion brooo",1
"Babai laundry okaa month chesadu, room lo mountain avvunu — Himalayas size brow",1
"rasam traditional Tenali dish undii, festivals lo prepare avvunu",0
nenu Vikram tho Adoni meet avunuu ani plan chesaadhu,0
"new restaurant undii, expensive menu chusaka water only order chesanu — budget dining brow",1
"India match undy, DBMS exam kuda undy, nenu match chesanu — priorities clear broo",1
"restaurant lo menu photos challa undy, actual plate small avnu — food photography crimes bru",1
"new startup Proddatur lo start avunu, local collector opportunities create avvunu",0
Dilsukhnagar lo weather challa hot ga undy summers lo generally,0
"UPS undie ante power cut leduu kani, UPS battery laedu — backup of backup leduu brooo",1
"nenu Teja ki physics concept explain chesanu, understood annadu",0
government 'smart city' antee Kukatpally lo cycle ki roads leduu — very smart planning brow,1
Guntur lo transport options improve avunu metro tho,0
"Ganesh cheppadu tomorrow Tirupati lo program undie ani, attend chestava adugadu",0
"nannagaru WhatsApp lo 'good morning' message forward chesdu, nenu reply leduu chesanu — generational gap",1
"nenu Haritha ki cheppanu class time change avunuu ani, okay annadi",0
"Mahesh Babu oka punch lo 10 mandi ni ledu chesadhu, nenu oka microprocessors paper clear cheyyalekapoyanu",1
"YouTube lo okaa video chusanu, 3 hours tarvata okkaa click lo — algorithm trap brow",1
"engineering colleges challaa undhi Telangana lo, competition kooda chaala",0
"Shubman Gill form bad undii, drop cheyyi anti, fans: 'he is legend' — unconditional support",1
internet speed improve avvunuu rural areas lo new towers tho,0
"Haritha chepindhi notes share cheyyi ani, share chesanu",0
"BYJU's order cancel ayindhi, money 7 days lo refund avunu ani cheppindi — 7 days lo naa hunger wait ledoo",1
"new hospital Ongole lo open avutundi next month, facilities chala undii",0
Madhapur lo infrastructure improve avvunuu last few years lo slowly,0
Gachibowli lo real estate prices increase avunuu last year lo,0
naa friend NTR dialogue morning ki evening daka repeat chesaadhu — method acting edu just annoying,1
"okkaa bite attu tinnanu, finish avunu entire plate — portion control failed bru",1
"Harish Madhavi ki gifts icchaadu, Madhavi chepindi 'you are like my brother' — return policy laedu broh",1
"internals lo Girish ki 9/30 vasthe 'grace marks' antadu, grace means 9 ye bru",1
"Telugu cinema industry challaa big undhi, annual revenue challaa undoo",0
"India last over lo 20 kavali, Bunny prayer start chesaadhu — sudden devotion broo",1
"dal rice traditional LB Nagar dish undi, festivals lo prepare avvunuu",0
"India last over lo 20 kavali, Pavan prayer start chesadu — sudden devotion bru",1
"India last over lo 20 kavali, Harish prayer start chesdu — sudden devotion broh",1
"naa records room ki Splendor lo daily velthunna, time avnu chaallu",0
"Bhavana cheppiindi notes share cheyyi ani, share chesanu",0
ML research field chaala active undoo currently globally,0
"Gandu Gayatri kosam AI study chesadu, Gayatri different section lo undhi — wasted effort",1
"today chemistry lab session undoo, experiment complete chesaadhu",0
"nenu punugulu tho dinner chesamu family tho, chaallu undii",0
Teja records room lo AI class attend chesadhu morning lo,0
"diet start chesanu — tomato rice chusaka cancel avunu, health is wealth but food is life bro",1
"hostel mess lo paneer undy, canteen lo paneer undii, outside lo paneer undii — paneer universe broo",1
"hostel gate closed avvunu, Arjun wall jump chesadu, security undie — caught in 4K bru",1
"nenu dal rice try chesanu first time, okay ga undie",0
"nenu Bunny tho compilers doubts discuss chesanu, clear avunu finally",0
today night lo Prasad Anantapur ki train lo vellaadu,0
"ATM ki poina cash ledu, UPI try chesanu network ledoo — broke in every possible way 😭😭",1
dosa preparation method different ga undii different regions lo,0
"meeting schedule avnu, 'this could have been an email' — every time broh",1
Guntur lo real estate prices increase avvunu last year lo,0
"Hotstar lo chapati order chesanu, wrong item vasindi, hungry avunuu tinna — hunger defeats ego",1
Mehdipatnam lo real estate prices increase avnu last year lo,0
"Farida chepindhi notes share cheyyi ani, share chesanu",0
"YouTube lo okkka video chusanu, 3 hours tarvata oka click lo — algorithm trap brow",1
"morning curd rice breakfast ki chesamu, ammaaa chesdu today",0
"Vijay Deverakonda movie flop avunu, fans 'director problem' antaru — hero ekkudda fault leduu broh",1
vada health benefits challa undi nutritional value tho,0
"Netflix lo gulab jamun order chesanu '30 mins' antee — 2 hours lo vasindi, cold ga undoo",1
"Anu adugundi canteen ekkado undi ani, direction cheppanu",0
software jobs chala undii Kadapa lo young graduates ki,0
Mehdipatnam lo okkaa new Moj office open avvunuu this month,0
"Surya viva lo professor adugadu 'explain engineering drawing', Surya cheppadu 'sir nenu engineering drawing chesanu' — wrong subject attended F",1
"nenu Madhavi ki cheppanu class time change avvunu ani, okay annadi",0
"engineering colleges challaa undhi Telangana lo, competition kudaa challaa",0
"Kalyan Ram mass scene lo BGM chaala loud undie, theater shake ayindhi, naa heart shake aayindi — same energy",1
DSA research field challa active undhi currently globally,0
work from home easy ante — Rahul amma background lo punugulu chesthu meeting lo,1
"cousin vasadu, naa room occupy chesadhu, nenu hall lo — guest rights > family rights brow",1
"Vijay Deverakonda movie trailer chaallu undi ani 4 tickets kattanu, movie logic ledhu — trailer cheated brow",1
MP avvadam chala kaashtam kani worth it undie anukunde,0
vada preparation method different ga undii different regions lo,0
"bus timings change avvunuu Adoni lo recently, new schedule vasindi",0
Adoni lo road expansion project start avunuu this month,0
"work life balance undy ani join chesadhu, 10 PM mail vasindi — balance means different things broh",1
"ammaa chepindi 'doctor avutav' ani, naa marks chusaka 'compounder avnu kaadaa' ani update chesadhu",1
"nannaa 'maa time lo challaa kashtapaddamu' antey, a time lo data mining ledu broh — different struggle",1
"today linear algebra lab session undie, experiment complete chesadu",0
"Rohit laundry oka month chesadu, room lo mountain avunuu — Himalayas size broh",1
"bru cheppadu 'battery saver mode lo undoo' — nenu text chesanu, 3 hours tarvata reply vasindi",1
government schemes chala undi students ki Narasaraopet lo,0
"hostel gate closed avvunu, Ravi wall jump chesaadhu, security undoo — caught in 4K broo",1
"ATM ki poina cash laedu, UPI try chesanu network laedu — broke in every possible way legend",1
"Nithiin mass scene lo BGM challaa loud undoo, theater shake aayindi, naa heart shake ayindhi — same energy",1
"Dunzo lo vada order chesanu '30 mins' antey — 2 hours lo vasindi, cold ga undi",1
relationship status: DSA tho — at least it needs me broo 🥲,1
healthy ga undadam ki gongura rice tho balanced diet maintain avvunu,0
group study sometimes helpful avvunu anukuntunna complex subjects ki,0
"naa mess lo OOPS class cancel ayindii, but attendance portal lo present show avunuu — glitch in the matrix",1
pulihora health benefits chaala undi nutritional value tho,0
"Madhapur lo colleges challaa undie, students everywhere undhi anukuntaa",0
"naaku vada chaala ishtam, ammgaru chesadhu, vere vada chesaadhu — betrayal",1
data scientist avvadam challaa kaashtam kani worth it undhi anukunta,0
"naa environmental science class midnight lo undhi, attend chesanu",0
Sai auditorium lo networks class attend chesaadu morning lo,0
"nannagaru cheppadu 'trader avvali' ani, nenu cheppanu 'try chestunna' ani — 4 years same conversation bro",1
Anantapur lo transport options improve avvunuu metro tho,0
"Bhimavaram lo colleges chaalaa undhi, students everywhere undie anukuntaa",0
relationship status: physics tho — at least it needs me bru,1
"amma chepindhi 'doctor avutav' ani, naa marks chusaka 'compounder avnu kadha' ani update chesadhu",1
"generator sound undhi, power back avnu ani excited avvunuu, neighbour generator avvunuu — false hope broo",1
"online meeting lo nenu mute avunuu matladanu 5 mins — everyone heard, no one told bro",1
"peddamma cheppindi 'Suma ni chuso doctor avvunu' ani, Suma ki MBBS ledoo — inspiration from fiction",1
"generator sound undy, power back avvunu ani excited avunuu, neighbour generator avvunuu — false hope broh",1
"Kiran Instagram bio lo 'entrepreneur' pettadu, venture ledu — aspirational lying broo",1
Tenali lo real estate prices increase avnu last year lo,0
"LB Nagar lo different areas undy, each area different culture undii",0
"naaku tomato rice chaalaa ishtam, amma chesaadhu, vere tomato rice chesaadu — betrayal",1
"Girish exam hall lo calculator teesukochadu, statistics lo calculations ledu — prepared for wrong subject",1
"Warangal lo colleges chaallu undi, students everywhere undii anukunde",0
"to-do list rasanu, to-do list koodaa to-do lo undhi — meta productivity broh",1
"Hardik Pandya out avnu, entire India silent avnu — national moment of grief",1
"to-do list rasanu, to-do list koodha to-do lo undoo — meta productivity brooo",1
"nenu Bunny ki cheppanu today assignment undy ani, thanks annadu",0
"hostel room lo 4 people, okkka charger, okaa wifi — survival of the fittest",1
practical knowledge chaala important undhi theoretical kanna anukunta,0
"nenu parotta try chesanu first time, okay ga undhi",0
"nenu Santosh ki cheppanu today assignment undhi ani, thanks annadu",0
Ramesh LB Nagar lo relatives ni chusaadaniki chesaadu weekend lo,0
"to-do list rasanu, to-do list kooda to-do lo undhi — meta productivity bru",1
"new hospital LB Nagar lo open avutundi next month, facilities chaallu undhi",0
"ex vasindi message 'how are you' ani, nenu OOPS fail avutunna — great timing bro",1
"performance review lo self assessment rasanu, manager overwrite chesadu — useless exercise broo",1
roti health benefits chala undy nutritional value tho,0
"India last over lo 20 kavali, Suresh prayer start chesdu — sudden devotion bro",1
electricity rates change avutunnai Kurnool lo this quarter,0
"Virat Kohli interview lo Telugu lo cheppdu, nenu proud avnu — cultural representation bru",1
"Arjun selfie 50 teesadu, okkaa post chesadhu, 2 likes vasindi — effort vs result gap broh",1
"Telugu language challaa old language undi, rich literature undhi",0
"naa management professor chaala fast broh, notes ledoo, brain laedu, future edu seriously",1
"Madhavi adugundi canteen ekkado undoo ani, direction cheppanu",0
"Ram Charan movie lo villain chaalaa try chesdu, hero ki okkaa scratch edu — plot armour S tier",1
"match undhi ani ammgaru ki chepadu, 'ledhu study cheyyi' annadi — different priorities",1
"office coffee machine broken avvunuu, entire team productivity zero — dependency confirmed brooo",1
bike maintain cheyyadaniki regular service oka month ki okkka sari chesukovalani,0
"India last over lo 20 kavali, Deepak prayer start chesaadu — sudden devotion brooo",1
"cricket prediction chesanu, wrong avnu, always — analyst career edu broh",1
"nenu Naidu ki data mining concept explain chesanu, understood annadu",0
communication skills important undhi any software engineer ki,0
"ex vasindi message 'how are you' ani, nenu software engineering fail avutunna — great timing bro",1
"cricket prediction chesanu, wrong avunu, always — analyst career laedu brow",1
"state lo rainfall chala undie this monsoon season, reservoirs full avunuu",0
"naa engineering drawing valla software engineering miss ayindy, software engineering valla engineering drawing miss ayindhi — perfect planning",1
"Madhavi chepindi tomorrow test undie OS lo ani, prepare avunu",0
"Nellore lo colleges chaallu undie, students everywhere undi anukuntunna",0
"attha illu vacchindi, amma cleaning started 6 AM — natural disaster alert",1
"last ball lo 6 kavali, Rahul TV off chesaadhu — cannot witness the end bro",1
statistics interesting subject undoo naa opinion lo,0
"hostel mess lo garelu undy, canteen lo garelu undhi, outside lo garelu undhi — garelu universe broo",1
regular exercise chaallu important undi long term health ki,0
"naa seminar hall ki Activa lo daily velthunna, time avvunu chala",0
"last ball lo 6 kavali, Gandu TV off chesdu — cannot witness the end brow",1
"standup lo 'yesterday same, today same' annanu — honest answer broh, fired avutana anukuntaa",1
"bus timings change avnu Narasaraopet lo recently, new schedule vasindi",0
"propose chesanu, 'I think of you as a brother' annadi — English result kanna worse shock broh",1
"Mounika cheppindhi tomorrow test undhi English lo ani, prepare avnu",0
teacher ki necessary certifications obtain cheyyadam career growth ki helpful,0
Chitti gate lo CN class attend chesadu morning lo,0
Chiranjeevi interview lo 'fans my strength' annadu — fans hearing this: power up avunu,1
"Deepika cheppindhi exam postpone avvunu ani, relief avunuu",0
"new flyover Kukatpally lo ready avnu next month, traffic ease avvunuu anukuntaa",0
"Bhai Jasmine ki butter chicken treat ichadu, Jasmine friend kooda vasindi, friend ki kudaa treat ichadu — poverty begins",1
"Abhi adugadu which OOPS book better ani, reference book suggest chesanu",0
compilers okka important branch undoo computer science lo,0
"night lo Sunil snore chesadhu, nenu headphones pettanu, battery ledoo, suffering begin avunu",1
"hostel mess lo chicken curry undhi, canteen lo chicken curry undy, outside lo chicken curry undie — chicken curry universe brooo",1
"queue lo okka hour stand chesanu, naa turn ki 'closed' board — universal suffering broo",1
"Telugu language challa old language undoo, rich literature undoo",0
TOC prepare avvadam ki daily consistent practice important undoo,0
nenu Mahesh tho Guntur meet avvunu ani plan chesaadhu,0
"nenu Varun tho management doubts discuss chesanu, clear avunu finally",0
"summer lo Ongole lo power cut — fan ledhu, AC ledhu, life edu broo",1
"group project lo Suresh okaa slide chesadu, presentation day lo nenu explain chesanu — Suresh ekkada undie",1
Sekhar seminar hall lo data mining class attend chesdu morning lo,0
Adoni lo IT sector challa grow avutundi past decade lo,0
"Ishani cheppindi 'just be yourself' ani, nenu myself avvunuu undi, works leduu broh — bad advice",1
"government doctor recruitment notification release avunu, applications start avunu",0
"performance review lo self assessment rasanu, manager overwrite chesaadhu — useless exercise bru",1
Mehdipatnam lo water supply schedule change avvunu maintenance ki,0
Eluru lo IT sector chaalaa grow avutundi past decade lo,0
"phone leduu chesanu '1 week', day 3 ki check chesanu — addiction certified broo",1
Secunderabad lo weather chaallu hot ga undi summers lo generally,0
statistics basics strong avunu anti advanced concepts easy avvunu,0
"exam ki notes miss avvadam kaadhu, regular revision important",0
software jobs challaa undoo LB Nagar lo young graduates ki,0
"Rajesh deadline miss chesaadhu, 'estimation ga chesanu' annadu — estimation = guess confirmed bru",1
Chitti cheppaadu new Instagram download chesanu try cheyyi ani,0
"morning roti breakfast ki chesamu, ammaa chesaadu today",0
reading habit chaallu useful undi long term lo anukunde,0
"warden room check chesdu, Lucky room clean chesadu first time — inspection effect bru",1
software jobs chaala undie Tirupati lo young graduates ki,0
"code review lo Surya cheppadu 'this can be optimized' — nenu rasanu, nenu embarrassed avunuu",1
"Eluru lo colleges chaala undhi, students everywhere undoo anukunta",0
"nenu Zomato lo payment chesaadhu bill ki, easy ga undoo",0
Hindupur lo transport options improve avvunu metro tho,0
group study sometimes helpful avunuu anukunde complex subjects ki,0
"crush same compilers class lo undoo, nenu rojuu attend chesanu — subject ledu bro attendance reason different",1
"Ravi cheppadu Ongole ki vellaadani, nenu kudaa veltanu annanu",0
auto wala 'meter ledoo' ante 3x rate adugadu — Chirala special experience,1
"team outing undy, Bhai leave chesadu — anti-social professional brow",1
"room mate broh early rise chesaadu, alarm 5 AM ki, nenu 5 AM ki sleeping — different schedules bru",1
"Mehdipatnam lo different areas undie, each area different culture undi",0
"office lunch lo sambar undoo, nenu ShareChat order chesanu — mess food bypass broh",1
"YouTube lo okkaa video chusanu, 3 hours tarvata oka click lo — algorithm trap broh",1
"Deepak room lo roti dabbala cook chesaadu, entire floor smell aayindi — community notification",1
"movie lo villain chaalaa smart undie, hero okkka scene lo defeat chesaadhu — audience: wait what",1
"nenu Surya tho OOPS doubts discuss chesanu, clear avvunuu finally",0
"room mate bru early rise chesaadhu, alarm 5 AM ki, nenu 5 AM ki sleeping — different schedules broo",1
"okkka bite mirchi bajji tinnanu, finish avunu entire plate — portion control failed brooo",1
"naa data mining class morning lo undi, attend chesanu",0
Rakesh chepdu new Spotify download chesanu try cheyyi ani,0
"naa wifi chaalaa fast undi — speed test lo matrame, actual lo ledhu bru",1
"broo cheppadu 'battery saver mode lo undii' — nenu text chesanu, 3 hours tarvata reply vasindi",1
"Dharani chepindi library books return date vasindi ani, return chesanu",0
"mess food challaa bad undi, complain chesamu, next day koodha same — feedback loop laedu",1
"Bumrah out avunu, entire India silent avvunuu — national moment of grief",1
"morning biryani breakfast ki chesamu, amma chesdu today",0
discrete maths prepare avvadam ki daily consistent practice important undii,0
Bhimavaram lo road expansion project start avunu this month,0
"Dilsukhnagar challa big city undy, population chala undi currently",0
"nenu Keerthi ki wish chesanu exam ki, all the best annadi",0
tamarind rice health benefits chaala undhi nutritional value tho,0
"Mahesh Babu movie trailer chaalaa undhi ani 4 tickets kattanu, movie logic ledu — trailer cheated bro",1
practical knowledge challa important undhi theoretical kanna anukunde,0
"Naga Chaitanya dialogue Chintu records room lo use chesaadu, professor appreciate chesdu — cinema education works",1
"naa economics class holiday lo undi, attend chesanu",0
"power cut avunuu Secunderabad lo, exam night lo — God timing perfect broh",1
"movie lo villain chaala smart undoo, hero okkka scene lo defeat chesadu — audience: wait what",1
"Srinu adugadu which physics book better ani, reference book suggest chesanu",0
"nanaaa WhatsApp lo 'good morning' message forward chesdu, nenu reply ledoo chesanu — generational gap",1
today dawn lo Pappu Tenali ki Uber lo vellaadu,0
reading habit chaala useful undi long term lo anukunde,0
time management important skill undie students ki anukuntunna,0
Rajesh today OS assignment submit chesadhu on time,0
Srinu today networks assignment submit chesaadu on time,0
AI okaa important branch undoo computer science lo,0
"bus timings change avunu Karimnagar lo recently, new schedule vasindi",0
"nenu Babu ki AI concept explain chesanu, understood annadu",0
"naa exam hall ki cycle lo daily velthunna, time avunuu chala",0
"meeting schedule avvunu, 'this could have been an email' — every time brooo",1
"nenu Keerthi tho DBMS group study chesadu, helpful avunu",0
"morning pesarattu breakfast ki chesamu, amma chesadhu today",0
"nenu Divya ki cheppanu class time change avvunuu ani, okay annadi",0
"Hyderabad lo new IT park build avutundi, jobs increase avvunu anukuntaa",0
"engineering colleges chaalaa undi Telangana lo, competition koodaa chala",0
"nenu online class attend chesanu today, notes rasanu properly",0
"room mate broo light 2 AM daka chestunnadu, exam leduu, YouTube undhi — dedication wrong place",1
"hostel inspection day lo room super clean avnu, next day garbage again — temporary excellence",1
public transport use cheyyadam traffic reduce avnu pollution koodha taginchutundi,0
"naa DBMS record okkka page kooda rayaledu, submission day lo Bhai xerox shop lo undii certified L",1
"nenu Chitti tho ML doubts discuss chesanu, clear avvunu finally",0
"Tejaswi cheppindi library books return date vasindi ani, return chesanu",0
nenu Kamal tho Tirupati meet avunu ani plan chesaadhu,0
"night lo jalebi eat chesanu, morning ki amma ki telusindi — digestive system traitor bru",1
"nenu Venky tho DSA doubts discuss chesanu, clear avnu finally",0
"naa physics valla management miss ayindii, management valla physics miss ayindhi — perfect planning",1
"group project lo Mani okkaa slide chesadu, presentation day lo nenu explain chesanu — Mani ekkada undoo legend",1
"India match undhi, AI exam kooda undy, nenu match chesanu — priorities clear bru",1
Guntur chala develop avutundi last few years lo,0
"dosa spicy order chesanu, 'extra spicy' antee, tears vasindi — bravado backfire broo",1
"office coffee machine broken avnu, entire team productivity zero — dependency confirmed bro",1
Bindu adugindi 'emaina special undiva nalo?' — nenu OS notes rasaanu simultaneously,1
curd rice chala healthy option undy daily diet lo,0
"Allu Arjun new movie announce aayindi, fans excited avnu, nenu OS exam tension lo undoo — different worlds",1
"government professor recruitment notification release avvunu, applications start avvunuu",0
rasgulla health benefits challaa undi nutritional value tho,0
nenu Santosh tho Chirala meet avvunuu ani plan chesaadhu,0
nenu Vijay tho Hindupur meet avnu ani plan chesadhu,0
"nenu chicken curry tho dinner chesamu family tho, challaa undii",0
"power cut ayindhi, phone dead, fan ledoo, summer — Machilipatnam punishment level heat no way",1
"today economics lab session undi, experiment complete chesdu",0
"nenu pappu tho dinner chesamu family tho, chaallu undi",0
engineering chala popular course undhi Andhra Pradesh lo,0
"power cut avvunuu, phone charge laedu, powerbank edu — darkness in every way brooo",1
Deepak Rajahmundry lo relatives ni chusaadaniki chesaadu weekend lo,0
technology chala fast ga change avutundi every year,0
nenu Babu tho LB Nagar meet avvunu ani plan chesaadhu,0
"new hospital Adoni lo open avutundi next month, facilities challa undii",0
"hostel gate closed avvunuu, Rakesh wall jump chesdu, security undii — caught in 4K broh",1
"ammgaru cheppindhi 'doctor avutav' ani, naa marks chusaka 'compounder avunu kadaa' ani update chesdu",1
"nenu today Anantapur ki truck lo vellanu, chaala time avunu",0
jalebi challa healthy option undhi daily diet lo,0
"Kiran exam hall lo calculator teesukochadu, economics lo calculations ledhu — prepared for wrong subject genius bro",1
"Shubman Gill out avunu, entire India silent avnu — national moment of grief",1
"sambar traditional Rajahmundry dish undii, festivals lo prepare avvunuu",0
"IPL season lo networks study ledhu, exam results reflect avunu — cricket education brow",1
"summer lo Warangal lo power cut — fan edu, AC laedu, life edu bru",1
AI research field chaalaa active undy currently globally,0
Chitti Hindupur lo designer ga work chestunnadu currently,0
"amma cheppindhi 'doctor avutav' ani, naa marks chusaka 'compounder avvunuu kada' ani update chesaadhu",1
"3 months crush chesanu, Radha cheppindhi 'I have a boyfriend' ani day 1 lo ledu — time waste certified",1
"Munna cheppadu results morning lo vasthay ani, wait chesamu",0
attu preparation method different ga undhi different regions lo,0
"state lo rainfall chaala undy this monsoon season, reservoirs full avunu",0
"group project lo Gopi okka slide chesadu, presentation day lo nenu explain chesanu — Gopi ekkada undii",1
work from home easy anti — Sekhar amma background lo biryani chesthu meeting lo 😬,1
"hostel curfew 10 PM, Venu 10:01 ki vasadu — warden face priceless brow",1
"attha illu vacchindi, ammgaru cleaning started 6 AM — natural disaster alert certified L",1
Machilipatnam lo real estate prices increase avvunu last year lo,0
"India win avnu, Pavan bike lo celebrate chesadu — okkka run ki overreact avvunuu brooo",1
"night mess lo gulab jamun extra undy, Sanjay 5 plates tinnadu — bulk season broo",1
"Radha story pettindi, nenu first viewer avnu — stalker ledhu bro just coincidence",1
"Mahesh cheppadu results weekend lo vasthay ani, wait chesamu",0
"night mess lo chicken curry extra undii, Charan 5 plates tinnadu — bulk season broh",1
amma: nuvvu ekkadoo unnav? nenu: library lo. ammgaru: mee college lo library ekkadaa undoo daa? peak comedy,1
"Telugu cinema industry challa big undie, annual revenue challa undii",0
Mani Dilsukhnagar lo relatives ni chusaadaniki chesaadu weekend lo,0
"bag pack chesanu trip ki, okaa thing forget chesadhu, charger — always the charger",1
"Pavan deadline miss chesadu, 'estimation ga chesanu' annadu — estimation = guess confirmed brooo",1
"Josh lo jalebi order chesanu, wrong item vasindi, hungry avnu tinna — hunger defeats ego",1
statistics nerchukovadam career ki important undhi anukuntunna,0
"performance review lo self assessment rasanu, manager overwrite chesdu — useless exercise bro",1
"KL Rahul out avunuu, entire India silent avvunuu — national moment of grief",1
"Kalyan Ram new movie announce ayindhi, fans excited avnu, nenu OOPS exam tension lo undy — different worlds",1
"movie lo hero okka song lo 5 countries lo dance chesaadhu, nenu okaa Karimnagar bus stop daataledu",1
"Karimnagar lo different areas undie, each area different culture undie",0
"state lo rainfall chala undoo this monsoon season, reservoirs full avnu",0
"hostel wifi password change avunuu, warden ki request chesdu, 'study cheyyi' annadu — classic block",1
"meeting schedule avunu, 'this could have been an email' — every time bro",1
"diet start chesanu — upma chusaka cancel avunu, health is wealth but food is life bro",1
Ramu Guntur lo relatives ni chusaadaniki chesadhu weekend lo,0
"Dilsukhnagar lo new IT park build avutundi, jobs increase avunu anukuntaa",0
"Instagram lo life challa undie, real lo meet avnu — filter world different broo",1
OOPS prepare avvadam ki daily consistent practice important undie,0
"Telugu cinema industry chaalaa big undie, annual revenue chala undii",0
"Vijay Usha tho first date ki Bhimavaram lo tomato rice tinnaru, bill split chesaadhu — modern love",1
"nenu dal rice tinnanu, chala undii anukuntaa",0
"movie lo hero okka song lo 5 countries lo dance chesaadu, nenu okkaa Vijayawada bus stop daataledu",1
Chirala chaalaa develop avutundi last few years lo,0
"babai cheppadu 'Prasad ni chuso chaala undii' — Prasad fail avvunuu broo, different level inspiration",1
"crush same TOC class lo undi, nenu rojuu attend chesanu — subject ledu bro attendance reason different",1
"nenu PhonePe lo payment chesaadhu bill ki, easy ga undii",0
"YouTube lo pesarattu order chesanu, wrong item vasindi, hungry avvunuu tinna — hunger defeats ego",1
"Telugu cinema industry chaallu big undy, annual revenue challa undi",0
"room mate broh early rise chesadhu, alarm 5 AM ki, nenu 5 AM ki sleeping — different schedules bro",1
"mess food chala bad undy, complain chesamu, next day kudaa same — feedback loop edu",1
"Ramu Usha tho first date ki Hindupur lo garelu tinnaru, bill split chesadu — modern love",1
"Tadipatri chaallu big city undii, population chaala undii currently",0
"Mani cheppaadu Secunderabad ki vellaadani, nenu koodaa veltanu annanu",0
"Ravi cheppadu tomorrow Tenali lo program undi ani, attend chestava adugadu",0
"Bunny seminar hall lo attendance ledhu bro, but ammgaru tho 'daily velthunna' antadu — technically ledhu kadhaa",1
"movie lo hero okkaa song lo 5 countries lo dance chesaadhu, nenu oka Kurnool bus stop daataledu",1
"Raju room lo rasgulla dabbala cook chesaadu, entire floor smell ayindy — community notification",1
"Surya viva lo professor adugadu 'explain microprocessors', Surya cheppadu 'sir nenu compilers chesanu' — wrong subject attended F",1
auto wala 'meter ledu' ante 3x rate adugadu — Hyderabad special experience,1
"mail ki 'as per my last mail' chesadhu, war started avnu — corporate battlefield broh",1
"naa post lo 100 likes vasindi, Chitti cheppdu 'paid promotion avunuu' ani — jealousy speaks bro",1
"nenu microprocessors notes prepare chesanu exam ki, challa undhi material",0
"Ramu assignment last minute chesadhu, font 16, margins wide, 3 pages done — engineering at its peak",1
dosa health benefits chala undoo nutritional value tho,0
"bug report vasindi, nenu 'not able to reproduce' chesadu — classic response broh",1
"Naidu LinkedIn lo 'open to work' pettadu, recruiter edu, relatives vasindi — wrong platform response",1
"phone laedu chesanu '1 week', day 3 ki check chesanu — addiction certified brow",1
"today engineering drawing lab session undi, experiment complete chesaadhu",0
"Pavan adugadu ekkada undii nuvvu ani, Tirupati lo undi cheppanu",0
CN concepts chaala important undie software engineering ki,0
nenu Munna tho Tirupati meet avvunuu ani plan chesaadu,0
"Sharwanand movie flop avvunuu, fans 'director problem' antaru — hero ekkudda fault edu brooo",1
"movie lo villain chaala smart undie, hero okka scene lo defeat chesaadhu — audience: wait what",1
match tension lo chutney ledu tinnanu — superstition eating broo,1
nenu Charan tho Kukatpally meet avvunu ani plan chesaadhu,0
"today chemistry lab session undie, experiment complete chesaadu",0
"Babai broo discrete maths exam ki prepare laedu, result vasthe 'paper tough undi' ani blame chesdu",1
"ammaa cooking chesthu undhi, nenu help cheyyatam try chesanu — 'nuvvu poni chadduvuko' annadi",1
data scientist avvadam chaallu kaashtam kani worth it undii anukuntaa,0
"government businessman recruitment notification release avnu, applications start avvunu",0
"Haritha chepindhi exam postpone avvunu ani, relief avvunuu",0
coconut rice chala healthy option undhi daily diet lo,0
"hostel cricket lo Chitti out avunuu, 'no ball' ani argue chesadhu — classic denial",1
"hero bike stunt chesaadhu, Gandu try chesadu — bike undie, Gandu hospital lo undhi",1
"water filter ledu, bottle water kinukkunnamu — monthly parotta budget lo cut avutundi brooo",1
"Venky Kalyani ki gifts icchaadu, Kalyani cheppindhi 'you are like my brother' — return policy leduu broo",1
"nannagaru bike ki petrol ledoo, naaku pocket money laedu, iddaru okkka team kada",1
"crush 'good morning' text pampindi — nenu digital circuits exam forget chesaadu, failed — worth it bru",1
"tamarind rice chesthu undii ammaaa, nenu taste chesanu, 'chaallu undi' annanu — chef appreciation broo",1
"India lose avvunuu, everyone 'team selection problem' antaru — expert analysts everywhere",1
"Anil gate lo attendance edu broh, but ammaa tho 'daily velthunna' antadu — technically ledoo kaadaa",1
Anil cheppaadu new Amazon Prime download chesanu try cheyyi ani,0
software engineering prepare avvadam ki daily consistent practice important undy,0
"engineering colleges chaallu undy Telangana lo, competition koodha challaa",0
"government youtuber recruitment notification release avvunu, applications start avunuu",0
"new hospital Warangal lo open avutundi next month, facilities challa undoo",0
"nenu data mining notes prepare chesanu exam ki, chala undy material",0
"Dilsukhnagar lo new IT park build avutundi, jobs increase avvunuu anukunta",0
government schemes chaala undi students ki Madhapur lo,0
Hindupur lo new metro line start avutundi next year ani announce avvunu,0
parotta preparation method different ga undy different regions lo,0
group study sometimes helpful avunu anukunde complex subjects ki,0
Tadipatri lo new college open avutundi engineering courses tho,0
Harish bus stop lo compilers class attend chesadu morning lo,0
"Netflix order cancel ayindhi, money 7 days lo refund avunuu ani cheppindi — 7 days lo naa hunger wait edu",1
"nenu rasam try chesanu first time, okay ga undii",0
"Ganesh ground ki late vasthe professor 'reason?' adugadu, 'amma chesindi late' annadu — universal excuse",1
"interview ki 'punctual ga veltanu' annanu, 10 mins late avvunu — traffic blame chesanu obviously yikes",1
chelli adugutundi 'nuvvu ekkada vellav?' nenu: exam. chelli: pass avutava? — motivating brooo,1
Secunderabad lo IT sector chaallu grow avutundi past decade lo,0
"propose chesanu, 'I think of you as a brother' annadi — management result kanna worse shock broo",1
"Twitter lo argument chesadhu Raju, 200 replies vasindi, everyone against — ratio avvunu bro",1
"naa records room ki metro lo daily velthunna, time avvunu chala",0
work from home easy anti — Ramu ammgaru background lo chapati chesthu meeting lo seriously,1
"India match undii, TOC exam koodaa undii, nenu match chesanu — priorities clear bro",1
"WFH undy, camera off meeting, pajama lo undii — professional from waist up bru",1
Srinu canteen lo chemistry class attend chesdu morning lo,0
"crush 'good morning' text pampindi — nenu algorithms exam forget chesaadhu, failed — worth it bro 💔",1
TOC okkaa important branch undy computer science lo,0
reading habit chala useful undie long term lo anukuntaa,0
"Rohit Priya ki good morning text chesadu daily, read avnu reply ledhu — read receipts cruelty",1
DBMS interesting subject undoo naa opinion lo,0
"nenu Mounika tho economics group study chesaadhu, helpful avnu",0
software jobs chaallu undhi Secunderabad lo young graduates ki,0
"villain 1000 cr spend chesdu plan ki, hero okkaa punch lo finish — ROI zero bru",1
Prasad cheppadu new CRED download chesanu try cheyyi ani,0
Babu new scooty kinukkunnadu last month Nellore lo,0
"nenu paneer tho dinner chesamu family tho, challa undi",0
mental health kuda physical health la important undhi anukunde,0
"hostel lo electricity bill split chesamu, AC room ki kooda split avunu — fair ledoo broh",1
reading habit chaallu useful undie long term lo anukunde,0
Secunderabad lo weather chaala hot ga undie summers lo generally,0
Madhapur lo weather chala hot ga undie summers lo generally,0
"Ravi Deepika ki dosa treat ichadu, Deepika friend kooda vasindi, friend ki kuda treat ichadu — poverty begins",1
"professor cheppadu 'attendance mandatory', Chintu proxy pettadu, professor ne proxy ichadu — full circle brow",1
"reel lo easy recipe chesanu, nenu try chesanu, disaster avunuu — videos lie bru",1
"Usha cheppindi exam postpone avvunuu ani, relief avunu",0
"naa DBMS valla management miss aayindi, management valla DBMS miss ayindhi — perfect planning",1
"naa ground lo compilers class cancel ayindii, but attendance portal lo present show avnu — glitch in the matrix",1
"Chitti room lo dosa dabbala cook chesadu, entire floor smell ayindy — community notification",1
communication clearly cheyyatam professional collector ki essential skill undii,0
government 'smart city' antaa Ongole lo bike ki roads leduu — very smart planning brooo,1
"babai cheppadu 'Lokesh ni chuso challaa undi' — Lokesh fail avunu broo, different level inspiration",1
healthy ga undadam ki pappu tho balanced diet maintain avvunuu,0
"group chat lo message chesaadhu, everyone read, no reply — ghost protocol activate avunu",1
"Hindupur challaa big city undy, population challa undii currently",0
"nanna bike ki petrol ledhu, naaku pocket money edu, iddaru okaa team kada",1
"Chaitra cheppindi notes share cheyyi ani, share chesanu",0
"naa microprocessors valla microprocessors miss ayindy, microprocessors valla microprocessors miss ayindy — perfect planning 😂",1
time management important skill undoo students ki anukunde,0
"ammaa hostel food check chesadu, tiffin box tho vasindi — mom knows best brow",1
"power cut ayindy, phone dead, fan ledhu, summer — Secunderabad punishment level heat 😭😭",1
relationship status: networks tho — at least it needs me bro,1
"villain 1000 cr spend chesaadu plan ki, hero okkka punch lo finish — ROI zero broh",1
"phone ledu chesanu '1 week', day 3 ki check chesanu — addiction certified broh",1
"Naga Chaitanya movie ticket 500 rs, popcorn 300 rs, hero entry scene — priceless, worth it",1
"Srinu exam hall lo calculator teesukochadu, environmental science lo calculations ledhu — prepared for wrong subject",1
"GPay lo chutney order chesanu, wrong item vasindi, hungry avvunuu tinna — hunger defeats ego",1
nenu Arun tho Bhimavaram meet avunuu ani plan chesdu,0
physics interesting subject undii naa opinion lo,0
"nenu Surya tho DSA doubts discuss chesanu, clear avvunuu finally",0
DSA research field chaalaa active undy currently globally,0
movie lo hero love failure tarvata okkka song lo recover avunuu — real life lo years kudaa edu,1
"group project lo Bhai okkaa slide chesadu, presentation day lo nenu explain chesanu — Bhai ekkada undoo",1
Anantapur lo new metro line start avutundi next year ani announce avunu,0
"online lo Kavya profile photo chala undii, real lo meet avvunuu — filter technology peak level brooo",1
"queue lo okkaa hour stand chesanu, naa turn ki 'closed' board — universal suffering broh",1
"naa physics class evening lo undoo, attend chesanu",0
"3 months crush chesanu, Deepika chepindi 'I have a boyfriend' ani day 1 lo laedu — time waste certified genius bro",1
"room mate bru early rise chesadhu, alarm 5 AM ki, nenu 5 AM ki sleeping — different schedules broh",1
"Kalyan Ram movie flop avvunuu, fans 'director problem' antaru — hero ekkudda fault ledhu brooo",1
"new flyover Gachibowli lo ready avvunu next month, traffic ease avunu anukunde",0
"Arun deadline miss chesaadu, 'estimation ga chesanu' annadu — estimation = guess confirmed bru",1
"Mahesh cheppaadu Vijayawada ki vellaadani, nenu kuda veltanu annanu",0
"naa DBMS valla microprocessors miss ayindhi, microprocessors valla DBMS miss ayindi — perfect planning",1
"nenu Sravani ki cheppanu class time change avvunuu ani, okay annadi",0
"morning chapati breakfast ki chesamu, ammaaa chesaadhu today",0
"theater lo Rana entry scene ki claps, interval ki claps, climax ki claps — nenu snacks ki claps",1
"lemon rice traditional Vijayawada dish undie, festivals lo prepare avvunu",0
"nenu Indu ki wish chesanu exam ki, all the best annadi",0
teamwork skills develop avvunuu group projects tho anukunta,0
"movie lo hero okkka song lo 5 countries lo dance chesaadu, nenu okka Kadapa bus stop daataledu",1
OS research field chaalaa active undhi currently globally,0
nenu Rohit tho Karimnagar meet avunu ani plan chesdu,0
microprocessors concepts chala important undhi software engineering ki,0
Santosh Proddatur lo trader ga work chestunnadu currently,0
exam lo Vijay pray chesdu 'God MCQ lo A avvani cheyyatam' — very specific prayer brow,1
"Vijay Dharani ki gifts icchaadu, Dharani cheppindhi 'you are like my brother' — return policy leduu brow",1
"hostel gate closed avunuu, Venky wall jump chesadu, security undhi — caught in 4K broh",1
"state lo rainfall chala undoo this monsoon season, reservoirs full avvunu",0
Vizag lo okkka new GPay office open avunu this month,0
"Varun Tej movie review: 'logic leduu' — fans: 'logic ante em bru, emotion chuso'",1
"naa life Sharwanand movie la undii — interval ki twist, climax ki logic leduu bru",1
"nenu Divya ki cheppanu class time change avnu ani, okay annadi",0
state lo new industrial area develop avnu employment ki,0
"ammaaa chepindhi 'doctor avutav' ani, naa marks chusaka 'compounder avvunuu kadhaa' ani update chesaadhu",1
"naa life Balayya movie la undoo — interval ki twist, climax ki logic laedu broo",1
"Instagram lo life chaala undii, real lo meet avunuu — filter world different bro",1
"nanna bike ki petrol leduu, naaku pocket money ledoo, iddaru okkaa team kaadaa",1
Kiran today OS assignment submit chesdu on time,0
"queue lo oka hour stand chesanu, naa turn ki 'closed' board — universal suffering broo",1
"room mate brow light 2 AM daka chestunnadu, exam ledhu, YouTube undi — dedication wrong place",1
"team celebration avunu, cake undoo, Lokesh dietary restriction undi — cake still eaten bru",1
"reel lo easy recipe chesanu, nenu try chesanu, disaster avunuu — videos lie brow",1
software engineering research field chaala active undi currently globally,0
"naa engineering drawing paper lo okka question kaaduu telivindi, kani confident ga avnu rasa — confidence bro not knowledge",1
algorithms prepare avvadam ki daily consistent practice important undi,0
password strong ga pettadam online security ki essential undii,0
"Zepto lo parotta order chesanu '30 mins' ante — 2 hours lo vasindi, cold ga undii",1
"nenu Jasmine tho software engineering group study chesadhu, helpful avvunu",0
"nenu dosa tinnanu, chaalaa undi anukuntunna",0
"nenu pongal tinnanu, chaalaa undii anukuntaa",0
"phone lo 1% battery, charger room lo, nenu hall lo — impossible distance brow",1
chicken curry challa healthy option undii daily diet lo,0
"punugulu spicy order chesanu, 'extra spicy' ante, tears vasindi — bravado backfire brow",1
Adoni lo weather chaala hot ga undy summers lo generally,0
"movie lo hero okka song lo 5 countries lo dance chesaadhu, nenu okka LB Nagar bus stop daataledu",1
"Chitti auditorium lo attendance ledu bro, but ammaa tho 'daily velthunna' antadu — technically laedu kadaa",1
"long distance relationship undie, calls chaala undoo, meet avnu — bills only growing",1
Naidu canteen lo networks class attend chesadu morning lo,0
"performance review lo self assessment rasanu, manager overwrite chesdu — useless exercise broo",1
Hindupur lo IT sector chaalaa grow avutundi past decade lo,0
"naa phone battery chaallu fast poothundi, relationships kanna faster",1
"ammaa cheppiindi 'doctor avutav' ani, naa marks chusaka 'compounder avvunuu kadaa' ani update chesaadhu",1
"night lo lemon rice crave avvunuu, GPay open chesanu, delivery ledoo hostel ki — hunger unsatisfied brooo",1
savings cheyyadam important undoo early age lo start cheyyatam better,0
"today statistics lab session undie, experiment complete chesaadhu",0
"haircut chesadu, photo edachu, 10 filters pettanu — still edu bro",1
"commentary lo 'magnificent shot' antey, camera replay chesaadhu, edge undi — commentary lying bru",1
engineering chaallu popular course undy Andhra Pradesh lo,0
Rajahmundry lo IT sector chaala grow avutundi past decade lo,0
"hostel mess lo halwa undy, canteen lo halwa undi, outside lo halwa undhi — halwa universe bru",1
"Narasaraopet lo different areas undy, each area different culture undhi",0
"generator sound undy, power back avunuu ani excited avnu, neighbour generator avnu — false hope bru",1
"propose chesanu, 'I think of you as a brother' annadi — software engineering result kanna worse shock bro",1
"meeting lo yawn chesanu, boss chusadu — yawn explain cheyyadham hardest thing brooo",1
"Hardik Pandya form bad undii, drop cheyyi antee, fans: 'he is legend' — unconditional support",1
Warangal lo infrastructure improve avunu last few years lo slowly,0
"poori order chesanu, delivery boy cheppdu '5 mins', 45 mins avnu — elastic 5 mins bro",1
"Bellamkonda dialogue Ravi mess lo use chesaadhu, professor appreciate chesadhu — cinema education works",1
"crush same AI class lo undhi, nenu rojuu attend chesanu — subject leduu bro attendance reason different",1
Pavan back bench lo undi kani first bencher kanna better marks — back lo wifi strong undi kadhaa,1
"nenu Bindu ki cheppanu class time change avvunu ani, okay annadi",0
"nenu Babai ki OOPS concept explain chesanu, understood annadu",0
"Rohit Sharma century chesaadhu, office lo koodha celebration — productivity zero officially",1
"naa engineering drawing class afternoon lo undi, attend chesanu",0
"night lo egg rice eat chesanu, morning ki ammgaru ki telusindi — digestive system traitor brooo",1
"group chat lo message chesadhu, everyone read, no reply — ghost protocol activate avunuu",1
"morning sambar breakfast ki chesamu, ammaa chesdu today",0
"YouTube order cancel ayindy, money 7 days lo refund avvunu ani cheppindi — 7 days lo naa hunger wait leduu",1
"Deepak cheppadu tomorrow Proddatur lo program undoo ani, attend chestava adugadu",0
"Lavanya chepindhi exam postpone avunuu ani, relief avunu",0
"Deepak chepdu project submit chesaadu ani, good annanu",0
"Vijay cheppadu today class undy ani, nenu attend chesanu",0
"UPS undoo ante power cut leduu kani, UPS battery ledhu — backup of backup ledoo brow",1
"long distance relationship undy, calls challa undie, meet avnu — bills only growing",1
"naa wifi chaala fast undie — speed test lo matrame, actual lo ledoo brow",1
"Balayya new movie announce aayindi, fans excited avunuu, nenu DBMS exam tension lo undhi — different worlds",1
"Babai cheppdu Tadipatri ki vellaadani, nenu kuda veltanu annanu",0
"group project lo Arun okkaa slide chesadu, presentation day lo nenu explain chesanu — Arun ekkada undhi seriously",1
"naa reading room ki Apache lo daily velthunna, time avunu chaallu",0
Secunderabad lo infrastructure improve avvunu last few years lo slowly,0
"government SP recruitment notification release avnu, applications start avunuu",0
Suresh Mehdipatnam lo IAS officer ga work chestunnadu currently,0
teamwork skills develop avunu group projects tho anukunta,0
nannaa smartphone istE WhatsApp lo naa result forward chesdu relatives ki — appreciated ledoo bru,1
Sunil new RTC bus kinukkunnadu last month Dilsukhnagar lo,0
DSA nerchukovadam career ki important undhi anukuntaa,0
Mehdipatnam lo infrastructure improve avunu last few years lo slowly,0
English prepare avvadam ki daily consistent practice important undi,0
"nenu Pavan ki discrete maths concept explain chesanu, understood annadu",0
"nenu Jasmine ki cheppanu class time change avunu ani, okay annadi",0
"commentary lo 'magnificent shot' antey, camera replay chesaadhu, edge undoo — commentary lying broh",1
"nenu Santosh tho physics doubts discuss chesanu, clear avvunuu finally",0
"haircut chesadhu, photo edachu, 10 filters pettanu — still ledoo brooo",1
"new startup Anantapur lo start avunuu, local bank manager opportunities create avnu",0
"Twitter lo argument chesadu Surya, 200 replies vasindi, everyone against — ratio avunu bro",1
CN okaa important branch undii computer science lo,0
"LB Nagar lo new IT park build avutundi, jobs increase avvunu anukunta",0
Rakesh cheppadu new Meesho download chesanu try cheyyi ani,0
"Arjun cheppadu results holiday lo vasthay ani, wait chesamu",0
"UPS undy ante power cut edu kani, UPS battery edu — backup of backup leduu brooo",1
movie lo hero love failure tarvata okka song lo recover avnu — real life lo years kudaa ledu,1
"water filter edu, bottle water kinukkunnamu — monthly gulab jamun budget lo cut avutundi broh",1
"Virat Kohli out avvunu, entire India silent avvunuu — national moment of grief",1
"Instagram lo life chaallu undoo, real lo meet avunuu — filter world different brow",1
"promotion vasindi — title change avvunu, work increase avvunu, salary same — congrats broh",1
"naa wifi chaalaa fast undy — speed test lo matrame, actual lo ledoo brooo",1
"nenu attu tinnanu, chaallu undoo anukuntunna",0
"Lavanya adugundi canteen ekkado undie ani, direction cheppanu",0
vada preparation method different ga undhi different regions lo,0
"long distance relationship undoo, calls challaa undy, meet avnu — bills only growing",1
networks research field chaallu active undi currently globally,0
"night lo vada eat chesanu, morning ki ammgaru ki telusindi — digestive system traitor brow",1
"Sekhar Kalyani kosam economics study chesadu, Kalyani different section lo undoo — wasted effort",1
"rain start avunuu — naa umbrella room lo undhi, nenu Kukatpally middle lo undi",1
"Santosh exam hall lo calculator teesukochadu, algorithms lo calculations ledoo — prepared for wrong subject yikes",1
"generator sound undoo, power back avnu ani excited avvunu, neighbour generator avvunuu — false hope broh",1
"Charan exam hall lo calculator teesukochadu, AI lo calculations laedu — prepared for wrong subject XD",1
mental health kooda physical health la important undy anukunta,0
"metro lo seat dorikithe lucky day ani anukunde, next stop lo empty avunu — always like this seriously",1
"government software engineer recruitment notification release avunuu, applications start avvunu",0
"Jadeja interview lo Telugu lo chepadu, nenu proud avunu — cultural representation brooo",1
"supermarket ki okkka item ki poina, 10 items tho vasina — market psychology max level",1
rasam challaa healthy option undoo daily diet lo,0
"Divya dp change chesadhu, Girish first like chesaadhu — notification ON obviously peak comedy",1
"bus timings change avunuu Tenali lo recently, new schedule vasindi",0
"Sanjay adugadu which management book better ani, reference book suggest chesanu",0
"online meeting lo nenu mute avvunuu matladanu 5 mins — everyone heard, no one told broo",1
"diet start chesanu — idli chusaka cancel avnu, health is wealth but food is life broh",1
"Kukatpally lo okka seat dorikithe lucky ani anukuntunna, destination ki reach avnu — always like this",1
"YouTube lo okkka video chusanu, 3 hours tarvata okkka click lo — algorithm trap bru",1
Secunderabad lo real estate prices increase avunuu last year lo,0
linear algebra basics strong avunuu anti advanced concepts easy avvunu,0
"Rajesh cheppadu today class undii ani, nenu attend chesanu",0
"Dhoni form bad undii, drop cheyyi antaa, fans: 'he is legend' — unconditional support",1
group study sometimes helpful avnu anukuntaa complex subjects ki,0
today midnight lo Bhai Proddatur ki cab lo vellaadu,0
"naa networks paper lo okaa question kaadu telivindi, kani confident ga avunu rasa — confidence broo not knowledge bruh",1
"nenu economics notes prepare chesanu exam ki, chala undy material",0
"Mahesh Babu movie trailer chala undi ani 4 tickets kattanu, movie logic ledu — trailer cheated bru",1
Karimnagar lo weather challaa hot ga undie summers lo generally,0
library resources properly use chesukovalani DBMS better understand avvadam ki,0
Rajesh Guntur lo relatives ni chusaadaniki chesaadu weekend lo,0
"nenu tomato rice tinnanu, chaallu undie anukuntaa",0
"hostel room lo 4 people, okka charger, okka wifi — survival of the fittest",1
"new startup Karimnagar lo start avnu, local software engineer opportunities create avunu",0
"new restaurant undoo, expensive menu chusaka water only order chesanu — budget dining brow",1
"India batting collapse avunuu, nenu DSA notes rasanu — parallel disasters broo",1
"Nithiin movie trailer challa undhi ani 4 tickets kattanu, movie logic ledoo — trailer cheated brow",1
"nenu Pappu ki English concept explain chesanu, understood annadu",0
"naa wifi challa fast undhi — speed test lo matrame, actual lo leduu brow",1
"power cut avunuu Rajahmundry lo, exam night lo — God timing perfect brooo",1
"hostel gate closed avunu, Bhaskar wall jump chesadu, security undoo — caught in 4K brow",1
"nenu Yamini tho OS group study chesaadhu, helpful avunu",0
"hostel gate closed avvunuu, Gandu wall jump chesadu, security undhi — caught in 4K bro",1
"KL Rahul out avunuu, entire India silent avvunu — national moment of grief",1
"villain 1000 cr spend chesaadu plan ki, hero okaa punch lo finish — ROI zero broo",1
"Tadipatri lo colleges chaallu undii, students everywhere undie anukuntaa",0
"Rana movie trailer challaa undoo ani 4 tickets kattanu, movie logic ledoo — trailer cheated broh",1
"poori spicy order chesanu, 'extra spicy' antee, tears vasindi — bravado backfire brow",1
"story post chesanu, Vani viewed chesaadu, reply edu — seen without acknowledgement bro",1
"Rana okkka punch lo 10 mandi ni laedu chesdu, nenu okaa statistics paper clear cheyyalekapoyanu W move",1
Madhapur lo infrastructure improve avvunu last few years lo slowly,0
"Bhai cheppdu project submit chesadhu ani, good annanu",0
"nenu butter chicken tho dinner chesamu family tho, chala undie",0
Vijay Deverakonda interview lo 'fans my strength' annadu — fans hearing this: power up avunuu,1
"nenu Meena tho ML group study chesdu, helpful avvunuu",0
Warangal chaala develop avutundi last few years lo,0
"haircut chesaadu, photo edachu, 10 filters pettanu — still leduu bro",1
"cricket prediction chesanu, wrong avvunuu, always — analyst career edu bru",1
"naa wifi challa fast undhi — speed test lo matrame, actual lo leduu bru",1
"naa management class afternoon lo undhi, attend chesanu",0
"movie lo Naga Chaitanya tho fight scene, 50 mandi ni okaa hand tho — physics take a vacation bru",1
environmental science basics strong avvunu ante advanced concepts easy avvunu,0
"office lunch lo dal rice undhi, nenu Meesho order chesanu — mess food bypass broo",1
resume lo relevant DBMS skills clearly mention cheyyadam important,0
"Mahesh Lakshmi ki good morning text chesadu daily, read avnu reply laedu — read receipts cruelty",1
Girish LB Nagar lo engineer ga work chestunnadu currently,0
"Sai cheppdu project submit chesadhu ani, good annanu",0
noodles health benefits chaala undhi nutritional value tho,0
English okkaa important branch undoo computer science lo,0
nenu Sanjay tho Vijayawada meet avunu ani plan chesadu,0
"nenu Mohan ki data mining concept explain chesanu, understood annadu",0
"nenu Chintu ki cheppanu today assignment undoo ani, thanks annadu",0
"Telugu cinema industry chaallu big undii, annual revenue chaalaa undi",0
Secunderabad chala develop avutundi last few years lo,0
"Usha cheppindhi exam postpone avunu ani, relief avunu",0
Lucky cheppaadu new ShareChat download chesanu try cheyyi ani,0
work from home easy antee — Rahul ammaaa background lo gongura rice chesthu meeting lo,1
"crush same digital circuits class lo undi, nenu rojuu attend chesanu — subject laedu bro attendance reason different",1
"state lo rainfall challa undy this monsoon season, reservoirs full avnu",0
"Teja selfie 50 teesadu, okkka post chesaadu, 2 likes vasindi — effort vs result gap brow",1
compilers basics strong avunu anti advanced concepts easy avvunu,0
Bhimavaram lo road expansion project start avvunuu this month,0
Srinu campus lo environmental science class attend chesadhu morning lo,0
"online lo Sravani profile photo challaa undhi, real lo meet avunuu — filter technology peak level brooo",1
"India win avunuu, Munna bike lo celebrate chesadu — oka run ki overreact avnu brooo",1
"interview ki 'punctual ga veltanu' annanu, 10 mins late avvunuu — traffic blame chesanu obviously gone case",1
Gandu back bench lo undy kani first bencher kanna better marks — back lo wifi strong undie kadha,1
"nenu Zara tho CN group study chesaadu, helpful avnu",0
internet speed improve avunuu rural areas lo new towers tho,0
"queue lo okkka hour stand chesanu, naa turn ki 'closed' board — universal suffering brow",1
"new hospital Gachibowli lo open avutundi next month, facilities chaallu undy",0
mental health kooda physical health la important undoo anukuntaa,0
"Surya Chaitra ki butter chicken treat ichadu, Chaitra friend kudaa vasindi, friend ki koodha treat ichadu — poverty begins",1
"nanna bike ki petrol leduu, naaku pocket money edu, iddaru okkaa team kadha",1
"crush 'good morning' text pampindi — nenu software engineering exam forget chesaadhu, failed — worth it bro",1
"hero bike stunt chesaadu, Rahul try chesadu — bike undhi, Rahul hospital lo undhi 💔",1
"naa bus stop lo OOPS class cancel ayindii, but attendance portal lo present show avnu — glitch in the matrix",1
Naga Chaitanya interview lo 'fans my strength' annadu — fans hearing this: power up avunuu,1
"supermarket ki okka item ki poina, 10 items tho vasina — market psychology max level",1
"nenu Indu ki cheppanu class time change avvunu ani, okay annadi",0
Gandu chepadu new Swiggy download chesanu try cheyyi ani,0
"group chat lo message chesaadu, everyone read, no reply — ghost protocol activate avunuu",1
LB Nagar lo infrastructure improve avnu last few years lo slowly,0
"team outing undhi, Harish leave chesadu — anti-social professional bro",1
"group project lo Rajesh okaa slide chesadu, presentation day lo nenu explain chesanu — Rajesh ekkada undii no way",1
"YouTube lo okkaa video chusanu, 3 hours tarvata okaa click lo — algorithm trap broh",1
English basics strong avvunuu ante advanced concepts easy avnu,0
"new hospital Bhimavaram lo open avutundi next month, facilities challa undoo",0
regular exercise chaala important undii long term health ki,0
time management important skill undii students ki anukunta,0
"new hospital Dilsukhnagar lo open avutundi next month, facilities chala undie",0
"amma phone lo data ledhu, naa phone lo data laedu, iddaru fight chesamu — poverty bonding",1
"Mohammed Siraj interview lo Telugu lo chepadu, nenu proud avvunu — cultural representation bru",1
"Bellamkonda movie flop avunu, fans 'director problem' antaru — hero ekkudda fault edu broh",1
content creator ki necessary certifications obtain cheyyadam career growth ki helpful,0
"relatives adugutunnaru 'what are your plans' ani, nenu environmental science pass avvadam plan brow — small goals gone case",1
"new flyover Tadipatri lo ready avvunuu next month, traffic ease avvunuu anukuntunna",0
"reel lo easy recipe chesanu, nenu try chesanu, disaster avunu — videos lie brow",1
"Gayatri cheppindi 'just be yourself' ani, nenu myself avunu undi, works ledoo brooo — bad advice",1
practical knowledge challaa important undie theoretical kanna anukuntaa,0
"naa life okka hero laa start avvunuu — but interval ledu, climax ledu, budget ledu",1
teamwork skills develop avnu group projects tho anukunde,0
trader avvadam challa kaashtam kani worth it undoo anukuntaa,0
"mirchi bajji traditional Kukatpally dish undi, festivals lo prepare avvunuu",0
Tenali lo transport options improve avnu metro tho,0
"hero bike stunt chesaadhu, Kiran try chesaadu — bike undie, Kiran hospital lo undoo 😭😭",1
"Telugu cinema industry chaala big undii, annual revenue chaala undi",0
"Babu Eswari ki gifts icchaadu, Eswari cheppiindi 'you are like my brother' — return policy ledhu broo",1
"traffic lo Dilsukhnagar lo okkka hour stuck, GPS '2 mins away' antu undie — GPS lying brooo",1
"power cut avvunuu Guntur lo, exam night lo — God timing perfect bru",1
"warden room check chesadu, Raju room clean chesadhu first time — inspection effect broo",1
"propose chesanu, 'I think of you as a brother' annadi — OOPS result kanna worse shock brow",1
"nenu Indu tho OOPS group study chesadu, helpful avnu",0
"match undii ani ammgaru ki chepdu, 'ledoo study cheyyi' annadi — different priorities",1
Sai Anantapur lo relatives ni chusaadaniki chesdu weekend lo,0
"nenu Surya tho ML doubts discuss chesanu, clear avunuu finally",0
"nenu Haritha tho DBMS group study chesaadhu, helpful avvunuu",0
reading habit chaala useful undie long term lo anukuntaa,0
chutney preparation method different ga undoo different regions lo,0
"Dinesh cheppadu today class undie ani, nenu attend chesanu",0
"thammudu naa charger teesukuntunnadu, nenu teesukuntunna — family sharing plan fr fr",1
Anna Madhapur lo MP ga work chestunnadu currently,0
statistics research field chala active undi currently globally,0
"Ravi cheppadu today class undi ani, nenu attend chesanu",0
government schemes challa undy students ki Tadipatri lo,0
"ammaaa phone lo data leduu, naa phone lo data laedu, iddaru fight chesamu — poverty bonding",1
mental health kudaa physical health la important undii anukuntaa,0
pongal health benefits chaalaa undie nutritional value tho,0
"Sai Sirisha ki good morning text chesadu daily, read avvunuu reply leduu — read receipts cruelty",1
"Anil Ishani ki good morning text chesadu daily, read avunuu reply edu — read receipts cruelty",1
"crush same ML class lo undoo, nenu rojuu attend chesanu — subject ledhu bro attendance reason different",1
"Suma cheppiindi tomorrow test undhi networks lo ani, prepare avunuu",0
"Hotstar lo vada order chesanu '30 mins' antaa — 2 hours lo vasindi, cold ga undy",1
Gachibowli lo okkaa new Swiggy office open avunuu this month,0
nenu Sunil tho Vijayawada meet avunuu ani plan chesaadhu,0
egg rice preparation method different ga undoo different regions lo,0
naa friend Varun Tej dialogue morning ki evening daka repeat chesadu — method acting ledoo just annoying,1
"engineering colleges chaalaa undoo Telangana lo, competition kudaa chaallu",0
Warangal lo water supply schedule change avvunu maintenance ki,0
"naa algorithms paper lo oka question kaadhu telivindi, kani confident ga avunuu rasa — confidence brooo not knowledge",1
software jobs challaa undoo Hindupur lo young graduates ki,0
"Chirala lo new IT park build avutundi, jobs increase avvunu anukuntaa",0
"India win avnu, Anil bike lo celebrate chesadu — okkka run ki overreact avnu broo",1
"Munna selfie 50 teesadu, okaa post chesadhu, 2 likes vasindi — effort vs result gap brow",1
Mehdipatnam lo new metro line start avutundi next year ani announce avunu,0
"ex vasindi message 'how are you' ani, nenu ML fail avutunna — great timing broo",1
"CRED order cancel ayindy, money 7 days lo refund avunu ani cheppindi — 7 days lo naa hunger wait edu",1
"client call lo internet ledhu avunu, reschedule chesanu — wifi excuse broo",1
amma: nuvvuu ekkadaa unnav? nenu: library lo. ammgaru: mee college lo library ekado undi raa? wait what,1
AI nerchukovadam career ki important undhi anukuntaa,0
"Babai cheppadu today class undii ani, nenu attend chesanu",0
algorithms interesting subject undoo naa opinion lo,0
chemistry okkka important branch undhi computer science lo,0
"propose chesanu, 'I think of you as a brother' annadi — CN result kanna worse shock broo",1
communication skills important undi any trader ki,0
"nanna cheppadu 'architect avvali' ani, nenu cheppanu 'try chestunna' ani — 4 years same conversation broh",1
"Naveen Jyothi tho first date ki Chirala lo chapati tinnaru, bill split chesadhu — modern love",1
Madhapur lo weather challa hot ga undy summers lo generally,0
"team outing undhi, Girish leave chesadu — anti-social professional brow",1
AI okaa important branch undy computer science lo,0
"Telugu cinema industry chaallu big undhi, annual revenue chaala undie",0
"Rana movie flop avnu, fans 'director problem' antaru — hero ekkudda fault ledhu bro",1
"placement cell lo HR adugadu 'where do you see yourself in 5 years', Gandu 'sleeping' annadu — honest answer",1
"Bhimavaram lo different areas undoo, each area different culture undie",0
"YouTube lo okkka video chusanu, 3 hours tarvata okaa click lo — algorithm trap broh",1
"Gopi adugadu which environmental science book better ani, reference book suggest chesanu",0
"amma cheppindi 'doctor avutav' ani, naa marks chusaka 'compounder avunuu kada' ani update chesadu",1
"crush 'good morning' text pampindi — nenu AI exam forget chesadu, failed — worth it broo",1
"akka result vasindi, ammaaa sweets chesindi, naa result vasindi, ammaa fasting chesindi — clear bias yikes",1
"amma hostel food check chesaadhu, tiffin box tho vasindi — mom knows best brooo",1
"ex vasindi message 'how are you' ani, nenu AI fail avutunna — great timing brow",1
"state lo rainfall chaala undoo this monsoon season, reservoirs full avvunuu",0
linear algebra interesting subject undi naa opinion lo,0
water sufficient ga taagadam daily health ki essential undhi,0
"room mate bro light 2 AM daka chestunnadu, exam edu, YouTube undi — dedication wrong place",1
government 'smart city' antee Vizag lo scooty ki roads leduu — very smart planning broo,1
"punugulu chesthu undii amma, nenu taste chesanu, 'challaa undi' annanu — chef appreciation broh",1
"ATM ki poina cash ledhu, UPI try chesanu network ledoo — broke in every possible way wait what",1
butter chicken health benefits challa undie nutritional value tho,0
"Dharani dp change chesadu, Abhi first like chesadu — notification ON obviously",1
"cousin vasadu, naa room occupy chesadu, nenu hall lo — guest rights > family rights brooo",1
"naa microprocessors notes chaala neat ga undhi, exam ki neney chadduvukoledu — aesthetic > knowledge",1
"Surya Instagram bio lo 'entrepreneur' pettadu, venture ledhu — aspirational lying broo",1
Vijayawada lo infrastructure improve avunuu last few years lo slowly,0
"internals lo Tarun ki 9/30 vasthe 'grace marks' antadu, grace means 9 ye brooo",1
"hostel wifi password change avunu, warden ki request chesadhu, 'study cheyyi' annadu — classic block",1
Proddatur lo real estate prices increase avnu last year lo,0
LB Nagar lo new college open avutundi engineering courses tho,0
OOPS concepts chaallu important undie software engineering ki,0
"new startup Karimnagar lo start avnu, local pharmacist opportunities create avnu",0
"summer lo Machilipatnam lo power cut — fan leduu, AC leduu, life laedu broo",1
"Sai Tej mass scene lo BGM chala loud undi, theater shake ayindii, naa heart shake ayindhi — same energy",1
communication clearly cheyydam professional data scientist ki essential skill undi,0
"Harish college ki late vasthe professor 'reason?' adugadu, 'ammaa chesindi late' annadu — universal excuse",1
"Ram Charan new movie announce aayindi, fans excited avnu, nenu statistics exam tension lo undy — different worlds",1
"naa auditorium ki cycle lo daily velthunna, time avnu chaalaa",0
"Ojaswi cheppindi notes share cheyyi ani, share chesanu",0
Narasaraopet lo water supply schedule change avvunu maintenance ki,0
"mess food chaalaa bad undi, complain chesamu, next day koodaa same — feedback loop edu",1
"client call lo internet ledoo avvunuu, reschedule chesanu — wifi excuse broo",1
"Girish university lo attendance ledoo broh, but ammaaa tho 'daily velthunna' antadu — technically ledoo kaadaa",1
"Telugu cinema industry chaala big undi, annual revenue chaala undi",0
"naa post lo 100 likes vasindi, Dinesh cheppaadu 'paid promotion avunuu' ani — jealousy speaks brow",1
Vijayawada lo infrastructure improve avvunuu last few years lo slowly,0
communication skills important undy any MP ki,0
"Surya deadline miss chesdu, 'estimation ga chesanu' annadu — estimation = guess confirmed bru",1
Tenali lo infrastructure improve avunu last few years lo slowly,0
"Kadapa lo new IT park build avutundi, jobs increase avvunu anukunta",0
"hostel room lo 4 people, okkaa charger, okkka wifi — survival of the fittest",1
"nanna cheppadu 'professor avvali' ani, nenu cheppanu 'try chestunna' ani — 4 years same conversation broh",1
"new joiner vasadu, nenu senior ani feel avunu, nenu koodaa confused undie — leading the lost broh",1
public transport use cheyyadam traffic reduce avnu pollution koodaa taginchutundi,0
"Abhi laundry oka month chesadu, room lo mountain avvunu — Himalayas size bru",1
"ATM ki poina cash ledu, UPI try chesanu network leduu — broke in every possible way 😭😭",1
"Instagram lo life chaalaa undoo, real lo meet avunuu — filter world different bru",1
"Balayya new movie announce aayindi, fans excited avvunu, nenu DBMS exam tension lo undhi — different worlds",1
"naa records room lo linear algebra class cancel ayindi, but attendance portal lo present show avnu — glitch in the matrix",1
"akka result vasindi, amma sweets chesindi, naa result vasindi, ammaaa fasting chesindi — clear bias",1
networks oka important branch undi computer science lo,0
"Rohit engineering drawing project last night chesadu, works on his laptop, ledu lab lo — classic",1
"power cut ayindi, phone dead, fan ledu, summer — Vijayawada punishment level heat bro what",1
"government teacher recruitment notification release avvunuu, applications start avunu",0
"Amazon lo garelu order chesanu '30 mins' ante — 2 hours lo vasindi, cold ga undy",1
"queue lo okkka hour stand chesanu, naa turn ki 'closed' board — universal suffering broh",1
"Kalyan Ram mass scene lo BGM challaa loud undi, theater shake ayindhi, naa heart shake ayindii — same energy",1
online learning convenient ga undii anukunde most students ki,0
"naa physics class holiday lo undi, attend chesanu",0
Vikram chepadu new Flipkart download chesanu try cheyyi ani,0
"barber ki 'thoda trim' annanu — half head gone, lost in translation broh",1
naa networks marks chusaka okkaa nimisham silent ga undhi — grief kaadu pure shock broh,1
"Bhaskar physics project last night chesadu, works on his laptop, ledu lab lo — classic W move",1
"hostel room lo 4 people, okkka charger, okkaa wifi — survival of the fittest",1
"meme post chesanu, 0 likes, friend post chesanu same meme, viral avunu — timing is everything brooo",1
"new startup Tirupati lo start avnu, local MP opportunities create avunu",0
environmental science nerchukovadam career ki important undhi anukunde,0
"valentine's day ki Ravi alone undi, jalebi order chesaadhu — self love era",1
"government lawyer recruitment notification release avnu, applications start avunuu",0
"garelu traditional Narasaraopet dish undie, festivals lo prepare avnu",0
"Suma chepindi exam postpone avunuu ani, relief avvunu",0
healthy ga undadam ki rasgulla tho balanced diet maintain avunuu,0
Andhra Pradesh lo agriculture important sector undii economy ki,0
"state lo rainfall chaalaa undy this monsoon season, reservoirs full avvunuu",0
Vijay Deverakonda interview lo 'fans my strength' annadu — fans hearing this: power up avvunuu,1
"Chitti deadline miss chesadhu, 'estimation ga chesanu' annadu — estimation = guess confirmed brooo",1
Sai Ongole lo relatives ni chusaadaniki chesadhu weekend lo,0
"nenu chemistry notes prepare chesanu exam ki, chaalaa undie material",0
"naa records room lo ML class cancel ayindi, but attendance portal lo present show avunu — glitch in the matrix",1
"Telugu cinema industry chaalaa big undi, annual revenue chaallu undie",0
"bus timings change avvunuu Hyderabad lo recently, new schedule vasindi",0
reading habit challa useful undii long term lo anukuntunna,0
exam lo Deepak pray chesdu 'God MCQ lo A avvani cheyydam' — very specific prayer brow,1
"Nithiin movie trailer chaala undhi ani 4 tickets kattanu, movie logic ledu — trailer cheated bro",1
"Sai LinkedIn lo 'open to work' pettadu, recruiter leduu, relatives vasindi — wrong platform response",1
healthy ga undadam ki fried rice tho balanced diet maintain avvunuu,0
teamwork skills develop avunuu group projects tho anukuntaa,0
"Lokesh cheppadu today class undi ani, nenu attend chesanu",0
physics okaa important branch undy computer science lo,0
"commentary lo 'magnificent shot' antaa, camera replay chesaadu, edge undii — commentary lying bro",1
TOC okka important branch undie computer science lo,0
Lucky Narasaraopet lo contractor ga work chestunnadu currently,0
Suresh library lo AI chadduvutunnadu evening daka,0
"promotion vasindi — title change avunuu, work increase avvunuu, salary same — congrats broo",1
"Ramu cheppadu results holiday lo vasthay ani, wait chesamu",0
Kiran library lo economics chadduvutunnadu evening daka,0
"nenu Dharani ki wish chesanu exam ki, all the best annadi",0
"fantasy cricket lo Virat Kohli select chesadu, zero points vasindi — real game different broo",1
"naa microprocessors professor chaallu fast broh, notes laedu, brain ledoo, future leduu",1
"Bhai viva lo professor adugadu 'explain data mining', Bhai cheppadu 'sir nenu physics chesanu' — wrong subject attended xd",1
crush cheppindhi 'we are just friends' ani — software engineering fail kanna painful avnu brooo,1
"naa birthday ki okkaa wish leduu, exam result ki chaallu messages vasindi — wrong notifications bro",1
"Varun Tej dialogue Nitesh computer lab lo use chesadu, professor appreciate chesadhu — cinema education works",1
"Kiran adugadu ekkada undoo nuvvu ani, Narasaraopet lo undhi cheppanu",0
healthy ga undadam ki biryani tho balanced diet maintain avunuu,0
Tadipatri lo okaa new WhatsApp office open avunu this month,0
"nenu Vijay tho OOPS doubts discuss chesanu, clear avnu finally",0
"hero bike stunt chesaadu, Rajesh try chesadhu — bike undi, Rajesh hospital lo undi legend",1
Tadipatri lo weather chaallu hot ga undie summers lo generally,0
"Mani broh DSA exam ki prepare ledhu, result vasthe 'paper tough undoo' ani blame chesaadu bruh",1
DBMS okka important branch undii computer science lo,0
"Arjun cooking first time chesaadu, attu chesanu, ammaaa feedback: 'next time ledu chesuku' — harsh review",1
"internals lo Ramesh ki 9/30 vasthe 'grace marks' antadu, grace means 9 ye brooo",1
"engineering colleges challaa undii Telangana lo, competition kuda challaa",0
"dosa traditional Warangal dish undy, festivals lo prepare avvunuu",0
"3 months crush chesanu, Sravani cheppiindi 'I have a boyfriend' ani day 1 lo ledoo — time waste certified",1
"Vikram adugadu ekkada undy nuvvu ani, Ongole lo undhi cheppanu",0
"fantasy cricket lo KL Rahul select chesadu, zero points vasindi — real game different bro",1
"Ramesh chepdu Eluru ki vellaadani, nenu koodaa veltanu annanu",0
professor 'open book exam' anti Bhaskar library motham bag lo pettukochadu,1
"ammaaa gongura rice chesadhu, nenu 'chala undoo' annanu — ledoo, pure diplomacy bru",1
"India World Cup win chesaadhu, nenu linear algebra fail avnu same day — mixed emotions broh",1
practical knowledge chaalaa important undy theoretical kanna anukunde,0
"group chat lo message chesaadhu, everyone read, no reply — ghost protocol activate avnu",1
relationship status: microprocessors tho — at least it needs me bru,1
"Mahesh cheppadu tomorrow Bhimavaram lo program undhi ani, attend chestava adugadu",0
"government MLA recruitment notification release avnu, applications start avnu",0
"mail ki 'as per my last mail' chesadu, war started avunuu — corporate battlefield bro",1
"online exam lo Bhai tab switch chesdu, 'suspicious activity' alert vasindi — ledu bro just water taaganiki vellanu",1
communication clearly cheyyadam professional nurse ki essential skill undhi,0
"Venu cheppadu Rajahmundry ki vellaadani, nenu kudaa veltanu annanu",0
"Mani cheppadu today class undie ani, nenu attend chesanu",0
work from home easy anti — Sanjay amma background lo lemon rice chesthu meeting lo F,1
"cooking chesadhu, taste check chesanu, taste check again — by end fried rice ledhu brow",1
"India match undie, chemistry exam kooda undoo, nenu match chesanu — priorities clear brow",1
"Gopi cheppadu tomorrow Gachibowli lo program undie ani, attend chestava adugadu",0
technology chaala fast ga change avutundi every year,0
management basics strong avvunu antee advanced concepts easy avvunu,0
"state lo rainfall chaallu undi this monsoon season, reservoirs full avnu",0
"Gandu Keerthi ki good morning text chesadu daily, read avunu reply leduu — read receipts cruelty",1
"Mani algorithms project last night chesadu, works on his laptop, ledu lab lo — classic",1
"Hindupur lo colleges challaa undhi, students everywhere undhi anukuntunna",0
"Santosh adugadu which economics book better ani, reference book suggest chesanu",0
"Dhoni form bad undii, drop cheyyi ante, fans: 'he is legend' — unconditional support",1
LB Nagar lo road expansion project start avunu this month,0
"naa records room lo networks class cancel ayindii, but attendance portal lo present show avunuu — glitch in the matrix",1
"night mess lo tamarind rice extra undy, Venky 5 plates tinnadu — bulk season broo",1
Dinesh cheppaadu new Spotify download chesanu try cheyyi ani,0
Jyothi adugindi 'emaina special undhiva nalo?' — nenu environmental science notes rasaanu simultaneously,1
"naa compilers notes chaala neat ga undii, exam ki neney chadduvukoledu — aesthetic > knowledge",1
"gongura rice order chesanu, delivery boy cheppadu '5 mins', 45 mins avunuu — elastic 5 mins brow",1
"India win avvunuu, Suresh bike lo celebrate chesadu — okkaa run ki overreact avvunuu broh",1
"okkka bite tamarind rice tinnanu, finish avvunu entire plate — portion control failed bro",1
"nenu statistics notes prepare chesanu exam ki, chaalaa undoo material",0
"Jyothi 'nuvvu change avvali' annadi, Ganesh hairstyle change chesdu — nenu try chesanu brooo",1
online learning convenient ga undie anukuntunna most students ki,0
nenu Ganesh tho Vizag meet avvunu ani plan chesdu,0
"hostel inspection day lo room super clean avunuu, next day garbage again — temporary excellence",1
"Gayatri story pettindi, nenu first viewer avunuu — stalker laedu bro just coincidence",1
"propose chesanu, 'I think of you as a brother' annadi — environmental science result kanna worse shock broh",1
bike maintain cheyyadaniki regular service oka month ki okaa sari chesukovalani,0
"akka result vasindi, amma sweets chesindi, naa result vasindi, amma fasting chesindi — clear bias bro what",1
"NTR new movie announce ayindii, fans excited avunu, nenu CN exam tension lo undy — different worlds",1
Madhapur lo okka new Instagram office open avvunu this month,0
"room mate brow light 2 AM daka chestunnadu, exam leduu, YouTube undoo — dedication wrong place",1
"team outing undy, Suresh leave chesadu — anti-social professional broh",1
"Meesho order cancel ayindii, money 7 days lo refund avunu ani cheppindi — 7 days lo naa hunger wait ledu",1
politician avvadam chaallu kaashtam kani worth it undoo anukuntunna,0
"nenu today Hyderabad ki share auto lo vellanu, chala time avunuu",0
today Monday lo Vijay Vijayawada ki train lo vellaadu,0
"engineering colleges chala undy Telangana lo, competition kooda chaala",0
"Bunny cheppadu results Monday lo vasthay ani, wait chesamu",0
"Nellore chala big city undy, population challa undie currently",0
"nenu Lakshmi ki cheppanu class time change avunuu ani, okay annadi",0
data mining interesting subject undhi naa opinion lo,0
"Nandini story pettindi, nenu first viewer avnu — stalker ledoo bro just coincidence",1
Gopi college lo TOC class attend chesadu morning lo,0
"nenu Padma ki cheppanu class time change avunuu ani, okay annadi",0
"okkka bite mirchi bajji tinnanu, finish avunu entire plate — portion control failed brow",1
"warden room check chesaadhu, Raju room clean chesdu first time — inspection effect broh",1
"brooo cheppadu 'battery saver mode lo undoo' — nenu text chesanu, 3 hours tarvata reply vasindi",1
"engineering colleges chala undi Telangana lo, competition koodha chaalaa",0
government schemes challaa undoo students ki Guntur lo,0
nanaaa smartphone istE WhatsApp lo naa result forward chesaadhu relatives ki — appreciated ledu brooo,1
"new flyover Bhimavaram lo ready avnu next month, traffic ease avunuu anukuntaa",0
"online class lo professor 'unmute avvandi' antey — 50 fans, 10 dogs, 5 amma voices no cap",1
butter chicken preparation method different ga undy different regions lo,0
"Telugu cinema industry challa big undy, annual revenue chala undhi",0
"night lo rasam crave avnu, GPay open chesanu, delivery leduu hostel ki — hunger unsatisfied brow",1
"rasgulla chesthu undhi ammaa, nenu taste chesanu, 'chaallu undhi' annanu — chef appreciation bro",1
OOPS research field chaallu active undy currently globally,0
"nenu idli try chesanu first time, okay ga undoo",0
Babai chepdu new YouTube download chesanu try cheyyi ani,0
"internals lo Bhaskar ki 9/30 vasthe 'grace marks' antadu, grace means 9 ye brow",1
"Santosh LinkedIn lo 'open to work' pettadu, recruiter edu, relatives vasindi — wrong platform response",1
"chicken curry traditional LB Nagar dish undi, festivals lo prepare avunu",0
"Swathi chepindhi notes share cheyyi ani, share chesanu",0
"Anna Divya ki 'hi' text chesadhu, 3 days tarvata reply vasindi — chaalaa busy schedule undii broo",1
internships challa important undi final year students ki,0
coconut rice challa healthy option undy daily diet lo,0
economics okkka important branch undy computer science lo,0
data mining research field chaallu active undy currently globally,0
"nenu sambar tinnanu, chaalaa undie anukunde",0
"client call lo internet edu avvunuu, reschedule chesanu — wifi excuse bro",1
government schemes chala undoo students ki Vizag lo,0
Lokesh library lo CN chadduvutunnadu evening daka,0
"online meeting lo nenu mute avvunuu matladanu 5 mins — everyone heard, no one told broh",1
"ammaaa cheppindhi 'doctor avutav' ani, naa marks chusaka 'compounder avunu kadhaa' ani update chesaadu",1
"Surya Deepika ki lemon rice treat ichadu, Deepika friend koodaa vasindi, friend ki kudaa treat ichadu — poverty begins",1
government 'smart city' antaa Tenali lo Dio ki roads leduu — very smart planning bru,1
auto wala 'meter laedu' antey 3x rate adugadu — Machilipatnam special experience,1
"naa life Sai Tej movie la undoo — interval ki twist, climax ki logic ledoo bru",1
"office coffee machine broken avunuu, entire team productivity zero — dependency confirmed broh",1
doctor avvadam chaala kaashtam kani worth it undy anukuntaa,0
"Venky laundry okka month chesadu, room lo mountain avvunuu — Himalayas size brow",1
"Rohit room lo halwa dabbala cook chesaadhu, entire floor smell ayindi — community notification",1
"office lunch lo curd rice undie, nenu Blinkit order chesanu — mess food bypass bro",1
"nenu Deepak ki cheppanu today assignment undhi ani, thanks annadu",0
"diet chesadhu, results ledoo, pulihora eat chesaadhu, results laedu — same outcome different happiness",1
"Ravi Padma tho first date ki LB Nagar lo parotta tinnaru, bill split chesdu — modern love",1
"Ishani adugundi canteen ekkado undi ani, direction cheppanu",0
"naa phone battery chaalaa fast poothundi, relationships kanna faster bro what",1
parotta preparation method different ga undie different regions lo,0
"ammgaru cheppindi 'doctor avutav' ani, naa marks chusaka 'compounder avvunuu kadhaa' ani update chesadu",1
"naa statistics valla microprocessors miss ayindii, microprocessors valla statistics miss ayindy — perfect planning",1
reading habit challaa useful undhi long term lo anukuntaa,0
"nenu poori try chesanu first time, okay ga undhi",0
regular exercise challa important undoo long term health ki,0
"nenu pesarattu tinnanu, chaalaa undoo anukunde",0
"traffic lo Machilipatnam lo okaa hour stuck, GPS '2 mins away' antu undhi — GPS lying bru",1
"propose chesanu WhatsApp lo, Meena blue tick chesaadu, reply ledhu — left on read forever brow",1
university new courses announce chesaadu next academic year ki,0
"today discrete maths lab session undii, experiment complete chesaadhu",0
"haircut chesdu, photo edachu, 10 filters pettanu — still edu brooo",1
"Rakesh Sravani ki gifts icchaadu, Sravani chepindi 'you are like my brother' — return policy leduu bro",1
"chicken curry traditional Guntur dish undie, festivals lo prepare avvunuu",0
TOC okaa important branch undhi computer science lo,0
"naa CN notes chaallu neat ga undy, exam ki neney chadduvukoledu — aesthetic > knowledge",1
"amma 'oka contractor ni chadi set avutav' antaa, nenu still statistics clear cheyyalekapotunna seriously",1
"LB Nagar lo different areas undie, each area different culture undi",0
"online exam lo Abhi tab switch chesdu, 'suspicious activity' alert vasindi — laedu bro just water taaganiki vellanu",1
tomato rice health benefits challa undii nutritional value tho,0
"naa wifi challa fast undie — speed test lo matrame, actual lo leduu brow",1
"Flipkart lo pulihora order chesanu, wrong item vasindi, hungry avunuu tinna — hunger defeats ego",1
"Farida cheppindhi library books return date vasindi ani, return chesanu",0
vada health benefits chaallu undoo nutritional value tho,0
"relatives adugutunnaru 'what are your plans' ani, nenu compilers pass avvadam plan bru — small goals",1
"nenu today Tirupati ki tractor lo vellanu, chaala time avvunu",0
"Instagram lo life chala undy, real lo meet avunu — filter world different brow",1
"propose chesanu, 'I think of you as a brother' annadi — microprocessors result kanna worse shock bro",1
curd rice health benefits chaalaa undii nutritional value tho,0
"warden room check chesaadhu, Pappu room clean chesdu first time — inspection effect broo",1
"naa microprocessors record okka page kooda rayaledu, submission day lo Arun xerox shop lo undie",1
"YouTube lo okka video chusanu, 3 hours tarvata okkka click lo — algorithm trap brow",1
MP avvadam chaala kaashtam kani worth it undhi anukunta,0
"government teacher recruitment notification release avunu, applications start avunu",0
practical knowledge chala important undi theoretical kanna anukuntaa,0
"rain avunu match cancel avunu, DLS method vasindi — nobody understands DLS brow",1
fried rice preparation method different ga undy different regions lo,0
"Instagram lo life chaalaa undie, real lo meet avvunu — filter world different bro",1
"Madhapur climate chaalaa hot summers lo, monsoon better ga undii",0
naa OOPS marks chusaka okka nimisham silent ga undii — grief kaduu pure shock bro,1
"Hotstar notification off chesanu, silent mode chesaadu, still distracted avunuu — problem internal bro",1
"team celebration avnu, cake undi, Gandu dietary restriction undy — cake still eaten bro",1
"power cut avunuu Hindupur lo, exam night lo — God timing perfect broh",1
"diet start chesanu — upma chusaka cancel avvunuu, health is wealth but food is life brow",1
"Gandu cheppadu today class undi ani, nenu attend chesanu",0
government schemes chala undoo students ki Eluru lo,0
"Rana dialogue Venu university lo use chesaadhu, professor appreciate chesaadhu — cinema education works",1
"Jasmine cheppindhi library books return date vasindi ani, return chesanu",0
compilers nerchukovadam career ki important undi anukuntaa,0
"traffic lo Proddatur lo okka hour stuck, GPS '2 mins away' antu undoo — GPS lying bru",1
"Mohammed Siraj interview lo Telugu lo cheppdu, nenu proud avunu — cultural representation bro",1
Narasaraopet lo weather chaallu hot ga undhi summers lo generally,0
"Chaitra adugundi canteen ekkadaa undie ani, direction cheppanu",0
"ex vasindi message 'how are you' ani, nenu English fail avutunna — great timing broh",1
mental health kudaa physical health la important undhi anukuntunna,0
"hostel cricket lo Varun out avvunuu, 'no ball' ani argue chesadu — classic denial",1
naa AI marks chusaka okaa nimisham silent ga undy — grief kaaduu pure shock brow,1
"Tirupati chaalaa big city undie, population chaala undoo currently",0
"night lo pappu eat chesanu, morning ki ammaa ki telusindi — digestive system traitor brow",1
Arun Tenali lo relatives ni chusaadaniki chesadhu weekend lo,0
"placement cell lo HR adugadu 'where do you see yourself in 5 years', Venky 'sleeping' annadu — honest answer ikr",1
"night lo Rajesh snore chesaadu, nenu headphones pettanu, battery ledhu, suffering begin avunuu",1
"Instagram lo life challa undi, real lo meet avnu — filter world different bru",1
nenu Suresh tho Proddatur meet avnu ani plan chesaadu,0
today holiday lo Raju Madhapur ki tractor lo vellaadu,0
today Monday lo Mohan Chirala ki Uber lo vellaadu,0
"Charan adugadu ekkada undoo nuvvu ani, Tirupati lo undi cheppanu",0
"group project lo Ramu okka slide chesadu, presentation day lo nenu explain chesanu — Ramu ekkada undy",1
online form fill cheyyadaniki all documents ready ga pettukovalani,0
"Padma cheppindi tomorrow test undii DBMS lo ani, prepare avunu",0
"hostel curfew 10 PM, Manoj 10:01 ki vasadu — warden face priceless bro",1
"Nandini cheppindi 'just be yourself' ani, nenu myself avunuu undi, works edu brooo — bad advice",1
"nenu Eswari ki wish chesanu exam ki, all the best annadi",0
"night lo Mahesh snore chesadhu, nenu headphones pettanu, battery ledoo, suffering begin avvunuu",1
"Charan Dharani ki gulab jamun treat ichadu, Dharani friend kudaa vasindi, friend ki kuda treat ichadu — poverty begins",1
public transport use cheyyadam traffic reduce avnu pollution kuda taginchutundi,0
"India last over lo 20 kavali, Teja prayer start chesadhu — sudden devotion bru",1
"Sanjay cooking first time chesadhu, chutney chesanu, amma feedback: 'next time laedu chesuku' — harsh review",1
"Ojaswi chepindi tomorrow test undii data mining lo ani, prepare avnu",0
Ajay new Pleasure kinukkunnadu last month Tenali lo,0
"relatives adugutunnaru 'what are your plans' ani, nenu ML pass avvadam plan broh — small goals",1
"long distance relationship undhi, calls chaallu undy, meet avvunuu — bills only growing",1
"India last over lo 20 kavali, Venky prayer start chesdu — sudden devotion bro",1
"fantasy cricket lo Dhoni select chesadhu, zero points vasindi — real game different bro",1
match tension lo biryani ledhu tinnanu — superstition eating bro,1
"valentine's day ki Venu alone undoo, parotta order chesaadhu — self love era",1
"night lo pongal crave avvunu, CRED open chesanu, delivery leduu hostel ki — hunger unsatisfied bro",1
punugulu preparation method different ga undii different regions lo,0
Sekhar new Pulsar kinukkunnadu last month Bhimavaram lo,0
statistics research field chaala active undy currently globally,0
exam lo Charan pray chesaadhu 'God MCQ lo A avvani cheyyatam' — very specific prayer broo,1
"long distance relationship undoo, calls chaala undoo, meet avvunuu — bills only growing",1
management prepare avvadam ki daily consistent practice important undhi,0
"professor cheppadu 'attendance mandatory', Ramu proxy pettadu, professor ne proxy ichadu — full circle brooo",1
chelli adugutundi 'nuvuu ekado vellav?' nenu: exam. chelli: pass avutava? — motivating bro,1
Vikram ground lo software engineering class attend chesaadu morning lo,0
"generator sound undoo, power back avvunuu ani excited avunuu, neighbour generator avunuu — false hope brow",1
"Nani adugadu which OOPS book better ani, reference book suggest chesanu",0
"naa CN paper lo okkka question kadu telivindi, kani confident ga avunuu rasa — confidence bro not knowledge XD",1
"nenu Kiran tho management doubts discuss chesanu, clear avunu finally",0
"hostel curfew 10 PM, Manoj 10:01 ki vasadu — warden face priceless brooo",1
"okkaa bite biryani tinnanu, finish avnu entire plate — portion control failed bru",1
"today software engineering lab session undii, experiment complete chesaadhu",0
Warangal lo IT sector chala grow avutundi past decade lo,0
Srinu new Apache kinukkunnadu last month Secunderabad lo,0
"online lo Madhavi profile photo challaa undii, real lo meet avunu — filter technology peak level brooo",1
Sekhar new Activa kinukkunnadu last month Gachibowli lo,0
"nenu discrete maths notes prepare chesanu exam ki, chala undi material",0
"to-do list rasanu, to-do list kudaa to-do lo undie — meta productivity brooo",1
"naa OOPS valla networks miss aayindi, networks valla OOPS miss ayindii — perfect planning",1
Lokesh chepadu new Zepto download chesanu try cheyyi ani,0
"dal rice traditional Tenali dish undi, festivals lo prepare avunuu",0
Anantapur lo weather chaallu hot ga undie summers lo generally,0
biryani challaa healthy option undoo daily diet lo,0
"office lunch lo jalebi undy, nenu YouTube order chesanu — mess food bypass brooo",1
reading habit chala useful undy long term lo anukunde,0
"Dilsukhnagar lo colleges chala undii, students everywhere undoo anukuntaa",0
"Chintu chepdu project submit chesaadhu ani, good annanu",0
"traffic lo Narasaraopet lo oka hour stuck, GPS '2 mins away' antu undoo — GPS lying bru",1
"Hema cheppiindi library books return date vasindi ani, return chesanu",0
Tirupati chala develop avutundi last few years lo,0
"meme post chesanu, 0 likes, friend post chesanu same meme, viral avunuu — timing is everything bro",1
"nenu environmental science notes prepare chesanu exam ki, challaa undy material",0
"naa phone battery challaa fast poothundi, relationships kanna faster W move",1
naa friend Balayya dialogue morning ki evening daka repeat chesadu — method acting ledoo just annoying,1
"naa CN valla data mining miss ayindhi, data mining valla CN miss ayindii — perfect planning",1
"Tirupati lo new IT park build avutundi, jobs increase avnu anukuntunna",0
"Gandu selfie 50 teesadu, oka post chesaadu, 2 likes vasindi — effort vs result gap broh",1
"diet start chesanu — curd rice chusaka cancel avunuu, health is wealth but food is life bro",1
communication skills important undii any accountant ki,0
Hindupur lo infrastructure improve avunu last few years lo slowly,0
"India win avunu, Bhaskar bike lo celebrate chesadu — okka run ki overreact avvunu brow",1
Ramesh reading room lo English class attend chesadhu morning lo,0
"Chirala climate chala hot summers lo, monsoon better ga undoo",0
software jobs chaalaa undie Tadipatri lo young graduates ki,0
"Yamini chepindhi exam postpone avunuu ani, relief avunuu",0
"Pavan brow networks exam ki prepare ledu, result vasthe 'paper tough undii' ani blame chesaadhu gone case",1
"power cut ayindi, phone dead, fan ledoo, summer — Kukatpally punishment level heat xd",1
"Naga chepindhi tomorrow test undy physics lo ani, prepare avvunuu",0
"nenu fried rice tinnanu, chala undoo anukunta",0
communication clearly cheyydam professional MP ki essential skill undie,0
"stadium ki ticket kattanu, match rain avvunuu — Rs 2000 rain experience brooo",1
Raju LB Nagar lo relatives ni chusaadaniki chesaadu weekend lo,0
"naa post lo 100 likes vasindi, Sanjay cheppadu 'paid promotion avvunuu' ani — jealousy speaks bro",1
"performance review lo self assessment rasanu, manager overwrite chesadhu — useless exercise bru",1
"ammgaru 'oka bank manager ni chadi set avutav' antaa, nenu still DSA clear cheyyalekapotunna fr fr",1
"Kiran adugadu ekkada undy nuvvu ani, Narasaraopet lo undy cheppanu",0
communication skills important undi any politician ki,0
"new hospital Madhapur lo open avutundi next month, facilities challaa undy",0
software engineering nerchukovadam career ki important undie anukuntaa,0
"follow request pampanu, pending lo undoo 6 months — neither yes nor no bru",1
"Instagram lo life chaala undi, real lo meet avvunu — filter world different brow",1
"generator sound undy, power back avnu ani excited avunu, neighbour generator avunu — false hope broo",1
"naa post lo 100 likes vasindi, Anil cheppaadu 'paid promotion avnu' ani — jealousy speaks broh",1
work from home easy anti — Rajesh ammgaru background lo rasgulla chesthu meeting lo bruh,1
today night lo Pappu Gachibowli ki train lo vellaadu,0
"naa life okaa hero laa start avvunuu — but interval laedu, climax ledhu, budget ledhu certified L",1
"Chitti Zara ki good morning text chesadu daily, read avunuu reply ledhu — read receipts cruelty",1
"Anna college ki late vasthe professor 'reason?' adugadu, 'amma chesindi late' annadu — universal excuse",1
microprocessors nerchukovadam career ki important undy anukunde,0
"3 months crush chesanu, Vani cheppiindi 'I have a boyfriend' ani day 1 lo ledoo — time waste certified",1
"peddamma cheppindi 'Haritha ni chuso doctor avunuu' ani, Haritha ki MBBS ledoo — inspiration from fiction",1
"Tenali climate challa hot summers lo, monsoon better ga undy",0
Guntur lo new college open avutundi engineering courses tho,0
"Nandini cheppindhi exam postpone avvunuu ani, relief avvunu",0
"morning gongura rice breakfast ki chesamu, amma chesaadhu today",0
"state lo rainfall chaala undii this monsoon season, reservoirs full avunu",0
Chirala chaallu develop avutundi last few years lo,0
"Anil chepdu project submit chesadhu ani, good annanu",0
"Manoj cooking first time chesaadu, chapati chesanu, ammaa feedback: 'next time edu chesuku' — harsh review",1
"crush same statistics class lo undie, nenu rojuu attend chesanu — subject edu bro attendance reason different",1
amma: nuvu ekkado unnav? nenu: library lo. ammaaa: mee college lo library ekado undii da? yikes,1
Tirupati lo new college open avutundi engineering courses tho,0
"professor cheppadu 'attendance mandatory', Vikram proxy pettadu, professor ne proxy ichadu — full circle bru",1
"government data scientist recruitment notification release avunuu, applications start avunuu",0
"today OOPS lab session undie, experiment complete chesaadu",0
technology challaa fast ga change avutundi every year,0
electricity rates change avutunnai Tenali lo this quarter,0
"Dinesh exam hall lo calculator teesukochadu, linear algebra lo calculations ledoo — prepared for wrong subject gg",1
"nenu tomato rice try chesanu first time, okay ga undi",0
"NTR new movie announce aayindi, fans excited avvunuu, nenu statistics exam tension lo undhi — different worlds",1
chemistry research field challa active undi currently globally,0
electricity rates change avutunnai Rajahmundry lo this quarter,0
Charan principal office lo networks class attend chesaadhu morning lo,0
professor avvadam challaa kaashtam kani worth it undoo anukunde,0
"traffic lo Secunderabad lo okka hour stuck, GPS '2 mins away' antu undy — GPS lying brooo",1
Guntur lo IT sector chaallu grow avutundi past decade lo,0
"Vikram cheppadu tomorrow Anantapur lo program undoo ani, attend chestava adugadu",0
"naa phone battery chala fast poothundi, relationships kanna faster",1
"movie lo villain chaallu smart undhi, hero oka scene lo defeat chesaadu — audience: wait what",1
"new hospital Anantapur lo open avutundi next month, facilities chaalaa undy",0
"Nithiin movie flop avunu, fans 'director problem' antaru — hero ekkudda fault ledhu broo",1
"long distance relationship undie, calls chala undii, meet avvunuu — bills only growing no cap",1
"night lo lemon rice eat chesanu, morning ki amma ki telusindi — digestive system traitor bru",1
"naa phone battery chala fast poothundi, relationships kanna faster no way",1
"haircut chesadhu, photo edachu, 10 filters pettanu — still laedu bru",1
Surya new cab kinukkunnadu last month Tenali lo,0
"babai cheppadu 'Arjun ni chuso chaalaa undoo' — Arjun fail avvunu bru, different level inspiration",1
"Ramu adugadu ekkada undhi nuvvu ani, Anantapur lo undii cheppanu",0
"Twitter lo argument chesadu Lucky, 200 replies vasindi, everyone against — ratio avunuu brooo",1
Raju Hindupur lo software engineer ga work chestunnadu currently,0
"Abhi Sirisha ki good morning text chesadu daily, read avunuu reply edu — read receipts cruelty",1
"team celebration avunuu, cake undhi, Raju dietary restriction undie — cake still eaten broh",1
time management important skill undie students ki anukunta,0
savings account lo auto debit set cheyyadam financial discipline ki undy,0
"Sai records room ki late vasthe professor 'reason?' adugadu, 'amma chesindi late' annadu — universal excuse",1
"nenu Surya ki cheppanu today assignment undie ani, thanks annadu",0
MP avvadam chaallu kaashtam kani worth it undhi anukuntaa,0
"promotion vasindi — title change avunuu, work increase avunu, salary same — congrats bru",1
professor avvadam chala kaashtam kani worth it undie anukuntaa,0
"Mohammed Siraj form bad undy, drop cheyyi antey, fans: 'he is legend' — unconditional support",1
"peddamma cheppindi 'Bhavana ni chuso doctor avvunu' ani, Bhavana ki MBBS laedu — inspiration from fiction gg",1
Abhi library lo networks chadduvutunnadu evening daka,0
Dilsukhnagar lo road expansion project start avunuu this month,0
"professor cheppadu 'attendance mandatory', Charan proxy pettadu, professor ne proxy ichadu — full circle broh",1
"naa post lo 100 likes vasindi, Pappu chepadu 'paid promotion avunuu' ani — jealousy speaks bru",1
electricity rates change avutunnai Vijayawada lo this quarter,0
"Girish brow chemistry exam ki prepare edu, result vasthe 'paper tough undi' ani blame chesdu 😂",1
"Twitter lo argument chesadhu Chintu, 200 replies vasindi, everyone against — ratio avunuu brooo",1
Hindupur lo road expansion project start avunu this month,0
"night mess lo lemon rice extra undii, Raju 5 plates tinnadu — bulk season bru",1
"naa phone battery challaa fast poothundi, relationships kanna faster fr fr",1
"Prasad placement cell ki late vasthe professor 'reason?' adugadu, 'ammgaru chesindi late' annadu — universal excuse",1
"Teja Bhavana tho first date ki Ongole lo rasgulla tinnaru, bill split chesaadhu — modern love",1
software jobs chala undoo Warangal lo young graduates ki,0
"Babu laundry okkka month chesadu, room lo mountain avnu — Himalayas size bro",1
"Chiranjeevi movie ticket 500 rs, popcorn 300 rs, hero entry scene — priceless, worth it",1
"nenu Arun ki cheppanu today assignment undii ani, thanks annadu",0
"Deepak exam hall lo calculator teesukochadu, statistics lo calculations leduu — prepared for wrong subject",1
"babai cheppadu 'Prasad ni chuso chaallu undoo' — Prasad fail avvunu brooo, different level inspiration",1
"attha illu vacchindi, ammaaa cleaning started 6 AM — natural disaster alert lol",1
"Pavan selfie 50 teesadu, oka post chesadu, 2 likes vasindi — effort vs result gap brooo",1
"nenu Babu tho software engineering doubts discuss chesanu, clear avunu finally",0
naa friend Naga Chaitanya dialogue morning ki evening daka repeat chesdu — method acting leduu just annoying,1
"Venu cheppadu tomorrow Madhapur lo program undy ani, attend chestava adugadu",0
"naa life okkka hero laa start avvunuu — but interval ledoo, climax leduu, budget ledu 💀",1
"Yashasvi Jaiswal form bad undi, drop cheyyi antee, fans: 'he is legend' — unconditional support",1
"naa lab lo compilers class cancel ayindi, but attendance portal lo present show avunu — glitch in the matrix",1
"mess rasam bad undii, outside rasam expensive undhi, ammaa rasam perfect undie — home truth",1
reading habit chaala useful undie long term lo anukunde,0
"generator sound undoo, power back avunu ani excited avvunuu, neighbour generator avvunu — false hope bro",1
"today ML lab session undii, experiment complete chesaadhu",0
"Telugu language chaalaa old language undi, rich literature undie",0
"hostel mess lo idli undoo, canteen lo idli undhi, outside lo idli undoo — idli universe bru",1
"new hospital Narasaraopet lo open avutundi next month, facilities challa undoo",0
"code review lo Rohit cheppadu 'this can be optimized' — nenu rasanu, nenu embarrassed avvunu",1
"code review lo Bunny cheppadu 'this can be optimized' — nenu rasanu, nenu embarrassed avnu",1
"Telugu cinema industry chala big undy, annual revenue chala undoo",0
"Surya chepadu project submit chesadu ani, good annanu",0
"nanaaa 'maa time lo chaala kashtapaddamu' antee, a time lo digital circuits ledhu broh — different struggle",1
"mail ki 'as per my last mail' chesadu, war started avunu — corporate battlefield brooo",1
"internals lo Girish ki 9/30 vasthe 'grace marks' antadu, grace means 9 ye brow",1
"KL Rahul interview lo Telugu lo chepdu, nenu proud avnu — cultural representation broo",1
"nenu Harish ki cheppanu today assignment undhi ani, thanks annadu",0
"Nithiin oka punch lo 10 mandi ni edu chesaadu, nenu okkka maths paper clear cheyyalekapoyanu",1
vada preparation method different ga undy different regions lo,0
"Nani Facebook lo 'checking in' everywhere pettadu, ammaa ki location track avnu — backfire bru",1
"nenu discrete maths notes prepare chesanu exam ki, challaa undhi material",0
"Padma 'nuwu change avvali' annadi, Ajay hairstyle change chesdu — nenu try chesanu bru",1
"group project lo Mani okka slide chesadu, presentation day lo nenu explain chesanu — Mani ekkada undoo",1
"Kalyani adugundi canteen ekado undy ani, direction cheppanu",0
"crush 'good morning' text pampindi — nenu engineering drawing exam forget chesaadhu, failed — worth it bru ikr",1
"NTR new movie announce ayindi, fans excited avvunuu, nenu environmental science exam tension lo undii — different worlds",1
"retrospective lo 'what went wrong' adugutunnaru, everything brooo — honest answer give leduu",1
"hostel inspection day lo room super clean avvunuu, next day garbage again — temporary excellence",1
time management important skill undoo students ki anukunta,0
"client call lo internet ledoo avunu, reschedule chesanu — wifi excuse broh",1
"hostel lo electricity bill split chesamu, AC room ki koodaa split avunuu — fair ledu broo",1
"nanna 'maa time lo challaa kashtapaddamu' ante, a time lo data mining edu brooo — different struggle",1
"India World Cup win chesdu, nenu AI fail avunuu same day — mixed emotions brow",1
"Kurnool challa big city undii, population challaa undii currently",0
"Yamini adugundi canteen ekkadoo undi ani, direction cheppanu",0
"Telugu language chala old language undie, rich literature undie",0
"government designer recruitment notification release avvunu, applications start avnu",0
"mess food chala bad undy, complain chesamu, next day kudaa same — feedback loop leduu",1
regular exercise chala important undi long term health ki,0
"Hyderabad lo colleges challa undie, students everywhere undoo anukuntaa",0
today night lo Ravi Bhimavaram ki Dio lo vellaadu,0
"ex vasindi message 'how are you' ani, nenu management fail avutunna — great timing bro",1
"power cut avnu Nellore lo, exam night lo — God timing perfect brow",1
nannagaru smartphone istE WhatsApp lo naa result forward chesaadu relatives ki — appreciated leduu brooo,1
nurse avvadam chala kaashtam kani worth it undy anukunde,0
"Sai LinkedIn lo 'open to work' pettadu, recruiter edu, relatives vasindi — wrong platform response",1
"nannagaru WhatsApp lo 'good morning' message forward chesadhu, nenu reply laedu chesanu — generational gap",1
"ShareChat order cancel ayindii, money 7 days lo refund avunu ani cheppindi — 7 days lo naa hunger wait edu",1
"butter chicken traditional Dilsukhnagar dish undi, festivals lo prepare avvunuu",0
Adoni chala develop avutundi last few years lo,0
"standup lo 'yesterday same, today same' annanu — honest answer bro, fired avutana anukunta",1
software engineering oka important branch undoo computer science lo,0
"theater lo Sai Tej entry scene ki claps, interval ki claps, climax ki claps — nenu snacks ki claps 😭😭",1
Sunday night 11 PM ki Monday prepare avvadam start chesanu — classic procrastination brow,1
"Vijay adugadu which OS book better ani, reference book suggest chesanu",0
software jobs chaala undy Dilsukhnagar lo young graduates ki,0
"nannagaru 'maa time lo chaalaa kashtapaddamu' anti, a time lo economics leduu bro — different struggle",1
"match undy ani ammgaru ki cheppaadu, 'edu study cheyyi' annadi — different priorities",1
"hostel ki ammaaa vasindi, mess food chusaka tears vasindi — maternal emotion bru",1
engineer avvadam chaala kaashtam kani worth it undy anukuntaa,0
"Telugu language chaalaa old language undoo, rich literature undhi",0
trader ki necessary certifications obtain cheyyadam career growth ki helpful,0
"villain 1000 cr spend chesaadhu plan ki, hero okka punch lo finish — ROI zero brooo",1
"hostel lo electricity bill split chesamu, AC room ki koodaa split avunuu — fair laedu brow",1
"chapati order chesanu, delivery boy cheppdu '5 mins', 45 mins avunu — elastic 5 mins bro",1
chelli adugutundi 'nuvuu ekado vellav?' nenu: exam. chelli: pass avutava? — motivating brow,1
resume lo relevant OOPS skills clearly mention cheyyadam important,0
"nenu CN notes prepare chesanu exam ki, chaala undhi material",0
"night lo Vijay snore chesadhu, nenu headphones pettanu, battery leduu, suffering begin avvunu",1
"Chintu LinkedIn lo 'open to work' pettadu, recruiter ledoo, relatives vasindi — wrong platform response",1
"thammudu naa charger teesukuntunnadu, nenu teesukuntunna — family sharing plan 😬",1
healthy ga undadam ki curd rice tho balanced diet maintain avunuu,0
"naa wifi challaa fast undy — speed test lo matrame, actual lo edu bro",1
"Sai networks project last night chesadu, works on his laptop, edu lab lo — classic",1
"nenu Kamal tho data mining doubts discuss chesanu, clear avnu finally",0
"nenu Sai ki management concept explain chesanu, understood annadu",0
"Rajahmundry lo different areas undoo, each area different culture undii",0
"fantasy cricket lo Mohammed Siraj select chesaadu, zero points vasindi — real game different broo",1
"Telugu language chaalaa old language undii, rich literature undie",0
"Bellamkonda mass scene lo BGM chala loud undi, theater shake ayindhi, naa heart shake ayindhi — same energy",1
Vikram Rajahmundry lo relatives ni chusaadaniki chesdu weekend lo,0
"Twitter lo argument chesaadhu Harish, 200 replies vasindi, everyone against — ratio avunuu bro",1
"Adoni chaallu big city undii, population chaallu undii currently",0
electricity rates change avutunnai Machilipatnam lo this quarter,0
"Munna cheppadu today class undhi ani, nenu attend chesanu",0
"nenu Nitesh ki cheppanu today assignment undii ani, thanks annadu",0
"today algorithms lab session undii, experiment complete chesaadu",0
"rain avunuu match cancel avvunu, DLS method vasindi — nobody understands DLS brow",1
"Zara cheppiindi tomorrow test undhi management lo ani, prepare avvunuu",0
"Naga Chaitanya mass scene lo BGM challa loud undie, theater shake aayindi, naa heart shake aayindi — same energy",1
gongura rice chaallu healthy option undi daily diet lo,0
"morning 6 ki alarm, snooze, 7 ki alarm, snooze, 9 ki ammgaru voice — most effective alarm broo",1
"performance review lo self assessment rasanu, manager overwrite chesdu — useless exercise broh",1
"retrospective lo 'what went wrong' adugutunnaru, everything bru — honest answer give ledhu",1
"Mounika cheppindhi exam postpone avvunuu ani, relief avunu",0
"work life balance undii ani join chesadu, 10 PM mail vasindi — balance means different things broo",1
Adoni lo infrastructure improve avunuu last few years lo slowly,0
"cooking chesaadhu, taste check chesanu, taste check again — by end dal rice ledoo broh",1
"nenu OS notes prepare chesanu exam ki, chaallu undy material",0
"Bunny cheppaadu Tirupati ki vellaadani, nenu kooda veltanu annanu",0
"summer lo Narasaraopet lo power cut — fan ledu, AC ledoo, life laedu broo",1
"nenu Zara tho algorithms group study chesdu, helpful avnu",0
"naa environmental science class afternoon lo undhi, attend chesanu",0
physics nerchukovadam career ki important undoo anukuntunna,0
Narasaraopet chaalaa develop avutundi last few years lo,0
"Venu chepdu project submit chesadu ani, good annanu",0
"morning 6 ki alarm, snooze, 7 ki alarm, snooze, 9 ki amma voice — most effective alarm bru",1
"nenu today Madhapur ki metro lo vellanu, challa time avunu",0
healthy ga undadam ki dosa tho balanced diet maintain avvunu,0
"summer lo Ongole lo power cut — fan laedu, AC ledhu, life ledhu broh",1
"summer lo Narasaraopet lo power cut — fan ledu, AC laedu, life ledhu broo",1
"babai cheppadu 'Gopi ni chuso chala undy' — Gopi fail avunu brooo, different level inspiration",1
Tarun seminar hall lo software engineering class attend chesadu morning lo,0
"Dhoni out avunu, entire India silent avnu — national moment of grief",1
"generator sound undoo, power back avnu ani excited avvunu, neighbour generator avunuu — false hope broh",1
"nenu Ishani ki wish chesanu exam ki, all the best annadi",0
"nenu Amulya ki cheppanu class time change avvunuu ani, okay annadi",0
"internals lo Dinesh ki 9/30 vasthe 'grace marks' antadu, grace means 9 ye broo",1
professor avvadam challaa kaashtam kani worth it undi anukuntunna,0
"Sai Tej okka punch lo 10 mandi ni ledhu chesaadu, nenu oka microprocessors paper clear cheyyalekapoyanu",1
Mehdipatnam lo road expansion project start avvunu this month,0
"room mate broo early rise chesadhu, alarm 5 AM ki, nenu 5 AM ki sleeping — different schedules broh",1
"Kamal exam hall lo calculator teesukochadu, English lo calculations edu — prepared for wrong subject",1
"restaurant lo menu photos challa undi, actual plate small avunu — food photography crimes bro",1
butter chicken health benefits chaallu undoo nutritional value tho,0
"IPL season lo digital circuits study leduu, exam results reflect avvunu — cricket education brow",1
resume lo relevant economics skills clearly mention cheyyadam important,0
"naa mess ki cycle lo daily velthunna, time avnu chala",0
environmental science basics strong avvunuu antey advanced concepts easy avnu,0
"nenu Sravani ki wish chesanu exam ki, all the best annadi",0
"match undhi ani amma ki cheppadu, 'ledoo study cheyyi' annadi — different priorities",1
"nenu Bindu ki wish chesanu exam ki, all the best annadi",0
"India win avunu, Anil bike lo celebrate chesadu — okkka run ki overreact avvunuu broh",1
"summer lo Rajahmundry lo power cut — fan ledhu, AC laedu, life ledu bru",1
"nenu gulab jamun try chesanu first time, okay ga undie",0
"internals lo Gandu ki 9/30 vasthe 'grace marks' antadu, grace means 9 ye brooo",1
"Yashasvi Jaiswal interview lo Telugu lo chepdu, nenu proud avunuu — cultural representation brow",1
"Swathi chepindhi tomorrow test undoo ML lo ani, prepare avvunuu",0
"Santosh Facebook lo 'checking in' everywhere pettadu, ammgaru ki location track avunu — backfire bru",1
ML okkaa important branch undy computer science lo,0
Kukatpally lo weather chaallu hot ga undie summers lo generally,0
"midnight hunger avnu, Netflix open chesanu, Kurnool delivery ledhu — location punishment bru",1
Arun lab lo maths class attend chesadu morning lo,0
"diet start chesanu — curd rice chusaka cancel avunu, health is wealth but food is life bru",1
"Telugu cinema industry chaala big undii, annual revenue chaalaa undhi",0
Sekhar today ML assignment submit chesaadu on time,0
"Deepak deadline miss chesadu, 'estimation ga chesanu' annadu — estimation = guess confirmed broo",1
"state lo rainfall chaallu undoo this monsoon season, reservoirs full avnu",0
"Jyothi cheppindi notes share cheyyi ani, share chesanu",0
bike maintain cheyyadaniki regular service okkaa month ki okkaa sari chesukovalani,0
Friday lo urgent task vasindi — weekend destroyer confirmed brow,1
"nenu Tarun ki networks concept explain chesanu, understood annadu",0
"new hospital Hindupur lo open avutundi next month, facilities chaalaa undhi",0
"Lavanya adugundi canteen ekkada undie ani, direction cheppanu",0
OOPS interesting subject undoo naa opinion lo,0
Gachibowli lo real estate prices increase avunu last year lo,0
OOPS basics strong avvunu ante advanced concepts easy avvunuu,0
"naa life Mahesh Babu movie la undii — interval ki twist, climax ki logic ledhu broh",1
"Sai Tej movie review: 'logic leduu' — fans: 'logic antee em bro, emotion chuso'",1
bike maintain cheyyadaniki regular service okkaa month ki okkka sari chesukovalani,0
"morning 6 ki alarm, snooze, 7 ki alarm, snooze, 9 ki amma voice — most effective alarm broo",1
"work life balance undhi ani join chesadhu, 10 PM mail vasindi — balance means different things bro",1
Tarun bus stop lo AI class attend chesadu morning lo,0
"retrospective lo 'what went wrong' adugutunnaru, everything bru — honest answer give edu",1
"midnight hunger avunuu, Roposo open chesanu, Hindupur delivery ledoo — location punishment broh",1
"Bhaskar exam hall lo calculator teesukochadu, algorithms lo calculations edu — prepared for wrong subject lol",1
"villain 1000 cr spend chesadhu plan ki, hero okaa punch lo finish — ROI zero bro",1
"Ongole climate chala hot summers lo, monsoon better ga undie",0
Vizag lo water supply schedule change avvunu maintenance ki,0
"amma 'oka CA ni chadi set avutav' antaa, nenu still environmental science clear cheyyalekapotunna 💀",1
"mess chapati bad undie, outside chapati expensive undhi, ammaa chapati perfect undy — home truth",1
"nenu Surya ki OS concept explain chesanu, understood annadu",0
"diet chesaadhu, results ledu, butter chicken eat chesdu, results leduu — same outcome different happiness",1
"naa college ki MMTS lo daily velthunna, time avunuu chaalaa",0
Tadipatri lo transport options improve avunu metro tho,0
"Telugu language chaalaa old language undi, rich literature undoo",0
"IPL season lo networks study ledu, exam results reflect avunuu — cricket education broh",1
"propose chesanu WhatsApp lo, Usha blue tick chesaadhu, reply ledoo — left on read forever bru",1
chicken curry chala healthy option undy daily diet lo,0
"nenu OS notes prepare chesanu exam ki, challa undy material",0
DSA prepare avvadam ki daily consistent practice important undoo,0
"Vizag chala big city undi, population chaalaa undii currently",0
"theater lo Pawan Kalyan entry scene ki claps, interval ki claps, climax ki claps — nenu snacks ki claps certified L",1
"online exam lo Santosh tab switch chesdu, 'suspicious activity' alert vasindi — laedu bro just water taaganiki vellanu",1
"rain start avunu — naa umbrella room lo undii, nenu Kadapa middle lo undii",1
maths concepts challaa important undy software engineering ki,0
"summer lo Madhapur lo power cut — fan ledu, AC ledhu, life edu broh",1
communication clearly cheyyatam professional MLA ki essential skill undoo,0
"Venu cheppadu results holiday lo vasthay ani, wait chesamu",0
"diet start chesanu — roti chusaka cancel avnu, health is wealth but food is life brooo",1
"Tirupati climate challaa hot summers lo, monsoon better ga undhi",0
"group project lo Sunil okkka slide chesadu, presentation day lo nenu explain chesanu — Sunil ekkada undii",1
chapati health benefits challaa undhi nutritional value tho,0
"bug report vasindi, nenu 'not able to reproduce' chesadhu — classic response bru",1
"hostel cricket lo Ravi out avunu, 'no ball' ani argue chesadu — classic denial",1
"valentine's day ki Sekhar alone undii, attu order chesaadu — self love era",1
"new flyover Guntur lo ready avnu next month, traffic ease avunuu anukunta",0
relationship status: economics tho — at least it needs me broo,1
"Abhi Facebook lo 'checking in' everywhere pettadu, ammaa ki location track avvunu — backfire broo",1
"YouTube lo okkka video chusanu, 3 hours tarvata okkka click lo — algorithm trap broo",1
Harish Guntur lo MLA ga work chestunnadu currently,0
"movie lo Allu Arjun tho fight scene, 50 mandi ni okkka hand tho — physics take a vacation broh",1
"Charan Facebook lo 'checking in' everywhere pettadu, amma ki location track avunuu — backfire bro",1
"3 months crush chesanu, Priya cheppindi 'I have a boyfriend' ani day 1 lo leduu — time waste certified",1
"queue lo okaa hour stand chesanu, naa turn ki 'closed' board — universal suffering brow",1
"power cut aayindi, phone dead, fan ledu, summer — Adoni punishment level heat",1
"movie lo hero okka song lo 5 countries lo dance chesdu, nenu okkka Rajahmundry bus stop daataledu",1
exam lo Ajay pray chesaadhu 'God MCQ lo A avvani cheyyatam' — very specific prayer broh,1
"long distance relationship undy, calls chaala undi, meet avunu — bills only growing no cap",1
today Sunday lo Kamal Narasaraopet ki scooty lo vellaadu,0
"morning 6 ki alarm, snooze, 7 ki alarm, snooze, 9 ki ammaa voice — most effective alarm brow",1
"stadium ki ticket kattanu, match rain avnu — Rs 2000 rain experience broo",1
"nenu pesarattu tho dinner chesamu family tho, chaala undhi",0
time management important skill undie students ki anukuntaa,0
"India match undhi, English exam kuda undie, nenu match chesanu — priorities clear broo",1
"Vijay Deverakonda mass scene lo BGM chaalaa loud undoo, theater shake ayindy, naa heart shake aayindi — same energy",1
"new restaurant undoo, expensive menu chusaka water only order chesanu — budget dining broo",1
"government MP recruitment notification release avunu, applications start avvunu",0
"Chintu cheppaadu Madhapur ki vellaadani, nenu kuda veltanu annanu",0
"state lo rainfall challa undi this monsoon season, reservoirs full avvunu",0
"new hospital Adoni lo open avutundi next month, facilities challaa undhi",0
"naa English notes chala neat ga undoo, exam ki neney chadduvukoledu — aesthetic > knowledge",1
"traffic lo Warangal lo okkaa hour stuck, GPS '2 mins away' antu undy — GPS lying brooo",1
"online class lo professor 'unmute avvandi' antee — 50 fans, 10 dogs, 5 amma voices wait what",1
"nenu gongura rice try chesanu first time, okay ga undy",0
"haircut chesadu, photo edachu, 10 filters pettanu — still ledhu broo",1
"nenu Vijay ki cheppanu today assignment undie ani, thanks annadu",0
nanaaa smartphone istE WhatsApp lo naa result forward chesaadhu relatives ki — appreciated ledhu bru,1
"nanaaa bike ki petrol laedu, naaku pocket money edu, iddaru oka team kadaa",1
resume lo relevant CN skills clearly mention cheyyadam important,0
today morning lo Deepak Gachibowli ki RTC bus lo vellaadu,0
government new scholarship scheme announce chesaadhu engineering students ki,0
"nenu Santosh ki linear algebra concept explain chesanu, understood annadu",0
"nenu butter chicken tinnanu, chaalaa undoo anukuntaa",0
"team celebration avvunu, cake undie, Lucky dietary restriction undoo — cake still eaten broh",1
relationship status: DBMS tho — at least it needs me brow seriously,1
"Babu exam hall lo calculator teesukochadu, AI lo calculations leduu — prepared for wrong subject ikr",1
"naaku halwa chaallu ishtam, ammgaru chesaadhu, vere halwa chesadu — betrayal",1
"babai cheppadu 'Charan ni chuso chaala undie' — Charan fail avunu broo, different level inspiration",1
"commentary lo 'magnificent shot' anti, camera replay chesaadhu, edge undie — commentary lying broh",1
"meeting lo yawn chesanu, boss chusadu — yawn explain cheyyadham hardest thing broo",1
"diet chesaadu, results ledoo, mirchi bajji eat chesaadhu, results laedu — same outcome different happiness",1
businessman ki necessary certifications obtain cheyyadam career growth ki helpful,0
"WhatsApp status pettanu motivational quote, nenu depressed undi — content and life different",1
"hostel lo electricity bill split chesamu, AC room ki koodaa split avunu — fair edu brooo",1
"nenu attu tinnanu, challa undoo anukunta",0
"match undoo ani ammaaa ki cheppaadu, 'laedu study cheyyi' annadi — different priorities",1
communication skills important undy any designer ki,0
"Virat Kohli century chesdu, office lo kuda celebration — productivity zero officially",1
"Mohan cheppadu Vizag ki vellaadani, nenu kuda veltanu annanu",0
LB Nagar lo real estate prices increase avvunu last year lo,0
software jobs chaalaa undii Karimnagar lo young graduates ki,0
"long distance relationship undii, calls chaalaa undii, meet avvunu — bills only growing bro what",1
"hostel curfew 10 PM, Lucky 10:01 ki vasadu — warden face priceless broh",1
"internals lo Bunny ki 9/30 vasthe 'grace marks' antadu, grace means 9 ye broh",1
Nellore lo infrastructure improve avunuu last few years lo slowly,0
"Telugu cinema industry chala big undoo, annual revenue chaalaa undoo",0
Mani Kurnool lo politician ga work chestunnadu currently,0
"reels chusanu '5 mins' ani, 2 hours poindi — time travel brow only downward",1
Chirala lo transport options improve avvunu metro tho,0
"relatives adugutunnaru 'what are your plans' ani, nenu statistics pass avvadam plan bro — small goals 😬",1
amma: nuwu ekkado unnav? nenu: library lo. ammgaru: mee college lo library ekado undi daa? no cap,1
"online lo Mounika profile photo chaalaa undoo, real lo meet avunuu — filter technology peak level bru",1
"morning pesarattu breakfast ki chesamu, ammgaru chesadu today",0
"ShareChat lo coconut rice order chesanu '30 mins' anti — 2 hours lo vasindi, cold ga undoo",1
teamwork skills develop avunuu group projects tho anukunta,0
communication skills important undii any professor ki,0
"Bhimavaram climate chala hot summers lo, monsoon better ga undie",0
"group project lo Nitesh oka slide chesadu, presentation day lo nenu explain chesanu — Nitesh ekkada undy peak comedy",1
"client call lo internet leduu avvunuu, reschedule chesanu — wifi excuse bro",1
"3 months crush chesanu, Priya chepindhi 'I have a boyfriend' ani day 1 lo laedu — time waste certified",1
"new flyover Kukatpally lo ready avnu next month, traffic ease avunuu anukuntaa",0
"nenu butter chicken tho dinner chesamu family tho, challa undoo",0
"midnight hunger avunu, ShareChat open chesanu, Vizag delivery leduu — location punishment bro",1
"Narasaraopet lo colleges challaa undie, students everywhere undii anukuntunna",0
"Chaitra adugundi canteen ekkadoo undy ani, direction cheppanu",0
internet speed improve avunu rural areas lo new towers tho,0
"night mess lo jalebi extra undie, Rahul 5 plates tinnadu — bulk season brooo",1
CN nerchukovadam career ki important undie anukuntaa,0
government schemes chaalaa undoo students ki Hindupur lo,0
"Telugu cinema industry challaa big undhi, annual revenue chaallu undi",0
"movie lo villain chala smart undie, hero okkaa scene lo defeat chesadu — audience: wait what",1
"Dhoni out avvunuu, entire India silent avvunu — national moment of grief",1
"Chaitra cheppindhi library books return date vasindi ani, return chesanu",0
"Rajesh algorithms project last night chesadu, works on his laptop, ledhu lab lo — classic",1
"Ojaswi cheppindi exam postpone avunu ani, relief avvunu",0
"amma idli chesdu, nenu 'chala undii' annanu — leduu, pure diplomacy brow",1
rasgulla preparation method different ga undie different regions lo,0
"Teja physics project last night chesadu, works on his laptop, ledoo lab lo — classic",1
"movie lo villain chaallu smart undy, hero okkka scene lo defeat chesadhu — audience: wait what",1
"Telugu language challa old language undhi, rich literature undy",0
"nenu Bhaskar ki DBMS concept explain chesanu, understood annadu",0
"Harish adugadu which engineering drawing book better ani, reference book suggest chesanu",0
reading habit chala useful undy long term lo anukuntaa,0
noodles health benefits challaa undhi nutritional value tho,0
Proddatur lo new metro line start avutundi next year ani announce avunu,0
OS concepts challaa important undy software engineering ki,0
reading habit chaala useful undi long term lo anukuntaa,0
"nenu Pavan ki CN concept explain chesanu, understood annadu",0
Hindupur chala develop avutundi last few years lo,0
OS oka important branch undy computer science lo,0
"morning pappu breakfast ki chesamu, ammaaa chesadu today",0
library resources properly use chesukovalani TOC better understand avvadam ki,0
Kadapa lo okkka new Netflix office open avunuu this month,0
"phone ledhu chesanu '1 week', day 3 ki check chesanu — addiction certified brooo",1
"Mahesh Babu new movie announce ayindi, fans excited avvunu, nenu economics exam tension lo undoo — different worlds",1
"placement cell lo HR adugadu 'where do you see yourself in 5 years', Ravi 'sleeping' annadu — honest answer",1
"Naidu university ki late vasthe professor 'reason?' adugadu, 'amma chesindi late' annadu — universal excuse",1
internships challa important undy final year students ki,0
"relatives adugutunnaru 'what are your plans' ani, nenu physics pass avvadam plan broh — small goals",1
"Meena cheppindhi library books return date vasindi ani, return chesanu",0
dal rice health benefits chaalaa undie nutritional value tho,0
Adoni lo real estate prices increase avvunu last year lo,0
"nenu management notes prepare chesanu exam ki, chaalaa undii material",0
"hostel cricket lo Mahesh out avvunu, 'no ball' ani argue chesadu — classic denial",1
nanaaa smartphone istE WhatsApp lo naa result forward chesaadu relatives ki — appreciated leduu brow,1
"Sanjay exam hall lo calculator teesukochadu, software engineering lo calculations edu — prepared for wrong subject 😂",1
"restaurant lo menu photos chala undhi, actual plate small avnu — food photography crimes bru",1
time management important skill undy students ki anukunde,0
"Ishani chepindi notes share cheyyi ani, share chesanu",0
"Instagram lo pesarattu 50% off undie, order chesanu, delivery charge 100 rs — discount illusion bro",1
Mahesh library lo AI chadduvutunnadu evening daka,0
"client call lo internet ledoo avunuu, reschedule chesanu — wifi excuse bru",1
"Surya Priya tho first date ki Gachibowli lo pesarattu tinnaru, bill split chesaadhu — modern love",1
auto wala 'meter ledoo' ante 3x rate adugadu — Ongole special experience,1
"Rahul Ojaswi ki good morning text chesadu daily, read avunuu reply ledhu — read receipts cruelty",1
"Gopi Sravani ki 'hi' text chesaadhu, 3 days tarvata reply vasindi — chala busy schedule undi broh",1
"morning attu breakfast ki chesamu, amma chesadu today",0
mental health kuda physical health la important undi anukunta,0
"Rana dialogue Suresh auditorium lo use chesadu, professor appreciate chesadhu — cinema education works",1
"India win avvunuu, Munna bike lo celebrate chesadu — oka run ki overreact avvunu broo",1
"stadium ki ticket kattanu, match rain avunu — Rs 2000 rain experience brooo",1
deadlines track chesukovalani planner use chestey work organized ga avunu,0
online learning convenient ga undi anukuntunna most students ki,0
Gachibowli lo okka new Flipkart office open avnu this month,0
"today maths lab session undoo, experiment complete chesdu",0
government schemes chala undii students ki Warangal lo,0
"Farida chepindhi library books return date vasindi ani, return chesanu",0
"night lo chapati eat chesanu, morning ki amma ki telusindi — digestive system traitor bro",1
physics nerchukovadam career ki important undhi anukuntunna,0
"Nellore lo colleges challa undhi, students everywhere undy anukuntunna",0
"standup lo 'yesterday same, today same' annanu — honest answer bru, fired avutana anukunde",1
"naa principal office ki truck lo daily velthunna, time avnu chaallu",0
Mohan today engineering drawing assignment submit chesdu on time,0
"Sirisha cheppiindi notes share cheyyi ani, share chesanu",0
"Secunderabad lo okkka seat dorikithe lucky ani anukuntaa, destination ki reach avunuu — always like this",1
"queue lo oka hour stand chesanu, naa turn ki 'closed' board — universal suffering broh",1
"restaurant lo menu photos chaalaa undi, actual plate small avunu — food photography crimes brooo",1
"hostel lo electricity bill split chesamu, AC room ki koodha split avunuu — fair laedu bro",1
practical knowledge challaa important undy theoretical kanna anukunde,0
"poori traditional Hyderabad dish undhi, festivals lo prepare avnu",0
"Shubman Gill century chesaadhu, office lo koodaa celebration — productivity zero officially",1
password strong ga pettadam online security ki essential undie,0
"traffic lo Vizag lo okka hour stuck, GPS '2 mins away' antu undoo — GPS lying broh",1
"nenu today Tirupati ki tractor lo vellanu, chala time avunuu",0
"Usha dp change chesadhu, Tarun first like chesadu — notification ON obviously",1
"Meena 'nuwu change avvali' annadi, Anil hairstyle change chesaadhu — nenu try chesanu bru",1
"naa management class holiday lo undhi, attend chesanu",0
library resources properly use chesukovalani management better understand avvadam ki,0
"engineering colleges chala undi Telangana lo, competition koodaa chaallu",0
regular exercise chala important undii long term health ki,0
"Keerthi chepindi library books return date vasindi ani, return chesanu",0
"cooking chesdu, taste check chesanu, taste check again — by end fried rice laedu brow",1
"group project lo Sunil okka slide chesadu, presentation day lo nenu explain chesanu — Sunil ekkada undii",1
"nenu Kalyani tho ML group study chesaadu, helpful avvunuu",0
"engineering colleges chaallu undii Telangana lo, competition kudaa challaa",0
Lokesh library lo environmental science chadduvutunnadu evening daka,0
"Kavya 'nuvuu change avvali' annadi, Gopi hairstyle change chesadhu — nenu try chesanu brow",1
"supermarket ki okkaa item ki poina, 10 items tho vasina — market psychology max level",1
"live score check chesanu exam hall lo, invigilator chusadu — multi tasking bro",1
Vijayawada lo IT sector chaalaa grow avutundi past decade lo,0
"amma hostel food check chesdu, tiffin box tho vasindi — mom knows best bru",1
Chirala lo weather chaallu hot ga undii summers lo generally,0
"Moj lo tomato rice order chesanu '30 mins' antaa — 2 hours lo vasindi, cold ga undoo",1
"Surya cheppaadu Eluru ki vellaadani, nenu kuda veltanu annanu",0
Mohan Kurnool lo relatives ni chusaadaniki chesadu weekend lo,0
"nenu upma try chesanu first time, okay ga undi",0
"PhonePe lo mirchi bajji 50% off undoo, order chesanu, delivery charge 100 rs — discount illusion brow",1
"today compilers lab session undi, experiment complete chesaadhu",0
"propose chesanu, 'I think of you as a brother' annadi — statistics result kanna worse shock broh",1
"amma cooking chesthu undhi, nenu help cheyyatam try chesanu — 'nuwu poni chadduvuko' annadi 💀",1
Guntur lo new metro line start avutundi next year ani announce avnu,0
Nellore lo real estate prices increase avnu last year lo,0
"mess sambar bad undi, outside sambar expensive undhi, ammaa sambar perfect undi — home truth",1
group study sometimes helpful avnu anukunde complex subjects ki,0
"Venky cheppadu today class undie ani, nenu attend chesanu",0
"cooking chesdu, taste check chesanu, taste check again — by end biryani ledoo brow",1
"Telugu language chaala old language undhi, rich literature undii",0
"Vijay cooking first time chesaadhu, parotta chesanu, amma feedback: 'next time ledu chesuku' — harsh review",1
Vizag lo new metro line start avutundi next year ani announce avnu,0
"hostel curfew 10 PM, Vijay 10:01 ki vasadu — warden face priceless brow",1
Ajay cheppdu new ShareChat download chesanu try cheyyi ani,0
"pesarattu spicy order chesanu, 'extra spicy' antaa, tears vasindi — bravado backfire brooo",1
"mail ki 'as per my last mail' chesadu, war started avunu — corporate battlefield bru",1
"reel lo easy recipe chesanu, nenu try chesanu, disaster avunu — videos lie bru",1
"Vijay cheppadu tomorrow Adoni lo program undii ani, attend chestava adugadu",0
"amma phone lo data leduu, naa phone lo data leduu, iddaru fight chesamu — poverty bonding",1
"Kavya cheppindhi exam postpone avunu ani, relief avnu",0
"Mounika cheppindhi library books return date vasindi ani, return chesanu",0
"room mate bro early rise chesadhu, alarm 5 AM ki, nenu 5 AM ki sleeping — different schedules bro",1
"power cut avunu, phone charge laedu, powerbank laedu — darkness in every way broo",1
"Rakesh room lo curd rice dabbala cook chesadu, entire floor smell ayindi — community notification",1
government new scholarship scheme announce chesdu engineering students ki,0
mental health kooda physical health la important undii anukunde,0
"team celebration avvunu, cake undoo, Gopi dietary restriction undie — cake still eaten broo",1
"Amazon lo curd rice order chesanu '30 mins' antee — 2 hours lo vasindi, cold ga undi",1
Bhaskar college lo English class attend chesdu morning lo,0
ammaaa: nuvu ekado unnav? nenu: library lo. amma: mee college lo library ekkadoo undy roo? no way,1
"movie lo hero okkka song lo 5 countries lo dance chesdu, nenu okkaa Warangal bus stop daataledu",1
bike maintain cheyyadaniki regular service okkaa month ki oka sari chesukovalani,0
"ammaa phone lo data ledoo, naa phone lo data leduu, iddaru fight chesamu — poverty bonding",1
AI interesting subject undy naa opinion lo,0
communication clearly cheyydam professional software engineer ki essential skill undy,0
"India lose avunu, everyone 'team selection problem' antaru — expert analysts everywhere 😂",1
"today microprocessors lab session undhi, experiment complete chesadu",0
"nenu Kiran ki cheppanu today assignment undy ani, thanks annadu",0
"India World Cup win chesadhu, nenu linear algebra fail avunuu same day — mixed emotions bru",1
Machilipatnam lo road expansion project start avnu this month,0
"Farida chepindi library books return date vasindi ani, return chesanu",0
today night lo Vikram Chirala ki Jupiter lo vellaadu,0
Bunny Proddatur lo contractor ga work chestunnadu currently,0
"Chiranjeevi movie lo villain challaa try chesadu, hero ki okaa scratch edu — plot armour S tier fr fr",1
"Chintu Mounika ki good morning text chesadu daily, read avvunu reply ledoo — read receipts cruelty",1
"India last over lo 20 kavali, Sekhar prayer start chesadhu — sudden devotion brooo",1
"Naga cheppiindi tomorrow test undoo software engineering lo ani, prepare avnu",0
"queue lo okka hour stand chesanu, naa turn ki 'closed' board — universal suffering bru",1
"Dinesh cheppadu results night lo vasthay ani, wait chesamu",0
"Rakesh chepdu project submit chesadhu ani, good annanu",0
practical knowledge challa important undi theoretical kanna anukunde,0
digital circuits basics strong avvunu antee advanced concepts easy avvunu,0
"Varun Ojaswi ki poori treat ichadu, Ojaswi friend koodha vasindi, friend ki koodha treat ichadu — poverty begins",1
"mail ki 'as per my last mail' chesaadu, war started avnu — corporate battlefield bro",1
crush chepindi 'we are just friends' ani — digital circuits fail kanna painful avunu brooo,1
"Rohit Sharma century chesaadhu, office lo koodaa celebration — productivity zero officially",1
lemon rice challaa healthy option undii daily diet lo,0
"propose chesanu, 'I think of you as a brother' annadi — statistics result kanna worse shock broo",1
internships chaala important undoo final year students ki,0
"naa data mining class midnight lo undy, attend chesanu",0
"engineering colleges chaalaa undie Telangana lo, competition kooda chaalaa",0
Mani new Pulsar kinukkunnadu last month Proddatur lo,0
"Vikram deadline miss chesadu, 'estimation ga chesanu' annadu — estimation = guess confirmed broh",1
"ammaa paneer chesadhu, nenu 'chaala undii' annanu — edu, pure diplomacy broo",1
regular exercise challaa important undy long term health ki,0
"Abhi deadline miss chesadu, 'estimation ga chesanu' annadu — estimation = guess confirmed bru",1
reading habit chaala useful undy long term lo anukuntunna,0
"cousin vasadu, naa room occupy chesaadhu, nenu hall lo — guest rights > family rights brooo",1
mental health kooda physical health la important undhi anukunde,0
"nenu BYJU's lo payment chesadu bill ki, easy ga undhi",0
communication skills important undi any software engineer ki,0
"hostel ki ammgaru vasindi, mess food chusaka tears vasindi — maternal emotion broh",1
"Amulya cheppindi 'just be yourself' ani, nenu myself avvunuu undi, works edu bru — bad advice",1
Sunil today compilers assignment submit chesadu on time,0
"wash chesanu clothes, rain vasindi, wet — God has timing broh",1
"Chaitra cheppindhi exam postpone avvunu ani, relief avvunuu",0
"restaurant bill chaallu undy, split chesamu, nenu extra chesanu — mathematics of friendship broh",1
Rajahmundry chala develop avutundi last few years lo,0
Ongole lo new college open avutundi engineering courses tho,0
"gulab jamun traditional Nellore dish undoo, festivals lo prepare avnu",0
"nanna cheppadu 'youtuber avvali' ani, nenu cheppanu 'try chestunna' ani — 4 years same conversation bro",1
"Rakesh chepadu project submit chesdu ani, good annanu",0
"nenu Anna ki cheppanu today assignment undie ani, thanks annadu",0
"midnight hunger avvunu, Roposo open chesanu, Vizag delivery ledoo — location punishment broo",1
"Surya cheppadu today class undie ani, nenu attend chesanu",0
"Secunderabad chala big city undi, population chaala undi currently",0
software engineer avvadam chaallu kaashtam kani worth it undie anukunta,0
"Zara chepindhi tomorrow test undie discrete maths lo ani, prepare avvunu",0
"metro lo seat dorikithe lucky day ani anukuntunna, next stop lo empty avunuu — always like this W move",1
"Ishani cheppiindi exam postpone avvunu ani, relief avvunuu",0
Kadapa lo weather challa hot ga undi summers lo generally,0
Adoni lo transport options improve avunuu metro tho,0
"propose chesanu, 'I think of you as a brother' annadi — digital circuits result kanna worse shock broh",1
"last ball lo 6 kavali, Rahul TV off chesaadu — cannot witness the end bru",1
Chintu Adoni lo bank manager ga work chestunnadu currently,0
"internals lo Teja ki 9/30 vasthe 'grace marks' antadu, grace means 9 ye broo",1
Prasad Warangal lo bank manager ga work chestunnadu currently,0
software jobs chaalaa undi Rajahmundry lo young graduates ki,0
relationship status: linear algebra tho — at least it needs me broo 💀,1
"Chitti cheppdu project submit chesaadhu ani, good annanu",0
government schemes challa undi students ki Kukatpally lo,0
chelli adugutundi 'nuvuu ekkadaa vellav?' nenu: exam. chelli: pass avutava? — motivating broo,1
"Instagram lo life chala undhi, real lo meet avunuu — filter world different brooo",1
management prepare avvadam ki daily consistent practice important undy,0
Anil Proddatur lo accountant ga work chestunnadu currently,0
"Mahesh cheppadu today class undhi ani, nenu attend chesanu",0
Rahul today networks assignment submit chesadhu on time,0
Santosh back bench lo undoo kani first bencher kanna better marks — back lo wifi strong undii kadaa,1
"naa bus stop lo management class cancel ayindhi, but attendance portal lo present show avunuu — glitch in the matrix",1
practical knowledge chala important undy theoretical kanna anukuntaa,0
"nenu pesarattu tho dinner chesamu family tho, chaala undy",0
"morning roti breakfast ki chesamu, ammaa chesadhu today",0
"power cut ayindhi, phone dead, fan edu, summer — Mehdipatnam punishment level heat finished bro",1
"Twitter lo argument chesaadhu Ajay, 200 replies vasindi, everyone against — ratio avvunuu brooo",1
Ongole lo real estate prices increase avunuu last year lo,0
Teja Kadapa lo relatives ni chusaadaniki chesadu weekend lo,0
"ammgaru 'oka politician ni chadi set avutav' ante, nenu still microprocessors clear cheyyalekapotunna",1
"Chaitra chepindi library books return date vasindi ani, return chesanu",0
Kurnool lo real estate prices increase avvunu last year lo,0
"rasgulla traditional Dilsukhnagar dish undi, festivals lo prepare avvunuu",0
"nenu Jasmine tho linear algebra group study chesadhu, helpful avnu",0
"amma chepindhi 'doctor avutav' ani, naa marks chusaka 'compounder avunuu kadaa' ani update chesadhu",1
"room mate brooo early rise chesaadu, alarm 5 AM ki, nenu 5 AM ki sleeping — different schedules brooo",1
maths prepare avvadam ki daily consistent practice important undy,0
"attu traditional Kukatpally dish undhi, festivals lo prepare avnu",0
"nenu Mani tho OS doubts discuss chesanu, clear avnu finally",0
"Chirala challaa big city undy, population challaa undhi currently",0
"nenu Ajay ki cheppanu today assignment undy ani, thanks annadu",0
"professor cheppadu 'attendance mandatory', Ramesh proxy pettadu, professor ne proxy ichadu — full circle brooo",1
"power cut avnu Kurnool lo, exam night lo — God timing perfect bru",1
"valentine's day ki Tarun alone undi, roti order chesadhu — self love era",1
"naa AI valla ML miss aayindi, ML valla AI miss ayindi — perfect planning",1
deadlines track chesukovalani planner use chestey work organized ga avvunuu,0
maths okkka important branch undhi computer science lo,0
"Surya selfie 50 teesadu, okkka post chesaadu, 2 likes vasindi — effort vs result gap bro",1
"placement cell lo HR adugadu 'where do you see yourself in 5 years', Ramu 'sleeping' annadu — honest answer wait what",1
resume lo relevant DSA skills clearly mention cheyyadam important,0
"traffic lo Madhapur lo okkka hour stuck, GPS '2 mins away' antu undie — GPS lying broo",1
"Ramesh Kavya ki rasgulla treat ichadu, Kavya friend koodha vasindi, friend ki kooda treat ichadu — poverty begins",1
"hostel gate closed avunu, Gopi wall jump chesdu, security undi — caught in 4K broh",1
English basics strong avvunu antee advanced concepts easy avvunuu,0
"Varun Tej okkka punch lo 10 mandi ni edu chesaadu, nenu oka DSA paper clear cheyyalekapoyanu",1
"haircut chesaadu, photo edachu, 10 filters pettanu — still laedu bro",1
"sprint planning lo story points debate chesanu 2 hours, actual work 30 mins — agile philosophy broh",1
"Abhi cheppaadu Kadapa ki vellaadani, nenu kooda veltanu annanu",0
"team celebration avvunuu, cake undi, Harish dietary restriction undii — cake still eaten bru",1
"WFH undie, camera off meeting, pajama lo undii — professional from waist up brooo",1
"bus timings change avunuu Gachibowli lo recently, new schedule vasindi",0
"Instagram lo life chaalaa undii, real lo meet avvunuu — filter world different bru",1
"propose chesanu WhatsApp lo, Naga blue tick chesdu, reply leduu — left on read forever brow",1
"morning egg rice breakfast ki chesamu, ammaa chesadu today",0
"nenu today Kadapa ki scooty lo vellanu, challa time avunu",0
AI okaa important branch undii computer science lo,0
"standup lo 'yesterday same, today same' annanu — honest answer brow, fired avutana anukunde",1
Rahul bus stop lo TOC class attend chesdu morning lo,0
"power cut avunuu, phone charge ledu, powerbank ledhu — darkness in every way brooo",1
"mess food challaa bad undie, complain chesamu, next day kuda same — feedback loop ledu",1
AI concepts chala important undie software engineering ki,0
"naa physics class dawn lo undoo, attend chesanu",0
regular exercise chaala important undie long term health ki,0
savings account lo auto debit set cheyyadam financial discipline ki undii,0
Deepak chepdu new WhatsApp download chesanu try cheyyi ani,0
"Pawan Kalyan mass scene lo BGM chaalaa loud undhi, theater shake ayindhi, naa heart shake ayindi — same energy",1
"fantasy cricket lo Virat Kohli select chesaadu, zero points vasindi — real game different broh",1
"Amazon Prime lo curd rice order chesanu '30 mins' anti — 2 hours lo vasindi, cold ga undoo",1
"government collector recruitment notification release avunu, applications start avnu",0
"naa economics professor chaalaa fast brooo, notes ledu, brain ledhu, future leduu F",1
"bug report vasindi, nenu 'not able to reproduce' chesadhu — classic response brooo",1
"power cut ayindi, phone dead, fan ledu, summer — LB Nagar punishment level heat",1
resume lo relevant data mining skills clearly mention cheyyadam important,0
Dilsukhnagar challa develop avutundi last few years lo,0
"propose chesanu WhatsApp lo, Lakshmi blue tick chesaadu, reply ledu — left on read forever bru",1
Dilsukhnagar lo new college open avutundi engineering courses tho,0
"nenu Kavya ki cheppanu class time change avvunu ani, okay annadi",0
"work life balance undi ani join chesaadhu, 10 PM mail vasindi — balance means different things bro",1
"nenu Josh lo payment chesaadhu bill ki, easy ga undii",0
"naa wifi challaa fast undoo — speed test lo matrame, actual lo ledoo brow",1
"professor cheppadu 'attendance mandatory', Chitti proxy pettadu, professor ne proxy ichadu — full circle broo",1
"morning sambar breakfast ki chesamu, amma chesaadhu today",0
"roti spicy order chesanu, 'extra spicy' antaa, tears vasindi — bravado backfire broo",1
"naa microprocessors valla statistics miss ayindii, statistics valla microprocessors miss ayindy — perfect planning",1
reading habit chaallu useful undy long term lo anukuntaa,0
"Gopi adugadu ekkada undy nuvvu ani, Tirupati lo undhi cheppanu",0
"Madhavi cheppindhi exam postpone avnu ani, relief avunuu",0
"Dilsukhnagar climate challaa hot summers lo, monsoon better ga undy",0
Bhaskar chepdu new GPay download chesanu try cheyyi ani,0
"ex vasindi message 'how are you' ani, nenu ML fail avutunna — great timing bro",1
"Sai Divya ki gifts icchaadu, Divya cheppindi 'you are like my brother' — return policy ledu bru",1
"Anantapur challaa big city undoo, population chaallu undoo currently",0
"work life balance undi ani join chesaadu, 10 PM mail vasindi — balance means different things broo",1
healthy ga undadam ki rasam tho balanced diet maintain avvunu,0
"WFH undi, camera off meeting, pajama lo undii — professional from waist up bro",1
Madhavi adugindi 'emaina special undieva nalo?' — nenu OS notes rasaanu simultaneously ikr,1
engineering challa popular course undy Andhra Pradesh lo,0
"mail ki 'as per my last mail' chesaadu, war started avvunuu — corporate battlefield broh",1
"summer lo Narasaraopet lo power cut — fan ledoo, AC ledu, life ledhu brow",1
"naa mess ki MMTS lo daily velthunna, time avunuu chaallu",0
"ammaa cheppindi 'doctor avutav' ani, naa marks chusaka 'compounder avvunu kadaa' ani update chesaadu",1
Ramesh today compilers assignment submit chesaadu on time,0
"India match undhi, OOPS exam kudaa undi, nenu match chesanu — priorities clear bru",1
"nenu Swiggy lo payment chesadhu bill ki, easy ga undii",0
vada chala healthy option undie daily diet lo,0
"Radha chepindhi notes share cheyyi ani, share chesanu",0
"night lo punugulu crave avnu, Paytm open chesanu, delivery ledoo hostel ki — hunger unsatisfied brow",1
"morning curd rice breakfast ki chesamu, ammaa chesaadu today",0
"Mani Deepika ki 'hi' text chesaadhu, 3 days tarvata reply vasindi — challaa busy schedule undi broo",1
Mohan Vizag lo youtuber ga work chestunnadu currently,0
Kadapa lo real estate prices increase avvunuu last year lo,0
"theater lo Kalyan Ram entry scene ki claps, interval ki claps, climax ki claps — nenu snacks ki claps",1
"movie lo NTR tho fight scene, 50 mandi ni okka hand tho — physics take a vacation bro",1
"reel lo easy recipe chesanu, nenu try chesanu, disaster avnu — videos lie bro",1
"Kukatpally lo different areas undhi, each area different culture undi",0
"placement cell lo HR adugadu 'where do you see yourself in 5 years', Mohan 'sleeping' annadu — honest answer",1
"Mohammed Siraj interview lo Telugu lo cheppdu, nenu proud avvunu — cultural representation bro",1
Gachibowli lo new metro line start avutundi next year ani announce avunu,0
"nenu sambar tinnanu, challaa undoo anukuntaa",0
"Swiggy notification off chesanu, silent mode chesadhu, still distracted avunuu — problem internal broo",1
"coconut rice chesthu undie ammgaru, nenu taste chesanu, 'challaa undi' annanu — chef appreciation brooo",1
"client call lo internet ledhu avvunuu, reschedule chesanu — wifi excuse broh",1
"India lose avvunu, everyone 'team selection problem' antaru — expert analysts everywhere",1
"standup lo 'yesterday same, today same' annanu — honest answer broo, fired avutana anukuntaa",1
TOC research field chaallu active undii currently globally,0
Kurnool chaallu develop avutundi last few years lo,0
"mail ki 'as per my last mail' chesdu, war started avunu — corporate battlefield brow",1
Kavya adugindi 'emaina special undyva nalo?' — nenu digital circuits notes rasaanu simultaneously,1
"cousin vasadu, naa room occupy chesadu, nenu hall lo — guest rights > family rights bro",1
"Suresh room lo pappu dabbala cook chesdu, entire floor smell ayindy — community notification",1
online learning convenient ga undhi anukunde most students ki,0
"Sirisha chepindhi tomorrow test undhi digital circuits lo ani, prepare avunuu",0
"Karimnagar lo okaa seat dorikithe lucky ani anukuntaa, destination ki reach avnu — always like this",1
"Nandini cheppindi tomorrow test undii microprocessors lo ani, prepare avunuu",0
"night lo pappu eat chesanu, morning ki amma ki telusindi — digestive system traitor bru",1
auto wala 'meter laedu' antaa 3x rate adugadu — Vijayawada special experience,1
electricity rates change avutunnai Narasaraopet lo this quarter,0
"night lo Arun snore chesaadhu, nenu headphones pettanu, battery ledu, suffering begin avnu",1
"night lo lemon rice eat chesanu, morning ki ammaa ki telusindi — digestive system traitor broh",1
"Balayya dialogue Tarun seminar hall lo use chesadu, professor appreciate chesadu — cinema education works",1
"nenu ML notes prepare chesanu exam ki, chala undie material",0
Babu exam hall lo engineering drawing class attend chesaadhu morning lo,0
amma: nuvvuu ekkada unnav? nenu: library lo. ammaaa: mee college lo library ekkadoo undii daa? 🥲,1
"Nitesh LinkedIn lo 'open to work' pettadu, recruiter laedu, relatives vasindi — wrong platform response",1
"nenu gulab jamun tho dinner chesamu family tho, chaalaa undie",0
resume lo relevant AI skills clearly mention cheyyadam important,0
"mess food challaa bad undie, complain chesamu, next day kooda same — feedback loop leduu",1
work from home easy anti — Rohit ammaa background lo dosa chesthu meeting lo no cap,1
internships challaa important undhi final year students ki,0
Hyderabad lo new metro line start avutundi next year ani announce avnu,0
OS prepare avvadam ki daily consistent practice important undie,0
"Srinu adugadu which economics book better ani, reference book suggest chesanu",0
"ATM ki poina cash ledu, UPI try chesanu network ledhu — broke in every possible way",1
Vijay new Jupiter kinukkunnadu last month Vizag lo,0
amma: nuvvuu ekada unnav? nenu: library lo. ammgaru: mee college lo library ekkado undy raa? XD,1
"generator sound undie, power back avvunu ani excited avvunu, neighbour generator avunuu — false hope brooo",1
"Nellore lo new IT park build avutundi, jobs increase avnu anukuntaa",0
"Tarun exam hall lo calculator teesukochadu, chemistry lo calculations edu — prepared for wrong subject no cap",1
"naa life okka hero laa start avvunu — but interval ledhu, climax edu, budget leduu",1
government schemes chaala undi students ki Eluru lo,0
networks basics strong avunuu antey advanced concepts easy avunuu,0
healthy ga undadam ki halwa tho balanced diet maintain avunu,0
software jobs chaallu undi Dilsukhnagar lo young graduates ki,0
"naa software engineering class afternoon lo undhi, attend chesanu",0
egg rice health benefits chaalaa undi nutritional value tho,0
"Lucky viva lo professor adugadu 'explain maths', Lucky cheppadu 'sir nenu maths chesanu' — wrong subject attended",1
amma: nuwu ekado unnav? nenu: library lo. ammaaa: mee college lo library ekkada undy da? ikr,1
Rajahmundry lo new college open avutundi engineering courses tho,0
"bug report vasindi, nenu 'not able to reproduce' chesadhu — classic response broh",1
Sunil back bench lo undoo kani first bencher kanna better marks — back lo wifi strong undhi kadaa,1
"metro lo seat dorikithe lucky day ani anukuntaa, next stop lo empty avvunu — always like this",1
"government politician recruitment notification release avunu, applications start avnu",0
professor 'open book exam' antey Suresh library motham bag lo pettukochadu,1
"pesarattu chesthu undii ammaaa, nenu taste chesanu, 'chala undoo' annanu — chef appreciation brow",1
"Instagram lo life chaalaa undoo, real lo meet avunuu — filter world different brooo",1
healthy ga undadam ki jalebi tho balanced diet maintain avvunu,0
"Balayya movie lo villain chala try chesdu, hero ki okkaa scratch laedu — plot armour S tier",1
"Nithiin new movie announce ayindhi, fans excited avnu, nenu digital circuits exam tension lo undii — different worlds",1
Rajahmundry lo new metro line start avutundi next year ani announce avnu,0
"Anil adugadu ekkada undi nuvvu ani, Tadipatri lo undoo cheppanu",0
"hostel mess lo pesarattu undy, canteen lo pesarattu undi, outside lo pesarattu undy — pesarattu universe brooo",1
"Vizag lo colleges chala undie, students everywhere undii anukunta",0
"Jyothi chepindhi library books return date vasindi ani, return chesanu",0
"naa wifi chaallu fast undoo — speed test lo matrame, actual lo ledhu brow",1
"Anantapur climate challa hot summers lo, monsoon better ga undie",0
"sambar spicy order chesanu, 'extra spicy' ante, tears vasindi — bravado backfire broo",1
"hostel gate closed avvunu, Mani wall jump chesdu, security undy — caught in 4K brooo",1
internships challaa important undie final year students ki,0
"attha illu vacchindi, ammaa cleaning started 6 AM — natural disaster alert legend",1
"ATM ki poina cash ledoo, UPI try chesanu network edu — broke in every possible way legend",1
"new flyover Madhapur lo ready avvunuu next month, traffic ease avvunuu anukuntunna",0
"Telugu language chaala old language undi, rich literature undhi",0
OOPS research field chala active undi currently globally,0
"nenu ShareChat lo payment chesadhu bill ki, easy ga undhi",0
software jobs chaallu undie Hindupur lo young graduates ki,0
reading habit chaalaa useful undhi long term lo anukuntaa,0
practical knowledge chaala important undy theoretical kanna anukuntaa,0
"Telugu cinema industry chala big undoo, annual revenue chaalaa undii",0
"Mahesh exam hall lo calculator teesukochadu, OS lo calculations ledu — prepared for wrong subject",1
"Naveen Farida tho first date ki Rajahmundry lo pongal tinnaru, bill split chesaadu — modern love",1
"naa algorithms class night lo undy, attend chesanu",0
"Telugu language chaala old language undy, rich literature undy",0
"Naveen physics project last night chesadu, works on his laptop, edu lab lo — classic 💔",1
"Proddatur lo colleges challaa undoo, students everywhere undie anukuntaa",0
"Paytm notification off chesanu, silent mode chesadhu, still distracted avunu — problem internal bro",1
"nenu Mahesh tho AI doubts discuss chesanu, clear avunu finally",0
"Mahesh Kavya ki 'hi' text chesadhu, 3 days tarvata reply vasindi — chala busy schedule undie broo",1
"naa records room lo compilers class cancel ayindhi, but attendance portal lo present show avnu — glitch in the matrix",1
"Nithiin movie trailer challa undii ani 4 tickets kattanu, movie logic ledhu — trailer cheated brooo",1
"Babu Swathi ki gifts icchaadu, Swathi cheppindi 'you are like my brother' — return policy leduu brow",1
"bus timings change avunuu Kurnool lo recently, new schedule vasindi",0
"new hospital Dilsukhnagar lo open avutundi next month, facilities chaala undoo",0
"hostel cricket lo Lokesh out avvunu, 'no ball' ani argue chesaadu — classic denial",1
"amma 'oka lawyer ni chadi set avutav' antey, nenu still data mining clear cheyyalekapotunna",1
"Farida 'nuvvuu change avvali' annadi, Nitesh hairstyle change chesadhu — nenu try chesanu broo",1
"Amulya cheppindi 'just be yourself' ani, nenu myself avunuu undi, works leduu broo — bad advice",1
"Tenali climate challaa hot summers lo, monsoon better ga undi",0
resume lo relevant physics skills clearly mention cheyyadam important,0
"warden room check chesdu, Prasad room clean chesdu first time — inspection effect brow",1
discrete maths basics strong avnu antee advanced concepts easy avvunu,0
"Manoj selfie 50 teesadu, okkaa post chesaadu, 2 likes vasindi — effort vs result gap broh",1
communication clearly cheyyatam professional nurse ki essential skill undii,0
"Hyderabad challa big city undoo, population chaala undi currently",0
practical knowledge chaala important undii theoretical kanna anukuntunna,0
Venu Madhapur lo lawyer ga work chestunnadu currently,0
"ex vasindi message 'how are you' ani, nenu TOC fail avutunna — great timing bro",1
"new hospital Secunderabad lo open avutundi next month, facilities chala undy",0
"Madhapur lo different areas undie, each area different culture undii",0
"naa data mining professor challaa fast brooo, notes leduu, brain ledhu, future leduu",1
"commentary lo 'magnificent shot' antey, camera replay chesadhu, edge undi — commentary lying bru",1
Bhaskar Ongole lo relatives ni chusaadaniki chesaadhu weekend lo,0
maths basics strong avunu antee advanced concepts easy avvunuu,0
"Manoj adugadu ekkada undii nuvvu ani, Vijayawada lo undii cheppanu",0
Gachibowli lo transport options improve avnu metro tho,0
"power cut avnu Rajahmundry lo, exam night lo — God timing perfect bro",1
"Munna cheppadu project submit chesadhu ani, good annanu",0
"nenu GPay lo payment chesadu bill ki, easy ga undie",0
"Chaitra chepindhi library books return date vasindi ani, return chesanu",0
"gulab jamun order chesanu, delivery boy chepdu '5 mins', 45 mins avunu — elastic 5 mins broh",1
compilers interesting subject undy naa opinion lo,0
"nenu Harish tho environmental science doubts discuss chesanu, clear avunu finally",0
"hostel mess lo parotta undi, canteen lo parotta undie, outside lo parotta undie — parotta universe brow",1
"ammaa cooking chesthu undii, nenu help cheyyatam try chesanu — 'nuvvu poni chadduvuko' annadi 💀",1
"Tadipatri lo colleges chaallu undoo, students everywhere undie anukunta",0
"Telugu cinema industry challa big undoo, annual revenue challa undii",0
internships challaa important undoo final year students ki,0
"state lo rainfall chaallu undhi this monsoon season, reservoirs full avnu",0
"Munna chepadu Kadapa ki vellaadani, nenu koodha veltanu annanu",0
"Santosh cheppadu results night lo vasthay ani, wait chesamu",0
bike maintain cheyyadaniki regular service okkka month ki okka sari chesukovalani,0
nenu Vijay tho Ongole meet avunu ani plan chesadu,0
"nenu Swathi ki wish chesanu exam ki, all the best annadi",0
"Vani chepindhi notes share cheyyi ani, share chesanu",0
Swathi adugindi 'emaina special undieva nalo?' — nenu English notes rasaanu simultaneously,1
"nenu Hotstar lo payment chesaadu bill ki, easy ga undy",0
curd rice preparation method different ga undoo different regions lo,0
"naa life Ram Charan movie la undy — interval ki twist, climax ki logic laedu broo",1
"nenu OOPS notes prepare chesanu exam ki, chaalaa undhi material",0
"power cut ayindii, phone dead, fan ledoo, summer — Machilipatnam punishment level heat no cap",1
"hero bike stunt chesaadhu, Lokesh try chesadu — bike undhi, Lokesh hospital lo undoo",1
"today networks lab session undy, experiment complete chesaadu",0
"new hospital Secunderabad lo open avutundi next month, facilities chaallu undie",0
AI prepare avvadam ki daily consistent practice important undi,0
healthy ga undadam ki gongura rice tho balanced diet maintain avunuu,0
"poori traditional Ongole dish undoo, festivals lo prepare avnu",0
"okkka bite tomato rice tinnanu, finish avunuu entire plate — portion control failed bro",1
Dilsukhnagar lo road expansion project start avvunuu this month,0
"ex vasindi message 'how are you' ani, nenu software engineering fail avutunna — great timing brooo",1
relationship status: statistics tho — at least it needs me broo XD,1
movie lo hero love failure tarvata okkka song lo recover avnu — real life lo years koodha ledu classic,1
"Varun cheppadu today class undy ani, nenu attend chesanu",0
"online exam lo Kamal tab switch chesaadhu, 'suspicious activity' alert vasindi — ledoo bro just water taaganiki vellanu",1
communication clearly cheyyatam professional lawyer ki essential skill undoo,0
"naa microprocessors notes chala neat ga undi, exam ki neney chadduvukoledu — aesthetic > knowledge",1
Proddatur lo infrastructure improve avnu last few years lo slowly,0
"movie lo Adivi Sesh tho fight scene, 50 mandi ni okkka hand tho — physics take a vacation brooo",1
"engineering colleges challaa undi Telangana lo, competition kudaa challa",0
Friday lo urgent task vasindi — weekend destroyer confirmed broo,1
"Telugu language challa old language undoo, rich literature undie",0
"propose chesanu WhatsApp lo, Jyothi blue tick chesdu, reply leduu — left on read forever brow",1
"ammgaru 'oka MP ni chadi set avutav' antey, nenu still data mining clear cheyyalekapotunna finished bro",1
Warangal lo real estate prices increase avnu last year lo,0
"naa department ki auto lo daily velthunna, time avnu chaallu",0
resume lo relevant software engineering skills clearly mention cheyyadam important,0
"night lo punugulu eat chesanu, morning ki ammgaru ki telusindi — digestive system traitor broh",1
CN research field chaalaa active undii currently globally,0
"IPL season lo environmental science study ledhu, exam results reflect avvunuu — cricket education brooo",1
"naa post lo 100 likes vasindi, Deepak chepadu 'paid promotion avnu' ani — jealousy speaks broh",1
"Ajay adugadu which chemistry book better ani, reference book suggest chesanu",0
"nannagaru WhatsApp lo 'good morning' message forward chesadu, nenu reply edu chesanu — generational gap",1
"power cut aayindi, phone dead, fan ledu, summer — Narasaraopet punishment level heat",1
nenu Mahesh tho Rajahmundry meet avunu ani plan chesaadu,0
"naa canteen ki tractor lo daily velthunna, time avvunu chaalaa",0
Karimnagar lo new metro line start avutundi next year ani announce avunuu,0
password strong ga pettadam online security ki essential undoo,0
"Mounika dp change chesdu, Chitti first like chesaadu — notification ON obviously certified L",1
"nenu networks notes prepare chesanu exam ki, chaalaa undy material",0
today Sunday lo Mani Proddatur ki RTC bus lo vellaadu,0
Kurnool lo water supply schedule change avunuu maintenance ki,0
algorithms concepts chaallu important undoo software engineering ki,0
"morning tamarind rice breakfast ki chesamu, ammaaa chesadhu today",0
OS interesting subject undii naa opinion lo,0
"crush 'good morning' text pampindi — nenu networks exam forget chesadu, failed — worth it bro",1
"power cut avunu Secunderabad lo, exam night lo — God timing perfect brooo",1
"Anna adugadu ekkada undhi nuvvu ani, Narasaraopet lo undy cheppanu",0
"code review lo Teja cheppadu 'this can be optimized' — nenu rasanu, nenu embarrassed avvunuu",1
"Instagram lo life challaa undii, real lo meet avvunuu — filter world different broh",1
"YouTube lo okaa video chusanu, 3 hours tarvata okkaa click lo — algorithm trap brooo",1
"Abhi selfie 50 teesadu, oka post chesdu, 2 likes vasindi — effort vs result gap broo",1
"Varun Tej movie ticket 500 rs, popcorn 300 rs, hero entry scene — priceless, worth it",1
"code review lo Mohan cheppadu 'this can be optimized' — nenu rasanu, nenu embarrassed avnu",1
"peddamma cheppindi 'Indu ni chuso doctor avunu' ani, Indu ki MBBS ledhu — inspiration from fiction",1
"Gayatri dp change chesadu, Kamal first like chesaadu — notification ON obviously",1
reading habit chaallu useful undii long term lo anukunta,0
"work life balance undoo ani join chesaadu, 10 PM mail vasindi — balance means different things brow",1
"rasam traditional Tadipatri dish undii, festivals lo prepare avvunuu",0
Tirupati lo okkka new Moj office open avunuu this month,0
"Bhai Swathi ki good morning text chesadu daily, read avvunuu reply ledu — read receipts cruelty",1
"traffic lo Warangal lo oka hour stuck, GPS '2 mins away' antu undhi — GPS lying bru",1
"engineering colleges chaala undie Telangana lo, competition koodha chaallu",0
group study sometimes helpful avunuu anukunta complex subjects ki,0
"akka result vasindi, ammaa sweets chesindi, naa result vasindi, ammaaa fasting chesindi — clear bias",1
Kadapa lo weather chala hot ga undie summers lo generally,0
"night lo fried rice crave avunuu, Netflix open chesanu, delivery edu hostel ki — hunger unsatisfied brooo",1
Hyderabad chala develop avutundi last few years lo,0
"babai cheppadu 'Charan ni chuso chala undoo' — Charan fail avvunu brow, different level inspiration",1
"Mani chepadu project submit chesadhu ani, good annanu",0
Karimnagar lo weather challa hot ga undy summers lo generally,0
"naa digital circuits notes chala neat ga undy, exam ki neney chadduvukoledu — aesthetic > knowledge",1
"UPS undhi ante power cut ledhu kani, UPS battery ledhu — backup of backup ledhu bru",1
"promotion vasindi — title change avvunuu, work increase avvunu, salary same — congrats broo",1
"online lo Meena profile photo challaa undy, real lo meet avnu — filter technology peak level broo",1
"water filter leduu, bottle water kinukkunnamu — monthly noodles budget lo cut avutundi brooo",1
"nenu today Ongole ki tractor lo vellanu, chaala time avunuu",0
"chicken curry traditional Proddatur dish undy, festivals lo prepare avvunuu",0
roti health benefits chaalaa undii nutritional value tho,0
Tenali chaalaa develop avutundi last few years lo,0
"India batting collapse avnu, nenu physics notes rasanu — parallel disasters bro",1
"naa TOC notes chala neat ga undii, exam ki neney chadduvukoledu — aesthetic > knowledge",1
"naa life okaa hero laa start avvunuu — but interval ledhu, climax edu, budget ledhu",1
"new hospital Tirupati lo open avutundi next month, facilities challaa undhi",0
"work life balance undi ani join chesaadhu, 10 PM mail vasindi — balance means different things bru",1
regular exercise challa important undy long term health ki,0
communication skills important undhi any CA ki,0
Eswari adugindi 'emaina special undiva nalo?' — nenu networks notes rasaanu simultaneously,1
"nenu today Hyderabad ki Ola lo vellanu, chaalaa time avnu",0
Proddatur lo real estate prices increase avunu last year lo,0
"nenu statistics notes prepare chesanu exam ki, challaa undoo material",0
"code review lo Girish cheppadu 'this can be optimized' — nenu rasanu, nenu embarrassed avnu",1
"morning dal rice breakfast ki chesamu, amma chesadhu today",0
reading habit chaala useful undii long term lo anukunde,0
"night lo fried rice crave avvunuu, Amazon Prime open chesanu, delivery leduu hostel ki — hunger unsatisfied brooo",1
"nenu today Secunderabad ki bike lo vellanu, chaallu time avnu",0
"restaurant bill chaalaa undhi, split chesamu, nenu extra chesanu — mathematics of friendship broh",1
"ATM ki poina cash ledhu, UPI try chesanu network ledu — broke in every possible way bro what",1
"mess food chaallu bad undii, complain chesamu, next day koodaa same — feedback loop ledu",1
"power cut ayindhi, phone dead, fan edu, summer — Machilipatnam punishment level heat",1
"nenu paneer tho dinner chesamu family tho, challaa undi",0
"queue lo okaa hour stand chesanu, naa turn ki 'closed' board — universal suffering broo",1
"3 months crush chesanu, Bhavana cheppindi 'I have a boyfriend' ani day 1 lo ledu — time waste certified ikr",1
"Ganesh cheppadu tomorrow Tirupati lo program undi ani, attend chestava adugadu",0
"ammgaru hostel food check chesadu, tiffin box tho vasindi — mom knows best brooo",1
chicken curry health benefits chala undoo nutritional value tho,0
professor 'open book exam' ante Vijay library motham bag lo pettukochadu,1
"hostel room lo 4 people, okkka charger, okka wifi — survival of the fittest",1
"India win avunuu, Charan bike lo celebrate chesadu — okaa run ki overreact avvunuu broh",1
"valentine's day ki Gopi alone undy, pongal order chesdu — self love era",1
"WFH undii, camera off meeting, pajama lo undoo — professional from waist up brooo",1
"nannagaru bike ki petrol edu, naaku pocket money ledoo, iddaru oka team kada",1
nannaa smartphone istE WhatsApp lo naa result forward chesdu relatives ki — appreciated leduu brow,1
today dawn lo Bunny Ongole ki metro lo vellaadu,0
"Farida adugundi canteen ekado undie ani, direction cheppanu",0
nenu Nitesh tho Gachibowli meet avvunuu ani plan chesaadu,0
"hostel ki ammaa vasindi, mess food chusaka tears vasindi — maternal emotion brow",1
"government collector recruitment notification release avunuu, applications start avunuu",0
"Nithiin mass scene lo BGM challa loud undhi, theater shake ayindy, naa heart shake ayindii — same energy",1
"new startup Kurnool lo start avvunu, local SP opportunities create avunu",0
"Mahesh Babu movie review: 'logic laedu' — fans: 'logic ante em bro, emotion chuso'",1
"Naga Chaitanya movie lo villain chaala try chesadu, hero ki okkka scratch ledhu — plot armour S tier gg",1
"Lucky gate ki late vasthe professor 'reason?' adugadu, 'ammaa chesindi late' annadu — universal excuse",1
"Mohammed Siraj out avunuu, entire India silent avunu — national moment of grief",1
Nellore lo new metro line start avutundi next year ani announce avvunu,0
rasam health benefits chaallu undie nutritional value tho,0
"movie lo villain chala smart undi, hero okka scene lo defeat chesdu — audience: wait what",1
"Twitter lo argument chesdu Naveen, 200 replies vasindi, everyone against — ratio avunuu bro",1
"amma cooking chesthu undy, nenu help cheyyadam try chesanu — 'nuwu poni chadduvuko' annadi",1
Ramesh Bhimavaram lo relatives ni chusaadaniki chesaadu weekend lo,0
Proddatur lo transport options improve avvunuu metro tho,0
Tadipatri challa develop avutundi last few years lo,0
"India lose avvunuu, everyone 'team selection problem' antaru — expert analysts everywhere classic",1
"Vijay digital circuits project last night chesadu, works on his laptop, ledoo lab lo — classic W move",1
"diet chesaadu, results laedu, dal rice eat chesaadhu, results ledhu — same outcome different happiness",1
"power cut avvunu Madhapur lo, exam night lo — God timing perfect bru",1
"Pavan Sravani tho first date ki Proddatur lo idli tinnaru, bill split chesaadhu — modern love",1
"online exam lo Suresh tab switch chesadhu, 'suspicious activity' alert vasindi — ledhu bro just water taaganiki vellanu",1
"Yashasvi Jaiswal out avvunuu, entire India silent avnu — national moment of grief",1
"Dharani cheppindhi library books return date vasindi ani, return chesanu",0
healthy ga undadam ki garelu tho balanced diet maintain avunuu,0
pharmacist avvadam challa kaashtam kani worth it undii anukuntunna,0
"Hema adugundi canteen ekado undoo ani, direction cheppanu",0
Gachibowli lo okkaa new PhonePe office open avunu this month,0
"3 months crush chesanu, Gayatri chepindhi 'I have a boyfriend' ani day 1 lo ledhu — time waste certified",1
"Telugu cinema industry chala big undi, annual revenue challa undie",0
Charan Vizag lo businessman ga work chestunnadu currently,0
"nenu pulihora tinnanu, chaalaa undy anukuntaa",0
"tamarind rice healthy ani chaddivanu, oil lo fry chesanu — healthy intent unhealthy execution broo",1
"Twitter lo argument chesdu Manoj, 200 replies vasindi, everyone against — ratio avnu bru",1
"nanna 'maa time lo chaalaa kashtapaddamu' antey, a time lo English laedu brow — different struggle",1
"nenu today Warangal ki Apache lo vellanu, chaalaa time avunu",0
"Bunny adugadu ekkada undii nuvvu ani, Eluru lo undi cheppanu",0
"nenu Raju ki cheppanu today assignment undi ani, thanks annadu",0
software jobs chaalaa undi Vizag lo young graduates ki,0
"room mate brooo light 2 AM daka chestunnadu, exam ledhu, YouTube undoo — dedication wrong place",1
"night mess lo idli extra undie, Lucky 5 plates tinnadu — bulk season bru",1
"Kamal Sravani ki good morning text chesadu daily, read avunu reply ledu — read receipts cruelty",1
"commentary lo 'magnificent shot' antaa, camera replay chesaadhu, edge undie — commentary lying bru",1
nanaaa smartphone istE WhatsApp lo naa result forward chesadu relatives ki — appreciated ledu brow,1
"naa CN class Monday lo undii, attend chesanu",0
"Kiran placement cell lo attendance ledhu broo, but ammaaa tho 'daily velthunna' antadu — technically ledoo kada",1
group study sometimes helpful avunu anukuntaa complex subjects ki,0
"professor cheppadu 'attendance mandatory', Bhai proxy pettadu, professor ne proxy ichadu — full circle brooo",1
fried rice chaala healthy option undy daily diet lo,0
"nenu Sekhar ki management concept explain chesanu, understood annadu",0
"rain start avunuu — naa umbrella room lo undie, nenu Proddatur middle lo undi lol",1
Mehdipatnam lo IT sector chala grow avutundi past decade lo,0
"naa birthday ki okaa wish ledoo, exam result ki chala messages vasindi — wrong notifications bro",1
"Gachibowli lo new IT park build avutundi, jobs increase avvunuu anukuntunna",0
"propose chesanu, 'I think of you as a brother' annadi — microprocessors result kanna worse shock broh",1
"Suresh cheppadu today class undoo ani, nenu attend chesanu",0
chelli adugutundi 'nuvvuu ekado vellav?' nenu: exam. chelli: pass avutava? — motivating bro,1
"Netflix notification off chesanu, silent mode chesdu, still distracted avvunuu — problem internal bro",1
Bhaskar new Pleasure kinukkunnadu last month Nellore lo,0
today morning lo Santosh Tadipatri ki Royal Enfield lo vellaadu,0
"state lo rainfall challa undhi this monsoon season, reservoirs full avvunuu",0
"movie lo Nithiin tho fight scene, 50 mandi ni okka hand tho — physics take a vacation broh",1
"group chat lo message chesadu, everyone read, no reply — ghost protocol activate avunu",1
"villain 1000 cr spend chesaadhu plan ki, hero okaa punch lo finish — ROI zero broh",1
"YouTube lo oka video chusanu, 3 hours tarvata oka click lo — algorithm trap broo",1
lawyer ki necessary certifications obtain cheyyadam career growth ki helpful,0
"haircut chesaadu, photo edachu, 10 filters pettanu — still ledoo bro",1
nenu Rajesh tho Hindupur meet avunu ani plan chesadu,0
"nenu Kalyani tho physics group study chesdu, helpful avvunuu",0
"placement cell lo HR adugadu 'where do you see yourself in 5 years', Bhaskar 'sleeping' annadu — honest answer",1
"India lose avunu, everyone 'team selection problem' antaru — expert analysts everywhere",1
"Haritha cheppiindi exam postpone avvunu ani, relief avvunu",0
"code review lo Babu cheppadu 'this can be optimized' — nenu rasanu, nenu embarrassed avunu",1
"Proddatur lo new IT park build avutundi, jobs increase avunu anukunde",0
"rasgulla order chesanu, delivery boy cheppadu '5 mins', 45 mins avnu — elastic 5 mins brooo",1
butter chicken health benefits chala undi nutritional value tho,0
"amma 'oka SP ni chadi set avutav' antaa, nenu still digital circuits clear cheyyalekapotunna gone case",1
"nanna cheppadu 'accountant avvali' ani, nenu cheppanu 'try chestunna' ani — 4 years same conversation bru",1
"stadium ki ticket kattanu, match rain avvunu — Rs 2000 rain experience broh",1
"nenu Ajay ki cheppanu today assignment undoo ani, thanks annadu",0
engineering chaallu popular course undii Andhra Pradesh lo,0
"naa wifi chaallu fast undhi — speed test lo matrame, actual lo edu brow",1
mental health koodha physical health la important undoo anukuntaa,0
"hostel wifi password change avvunuu, warden ki request chesadhu, 'study cheyyi' annadu — classic block",1
"wash chesanu clothes, rain vasindi, wet — God has timing bro",1
"nenu Ganesh tho DSA doubts discuss chesanu, clear avunuu finally",0
reading habit chaala useful undie long term lo anukunta,0
discrete maths okaa important branch undie computer science lo,0
"naa ML class midnight lo undie, attend chesanu",0
"group project lo Arjun okkaa slide chesadu, presentation day lo nenu explain chesanu — Arjun ekkada undhi",1
"NTR new movie announce aayindi, fans excited avvunu, nenu digital circuits exam tension lo undi — different worlds",1
Kiran library lo software engineering chadduvutunnadu evening daka,0
"Venky cheppadu tomorrow LB Nagar lo program undie ani, attend chestava adugadu",0
"Mohan chepdu Vizag ki vellaadani, nenu kudaa veltanu annanu",0
"Instagram lo life chaallu undy, real lo meet avnu — filter world different bru",1
"relatives adugutunnaru 'what are your plans' ani, nenu economics pass avvadam plan broo — small goals",1
"akka result vasindi, amma sweets chesindi, naa result vasindi, ammaa fasting chesindi — clear bias oof",1
"Manoj room lo paneer dabbala cook chesadu, entire floor smell ayindii — community notification",1
"thammudu naa charger teesukuntunnadu, nenu teesukuntunna — family sharing plan peak comedy",1
"amma hostel food check chesaadhu, tiffin box tho vasindi — mom knows best broh",1
"fried rice order chesanu, delivery boy chepadu '5 mins', 45 mins avnu — elastic 5 mins broh",1
tamarind rice challa healthy option undoo daily diet lo,0
"Manoj viva lo professor adugadu 'explain environmental science', Manoj cheppadu 'sir nenu networks chesanu' — wrong subject attended",1
"Vijay cheppadu tomorrow Tirupati lo program undi ani, attend chestava adugadu",0
nenu Chintu tho Kadapa meet avunuu ani plan chesaadu,0
Rajesh today TOC assignment submit chesadu on time,0
"power cut avnu Secunderabad lo, exam night lo — God timing perfect broo",1
biryani preparation method different ga undie different regions lo,0
"Bumrah interview lo Telugu lo cheppaadu, nenu proud avunuu — cultural representation brooo",1
"night lo Kamal snore chesaadu, nenu headphones pettanu, battery ledhu, suffering begin avunuu",1
"team outing undy, Srinu leave chesadu — anti-social professional broh",1
"Varun Tej mass scene lo BGM challaa loud undoo, theater shake ayindi, naa heart shake ayindhi — same energy",1
"state lo rainfall challa undhi this monsoon season, reservoirs full avnu",0
"Twitter lo argument chesaadu Ramesh, 200 replies vasindi, everyone against — ratio avvunuu bru",1
"summer lo Guntur lo power cut — fan laedu, AC edu, life laedu brow",1
"new startup Kurnool lo start avunu, local pilot opportunities create avunuu",0
"Rajesh viva lo professor adugadu 'explain management', Rajesh cheppadu 'sir nenu engineering drawing chesanu' — wrong subject attended",1
AI okkaa important branch undhi computer science lo,0
Anantapur lo road expansion project start avvunuu this month,0
Mani placement cell lo linear algebra class attend chesadhu morning lo,0
Bhimavaram lo real estate prices increase avunuu last year lo,0
government 'smart city' antee Madhapur lo auto ki roads laedu — very smart planning brooo,1
upma health benefits chala undie nutritional value tho,0
Munna library lo algorithms chadduvutunnadu evening daka,0
"Guntur lo different areas undoo, each area different culture undie",0
"new hospital Hindupur lo open avutundi next month, facilities chaala undii",0
"cousin vasadu, naa room occupy chesaadhu, nenu hall lo — guest rights > family rights bro",1
"retrospective lo 'what went wrong' adugutunnaru, everything broh — honest answer give laedu",1
Hyderabad lo okkka new Josh office open avvunuu this month,0
"new flyover Madhapur lo ready avvunuu next month, traffic ease avvunu anukuntunna",0
"Kalyan Ram movie ticket 500 rs, popcorn 300 rs, hero entry scene — priceless, worth it",1
communication skills important undi any IAS officer ki,0
"naa software engineering class Sunday lo undi, attend chesanu",0
"mess sambar bad undhi, outside sambar expensive undie, ammaaa sambar perfect undie — home truth",1
"nenu statistics notes prepare chesanu exam ki, challaa undie material",0
Sai Adoni lo software engineer ga work chestunnadu currently,0
"WFH undoo, camera off meeting, pajama lo undii — professional from waist up broh",1
"hostel room lo 4 people, okaa charger, oka wifi — survival of the fittest",1
nenu Rohit tho Warangal meet avvunu ani plan chesaadu,0
"Deepak adugadu which microprocessors book better ani, reference book suggest chesanu",0
"nenu Vikram ki cheppanu today assignment undoo ani, thanks annadu",0
"nanna bike ki petrol leduu, naaku pocket money ledoo, iddaru okaa team kadha",1
"Telugu language challa old language undy, rich literature undhi",0
"Ravi cheppadu today class undii ani, nenu attend chesanu",0
"office coffee machine broken avvunu, entire team productivity zero — dependency confirmed brooo",1
match tension lo vada laedu tinnanu — superstition eating broo,1
Anantapur lo real estate prices increase avunu last year lo,0
"water filter ledoo, bottle water kinukkunnamu — monthly rasgulla budget lo cut avutundi brow",1
Chirala lo real estate prices increase avnu last year lo,0
"thammudu naa charger teesukuntunnadu, nenu teesukuntunna — family sharing plan 🤣",1
chelli adugutundi 'nuwu ekkadoo vellav?' nenu: exam. chelli: pass avutava? — motivating broh,1
"lemon rice traditional Tirupati dish undhi, festivals lo prepare avunuu",0
"nenu engineering drawing notes prepare chesanu exam ki, challa undi material",0
"nenu Moj lo payment chesdu bill ki, easy ga undii",0
"Amazon Prime lo paneer order chesanu '30 mins' antey — 2 hours lo vasindi, cold ga undhi",1
"follow request pampanu, pending lo undoo 6 months — neither yes nor no broh",1
"government content creator recruitment notification release avunuu, applications start avnu",0
water sufficient ga taagadam daily health ki essential undii,0
"Kurnool climate chaala hot summers lo, monsoon better ga undi",0
"nenu AI notes prepare chesanu exam ki, challaa undy material",0
"new startup Tadipatri lo start avvunuu, local politician opportunities create avunuu",0
MP avvadam challaa kaashtam kani worth it undoo anukuntaa,0
OS prepare avvadam ki daily consistent practice important undoo,0
"match undoo ani ammgaru ki cheppdu, 'ledu study cheyyi' annadi — different priorities",1
"sprint planning lo story points debate chesanu 2 hours, actual work 30 mins — agile philosophy bro",1
"ShareChat order cancel aayindi, money 7 days lo refund avvunu ani cheppindi — 7 days lo naa hunger wait ledu oof",1
"meeting lo yawn chesanu, boss chusadu — yawn explain cheyyatam hardest thing broo",1
"Charan gate lo attendance ledhu broo, but ammaa tho 'daily velthunna' antadu — technically edu kaadaa",1
"morning gongura rice breakfast ki chesamu, ammgaru chesaadu today",0
"diet chesaadhu, results edu, poori eat chesadu, results ledhu — same outcome different happiness",1
"hostel wifi password change avvunu, warden ki request chesaadu, 'study cheyyi' annadu — classic block",1
"nenu Jasmine tho algorithms group study chesaadu, helpful avunuu",0
"nenu vada tinnanu, chala undi anukunta",0
"fantasy cricket lo Virat Kohli select chesaadhu, zero points vasindi — real game different brooo",1
"Vijay adugadu which CN book better ani, reference book suggest chesanu",0
Adoni lo new metro line start avutundi next year ani announce avunu,0
communication skills important undy any pharmacist ki,0
"summer lo Tirupati lo power cut — fan laedu, AC laedu, life ledoo bro",1
"3 months crush chesanu, Lavanya cheppindhi 'I have a boyfriend' ani day 1 lo edu — time waste certified 💀",1
"client call lo internet edu avvunu, reschedule chesanu — wifi excuse brow",1
"government trader recruitment notification release avunu, applications start avvunuu",0
"exam ki notes miss avvadam kadu, regular revision important",0
"haircut chesaadu, photo edachu, 10 filters pettanu — still laedu broo",1
auto wala 'meter ledoo' antaa 3x rate adugadu — Hindupur special experience,1
"placement cell lo HR adugadu 'where do you see yourself in 5 years', Naidu 'sleeping' annadu — honest answer no cap",1
"Munna exam hall lo calculator teesukochadu, microprocessors lo calculations ledhu — prepared for wrong subject",1
"cousin vasadu, naa room occupy chesdu, nenu hall lo — guest rights > family rights broo",1
"nenu pesarattu tho dinner chesamu family tho, challa undoo",0
"naa post lo 100 likes vasindi, Anna cheppdu 'paid promotion avnu' ani — jealousy speaks bro",1
"rain start avvunu — naa umbrella room lo undie, nenu Hindupur middle lo undy genius bro",1
Arjun back bench lo undy kani first bencher kanna better marks — back lo wifi strong undhi kada,1
reading habit chaalaa useful undhi long term lo anukunde,0
"Warangal climate chaala hot summers lo, monsoon better ga undoo",0
"Anna Sravani ki gifts icchaadu, Sravani chepindi 'you are like my brother' — return policy laedu brow",1
TOC prepare avvadam ki daily consistent practice important undhi,0
"India World Cup win chesaadhu, nenu data mining fail avnu same day — mixed emotions bro",1
"Balayya movie review: 'logic ledu' — fans: 'logic antee em broo, emotion chuso'",1
"group chat lo message chesadu, everyone read, no reply — ghost protocol activate avnu",1
"Gopi cheppadu results midnight lo vasthay ani, wait chesamu",0
communication clearly cheyyadam professional bank manager ki essential skill undhi,0
Kukatpally lo infrastructure improve avvunu last few years lo slowly,0
"Babu cheppadu today class undy ani, nenu attend chesanu",0
"reels chusanu '5 mins' ani, 2 hours poindi — time travel broo only downward",1
"Teja college lo attendance leduu bru, but amma tho 'daily velthunna' antadu — technically leduu kaadaa",1
communication clearly cheyyadham professional contractor ki essential skill undy,0
"okaa bite idli tinnanu, finish avnu entire plate — portion control failed brooo",1
"today DBMS lab session undii, experiment complete chesdu",0
"client call lo internet edu avvunu, reschedule chesanu — wifi excuse broo",1
"reel lo easy recipe chesanu, nenu try chesanu, disaster avvunuu — videos lie brow",1
nenu Ganesh tho Madhapur meet avunuu ani plan chesadhu,0
software jobs chaala undoo Gachibowli lo young graduates ki,0
exam lo Nani pray chesdu 'God MCQ lo A avvani cheyyadham' — very specific prayer bru,1
"office coffee machine broken avnu, entire team productivity zero — dependency confirmed bru",1
"Deepak selfie 50 teesadu, okka post chesaadhu, 2 likes vasindi — effort vs result gap bru",1
Vijay cheppdu new WhatsApp download chesanu try cheyyi ani,0
"commentary lo 'magnificent shot' anti, camera replay chesaadhu, edge undii — commentary lying brooo",1
"Tadipatri lo different areas undi, each area different culture undi",0
"babai cheppadu 'Gopi ni chuso challaa undii' — Gopi fail avunu brow, different level inspiration",1
"long distance relationship undie, calls chaalaa undy, meet avnu — bills only growing haha",1
"new restaurant undi, expensive menu chusaka water only order chesanu — budget dining brooo",1
chelli adugutundi 'nuvvuu ekkado vellav?' nenu: exam. chelli: pass avutava? — motivating brooo,1
"naa gate ki cycle lo daily velthunna, time avvunuu chala",0
"online exam lo Sekhar tab switch chesadhu, 'suspicious activity' alert vasindi — edu bro just water taaganiki vellanu",1
"Karimnagar lo new IT park build avutundi, jobs increase avnu anukuntunna",0
"India win avvunuu, Santosh bike lo celebrate chesadu — okka run ki overreact avunuu bru",1
"nenu sambar tinnanu, chaallu undhi anukunta",0
"professor cheppadu 'attendance mandatory', Mahesh proxy pettadu, professor ne proxy ichadu — full circle brooo",1
"Munna Bhavana kosam environmental science study chesadu, Bhavana different section lo undii — wasted effort",1
healthy ga undadam ki coconut rice tho balanced diet maintain avvunuu,0
algorithms nerchukovadam career ki important undoo anukuntaa,0
"morning 6 ki alarm, snooze, 7 ki alarm, snooze, 9 ki ammaaa voice — most effective alarm broo",1
"nenu today Mehdipatnam ki Splendor lo vellanu, challaa time avvunu",0
Ganesh chepadu new GPay download chesanu try cheyyi ani,0
Anil library lo discrete maths chadduvutunnadu evening daka,0
"reels chusanu '5 mins' ani, 2 hours poindi — time travel bru only downward",1
Vizag lo weather chaallu hot ga undy summers lo generally,0
"Teja Facebook lo 'checking in' everywhere pettadu, ammaaa ki location track avvunu — backfire broh",1
"ex vasindi message 'how are you' ani, nenu ML fail avutunna — great timing brow",1
"nenu roti tho dinner chesamu family tho, challaa undii",0
"Nitesh cheppaadu Tenali ki vellaadani, nenu kudaa veltanu annanu",0
TOC prepare avvadam ki daily consistent practice important undi,0
"rain start avvunuu — naa umbrella room lo undi, nenu Rajahmundry middle lo undy",1
Machilipatnam chaala develop avutundi last few years lo,0
software jobs chala undhi Karimnagar lo young graduates ki,0
Raju placement cell lo DBMS class attend chesaadu morning lo,0
"coconut rice traditional Warangal dish undoo, festivals lo prepare avnu",0
"nenu Dharani tho English group study chesaadu, helpful avvunu",0
"promotion vasindi — title change avvunuu, work increase avvunuu, salary same — congrats brow",1
"new joiner vasadu, nenu senior ani feel avunu, nenu kudaa confused undi — leading the lost broo",1
"Twitter lo argument chesadu Babu, 200 replies vasindi, everyone against — ratio avunu bro",1
regular exercise chaalaa important undy long term health ki,0
"Manoj cheppadu results midnight lo vasthay ani, wait chesamu",0
Arun Narasaraopet lo pharmacist ga work chestunnadu currently,0
"Rahul cheppadu results afternoon lo vasthay ani, wait chesamu",0
Narasaraopet lo okka new CRED office open avvunu this month,0
relationship status: digital circuits tho — at least it needs me broo W move,1
"crush same data mining class lo undy, nenu rojuu attend chesanu — subject ledhu bro attendance reason different",1
"night mess lo egg rice extra undii, Anil 5 plates tinnadu — bulk season bro",1
"Machilipatnam chaallu big city undie, population chaala undy currently",0
"India World Cup win chesadhu, nenu digital circuits fail avunu same day — mixed emotions brow",1
"nenu Sanjay tho physics doubts discuss chesanu, clear avunuu finally",0
"Guntur climate chala hot summers lo, monsoon better ga undy",0
"warden room check chesaadhu, Teja room clean chesadu first time — inspection effect bro",1
"new hospital LB Nagar lo open avutundi next month, facilities chaalaa undoo",0
communication skills important undie any doctor ki,0
"hostel cricket lo Ajay out avnu, 'no ball' ani argue chesaadu — classic denial",1
Kadapa lo infrastructure improve avunu last few years lo slowly,0
Mani chepadu new Flipkart download chesanu try cheyyi ani,0
Venu canteen lo DSA class attend chesadu morning lo,0
"nenu gongura rice tinnanu, chaalaa undhi anukuntunna",0
"amma cooking chesthu undhi, nenu help cheyydam try chesanu — 'nuwu poni chadduvuko' annadi",1
"cooking chesadhu, taste check chesanu, taste check again — by end poori ledhu brow",1
Warangal lo road expansion project start avvunu this month,0
microprocessors nerchukovadam career ki important undhi anukunde,0
Ongole lo weather chala hot ga undy summers lo generally,0
"villain 1000 cr spend chesadu plan ki, hero oka punch lo finish — ROI zero broo",1
"Bhai exam hall lo calculator teesukochadu, ML lo calculations leduu — prepared for wrong subject",1
"fantasy cricket lo Mohammed Siraj select chesaadhu, zero points vasindi — real game different brooo",1
regular exercise chaala important undoo long term health ki,0
"chutney chesthu undy ammaaa, nenu taste chesanu, 'chaalaa undii' annanu — chef appreciation broo",1
"traffic lo Kurnool lo okaa hour stuck, GPS '2 mins away' antu undi — GPS lying broh",1
"amma 'oka IAS officer ni chadi set avutav' antee, nenu still discrete maths clear cheyyalekapotunna",1
"government politician recruitment notification release avunu, applications start avunu",0
"power cut avunu, phone charge ledu, powerbank ledhu — darkness in every way brooo",1
"babai cheppadu 'Lokesh ni chuso challaa undi' — Lokesh fail avunuu bro, different level inspiration",1
"long distance relationship undie, calls challa undie, meet avnu — bills only growing",1
"Deepika chepindi notes share cheyyi ani, share chesanu",0
networks concepts chala important undy software engineering ki,0
"propose chesanu WhatsApp lo, Zara blue tick chesaadhu, reply laedu — left on read forever broh",1
"Venu college ki late vasthe professor 'reason?' adugadu, 'ammgaru chesindi late' annadu — universal excuse",1
dal rice preparation method different ga undy different regions lo,0
"new joiner vasadu, nenu senior ani feel avvunu, nenu kooda confused undy — leading the lost bru",1
"new flyover Rajahmundry lo ready avunu next month, traffic ease avvunuu anukunde",0
"traffic lo Rajahmundry lo okka hour stuck, GPS '2 mins away' antu undoo — GPS lying brow",1
Kadapa lo new college open avutundi engineering courses tho,0
"new startup Anantapur lo start avunuu, local architect opportunities create avunuu",0
"naa engineering drawing professor chaala fast brooo, notes laedu, brain laedu, future laedu rip",1
"nenu Lucky ki cheppanu today assignment undhi ani, thanks annadu",0
"code review lo Sanjay cheppadu 'this can be optimized' — nenu rasanu, nenu embarrassed avnu",1
"rain avvunu match cancel avvunu, DLS method vasindi — nobody understands DLS broo",1
"bus timings change avvunu Gachibowli lo recently, new schedule vasindi",0
"pulihora traditional Kukatpally dish undoo, festivals lo prepare avvunu",0
"UPS undy ante power cut ledu kani, UPS battery ledu — backup of backup laedu broh",1
"generator sound undii, power back avvunu ani excited avnu, neighbour generator avunu — false hope bro",1
"naa networks notes chaala neat ga undii, exam ki neney chadduvukoledu — aesthetic > knowledge",1
"BYJU's notification off chesanu, silent mode chesaadu, still distracted avunuu — problem internal brooo",1
IAS officer avvadam chaala kaashtam kani worth it undi anukuntaa,0
"mess food challa bad undhi, complain chesamu, next day kudaa same — feedback loop leduu",1
"Surya cheppadu tomorrow Gachibowli lo program undy ani, attend chestava adugadu",0
"reel lo easy recipe chesanu, nenu try chesanu, disaster avvunu — videos lie broh",1
OOPS prepare avvadam ki daily consistent practice important undy,0
"cousin vasadu, naa room occupy chesaadu, nenu hall lo — guest rights > family rights broh",1
Srinu new Dio kinukkunnadu last month Kurnool lo,0
"night lo chapati eat chesanu, morning ki amma ki telusindi — digestive system traitor broo",1
"Mahesh chepadu Warangal ki vellaadani, nenu koodaa veltanu annanu",0
"metro lo seat dorikithe lucky day ani anukunta, next stop lo empty avunu — always like this",1
"egg rice order chesanu, delivery boy cheppaadu '5 mins', 45 mins avvunu — elastic 5 mins broo",1
"Pappu Eswari ki attu treat ichadu, Eswari friend kooda vasindi, friend ki koodaa treat ichadu — poverty begins",1
"code review lo Venu cheppadu 'this can be optimized' — nenu rasanu, nenu embarrassed avvunu",1
poori preparation method different ga undhi different regions lo,0
Lucky LB Nagar lo relatives ni chusaadaniki chesadhu weekend lo,0
teamwork skills develop avunu group projects tho anukuntaa,0
"Jadeja century chesadu, office lo koodaa celebration — productivity zero officially",1
"nenu physics notes prepare chesanu exam ki, challaa undii material",0
ammaa: nuvvu ekkada unnav? nenu: library lo. amma: mee college lo library ekado undy ra? 😭😭,1
"phone ledu chesanu '1 week', day 3 ki check chesanu — addiction certified brow",1
nenu Prasad tho Narasaraopet meet avvunu ani plan chesadu,0
"Rohit broh DSA exam ki prepare ledu, result vasthe 'paper tough undoo' ani blame chesadu",1
"Kurnool lo colleges chala undie, students everywhere undie anukuntaa",0
politician avvadam challa kaashtam kani worth it undy anukunde,0
linear algebra nerchukovadam career ki important undhi anukuntaa,0
chelli adugutundi 'nuvu ekada vellav?' nenu: exam. chelli: pass avutava? — motivating broh,1
"Gopi computer lab lo attendance leduu brow, but ammaa tho 'daily velthunna' antadu — technically ledhu kada",1
"government lawyer recruitment notification release avunu, applications start avvunuu",0
"power cut ayindhi, phone dead, fan ledu, summer — Vizag punishment level heat xd",1
"relatives adugutunnaru 'what are your plans' ani, nenu physics pass avvadam plan bro — small goals 💔",1
"power cut avunu Dilsukhnagar lo, exam night lo — God timing perfect brooo",1
"Babai adugadu which linear algebra book better ani, reference book suggest chesanu",0
"new flyover Ongole lo ready avunuu next month, traffic ease avunu anukuntaa",0
"retrospective lo 'what went wrong' adugutunnaru, everything brooo — honest answer give edu",1
mental health koodha physical health la important undii anukunde,0
"to-do list rasanu, to-do list koodaa to-do lo undy — meta productivity broh",1
"India match undoo, ML exam kudaa undie, nenu match chesanu — priorities clear brow",1
"Eluru lo new IT park build avutundi, jobs increase avvunuu anukunde",0
"YouTube lo okkka video chusanu, 3 hours tarvata okkaa click lo — algorithm trap brooo",1
"India last over lo 20 kavali, Pavan prayer start chesaadhu — sudden devotion brooo",1
"new startup Eluru lo start avnu, local nurse opportunities create avvunu",0
"restaurant bill chaallu undhi, split chesamu, nenu extra chesanu — mathematics of friendship bro",1
"Madhavi adugundi canteen ekada undi ani, direction cheppanu",0
"hostel ki ammaaa vasindi, mess food chusaka tears vasindi — maternal emotion brow",1
Deepak chepdu new PhonePe download chesanu try cheyyi ani,0
Kamal library lo OS chadduvutunnadu evening daka,0
"retrospective lo 'what went wrong' adugutunnaru, everything brow — honest answer give edu",1
"Nani cheppdu project submit chesadu ani, good annanu",0
"room mate bro early rise chesdu, alarm 5 AM ki, nenu 5 AM ki sleeping — different schedules brooo",1
"Telugu cinema industry challaa big undhi, annual revenue chaala undhi",0
"mess food chaalaa bad undy, complain chesamu, next day kooda same — feedback loop ledoo",1
"theater lo Pawan Kalyan entry scene ki claps, interval ki claps, climax ki claps — nenu snacks ki claps",1
"hostel gate closed avvunuu, Sekhar wall jump chesaadu, security undie — caught in 4K brow",1
"naa gate ki MMTS lo daily velthunna, time avunuu chala",0
"hostel cricket lo Ganesh out avunuu, 'no ball' ani argue chesdu — classic denial",1
"Mahesh exam hall lo calculator teesukochadu, microprocessors lo calculations edu — prepared for wrong subject",1
"Amazon Prime lo garelu 50% off undi, order chesanu, delivery charge 100 rs — discount illusion bro",1
"Naidu auditorium ki late vasthe professor 'reason?' adugadu, 'amma chesindi late' annadu — universal excuse",1
"Padma story pettindi, nenu first viewer avnu — stalker ledoo bro just coincidence wait what",1
"Shubman Gill out avunuu, entire India silent avunu — national moment of grief",1
TOC nerchukovadam career ki important undoo anukunta,0
parotta chaalaa healthy option undhi daily diet lo,0
"Josh lo gulab jamun 50% off undii, order chesanu, delivery charge 100 rs — discount illusion bro",1
"Instagram lo life challaa undie, real lo meet avunu — filter world different broo",1
"Virat Kohli century chesadu, office lo kooda celebration — productivity zero officially",1
"Jyothi cheppindhi notes share cheyyi ani, share chesanu",0
English nerchukovadam career ki important undoo anukunta,0
"naa life Vijay Deverakonda movie la undi — interval ki twist, climax ki logic laedu broh",1
today midnight lo Anil Gachibowli ki Dio lo vellaadu,0
"Instagram lo life challaa undi, real lo meet avunu — filter world different broo",1
linear algebra concepts chala important undie software engineering ki,0
"amma cooking chesthu undii, nenu help cheyydam try chesanu — 'nuvvuu poni chadduvuko' annadi haha",1
pappu preparation method different ga undy different regions lo,0
"commentary lo 'magnificent shot' ante, camera replay chesdu, edge undie — commentary lying bru",1
"bus timings change avvunuu Ongole lo recently, new schedule vasindi",0
"long distance relationship undhi, calls chala undhi, meet avvunuu — bills only growing",1
chelli adugutundi 'nuvuu ekkada vellav?' nenu: exam. chelli: pass avutava? — motivating bru,1
today midnight lo Mahesh Eluru ki truck lo vellaadu,0
"professor cheppadu 'attendance mandatory', Sanjay proxy pettadu, professor ne proxy ichadu — full circle bru",1
OOPS concepts chala important undy software engineering ki,0
government schemes challaa undhi students ki Vijayawada lo,0
"naa AI paper lo okkka question kadu telivindi, kani confident ga avvunu rasa — confidence broh not knowledge",1
naa data mining marks chusaka okka nimisham silent ga undi — grief kaadhu pure shock broo,1
"India batting collapse avunuu, nenu TOC notes rasanu — parallel disasters broh",1
"Dharani story pettindi, nenu first viewer avvunuu — stalker laedu bro just coincidence",1
"Jasmine chepindi exam postpone avvunu ani, relief avunuu",0
today Monday lo Venu Nellore ki Ola lo vellaadu,0
"retrospective lo 'what went wrong' adugutunnaru, everything bru — honest answer give ledoo",1
"hero bike stunt chesadhu, Ramesh try chesadu — bike undoo, Ramesh hospital lo undhi",1
Suma adugindi 'emaina special undoova nalo?' — nenu ML notes rasaanu simultaneously,1
"Vijay Deverakonda dialogue Nani reading room lo use chesaadu, professor appreciate chesdu — cinema education works",1
"Nani selfie 50 teesadu, okaa post chesadu, 2 likes vasindi — effort vs result gap bro",1
"retrospective lo 'what went wrong' adugutunnaru, everything bro — honest answer give leduu",1
environmental science interesting subject undy naa opinion lo,0
"nenu butter chicken tinnanu, challaa undi anukuntaa",0
Nellore chala develop avutundi last few years lo,0
"appraisal lo 'exceeds expectations' annadu boss, hike 3% vasindi — expectations lo gap broh",1
"Haritha adugundi canteen ekkadoo undii ani, direction cheppanu",0
"Nani cheppadu tomorrow Rajahmundry lo program undy ani, attend chestava adugadu",0
Varun Tej interview lo 'fans my strength' annadu — fans hearing this: power up avnu,1
"naa discrete maths valla discrete maths miss ayindi, discrete maths valla discrete maths miss ayindy — perfect planning lmao",1
"metro lo seat dorikithe lucky day ani anukunta, next stop lo empty avunu — always like this XD",1
"online lo Priya profile photo chaalaa undie, real lo meet avvunuu — filter technology peak level broo",1
"power cut ayindhi, phone dead, fan ledoo, summer — Ongole punishment level heat gg",1
"government designer recruitment notification release avunu, applications start avunu",0
Chirala lo IT sector chala grow avutundi past decade lo,0
"performance review lo self assessment rasanu, manager overwrite chesaadu — useless exercise bru",1
professor 'open book exam' antey Ganesh library motham bag lo pettukochadu,1
"attha illu vacchindi, ammgaru cleaning started 6 AM — natural disaster alert 🤣",1
"Shubman Gill interview lo Telugu lo chepdu, nenu proud avunu — cultural representation broh",1
reading habit chala useful undi long term lo anukuntunna,0
"Telugu language chaala old language undie, rich literature undy",0
"hostel mess lo dosa undi, canteen lo dosa undie, outside lo dosa undie — dosa universe bru",1
"water filter ledoo, bottle water kinukkunnamu — monthly halwa budget lo cut avutundi bro",1
"match undie ani amma ki chepadu, 'leduu study cheyyi' annadi — different priorities",1
match tension lo poori ledu tinnanu — superstition eating brow,1
"Jasmine chepindhi library books return date vasindi ani, return chesanu",0
"water filter ledhu, bottle water kinukkunnamu — monthly coconut rice budget lo cut avutundi bru",1
"nenu networks notes prepare chesanu exam ki, challa undhi material",0
"new startup Dilsukhnagar lo start avnu, local professor opportunities create avvunuu",0
"nenu Swathi ki cheppanu class time change avvunuu ani, okay annadi",0
"naa statistics notes chala neat ga undoo, exam ki neney chadduvukoledu — aesthetic > knowledge",1
"Ramu adugadu which ML book better ani, reference book suggest chesanu",0
"commentary lo 'magnificent shot' ante, camera replay chesaadu, edge undie — commentary lying broh",1
Mani exam hall lo DSA class attend chesadhu morning lo,0
teamwork skills develop avvunu group projects tho anukuntunna,0
"Deepak cheppdu Bhimavaram ki vellaadani, nenu koodaa veltanu annanu",0
Machilipatnam challaa develop avutundi last few years lo,0
water sufficient ga taagadam daily health ki essential undie,0
"naa DBMS valla software engineering miss ayindhi, software engineering valla DBMS miss aayindi — perfect planning",1
"retrospective lo 'what went wrong' adugutunnaru, everything broo — honest answer give ledu",1
"Girish Facebook lo 'checking in' everywhere pettadu, ammaaa ki location track avnu — backfire broh",1
"last ball lo 6 kavali, Rahul TV off chesaadhu — cannot witness the end broo",1
"cricket prediction chesanu, wrong avunuu, always — analyst career ledu brooo",1
software jobs chaallu undie Warangal lo young graduates ki,0
government 'smart city' anti Kadapa lo metro ki roads ledoo — very smart planning brooo,1
"new hospital LB Nagar lo open avutundi next month, facilities chaalaa undy",0
"night lo pappu eat chesanu, morning ki amma ki telusindi — digestive system traitor brow",1
"naa economics notes chaallu neat ga undy, exam ki neney chadduvukoledu — aesthetic > knowledge",1
"metro lo seat dorikithe lucky day ani anukunta, next stop lo empty avvunuu — always like this",1
Anantapur lo IT sector challaa grow avutundi past decade lo,0
"new startup Adoni lo start avnu, local contractor opportunities create avvunu",0
"movie lo villain chaala smart undy, hero okaa scene lo defeat chesaadhu — audience: wait what",1
chemistry research field chala active undii currently globally,0
"Charan LinkedIn lo 'open to work' pettadu, recruiter ledu, relatives vasindi — wrong platform response",1
"NTR movie review: 'logic ledoo' — fans: 'logic anti em brooo, emotion chuso'",1
"Shubman Gill interview lo Telugu lo cheppaadu, nenu proud avunuu — cultural representation brow",1
"Manoj assignment last minute chesadhu, font 16, margins wide, 3 pages done — engineering at its peak",1
"Telugu language challa old language undie, rich literature undie",0
"Lokesh cheppadu results evening lo vasthay ani, wait chesamu",0
"Amulya cheppindi exam postpone avunu ani, relief avvunuu",0
"Telugu cinema industry chaallu big undy, annual revenue chaallu undii",0
"Karimnagar climate chaala hot summers lo, monsoon better ga undie",0
"nenu Naga ki cheppanu class time change avunu ani, okay annadi",0
"ATM ki poina cash ledoo, UPI try chesanu network ledhu — broke in every possible way no cap",1
online learning convenient ga undie anukunde most students ki,0
"ammaaa cooking chesthu undoo, nenu help cheyyatam try chesanu — 'nuvvu poni chadduvuko' annadi fr fr",1
"Tejaswi chepindhi notes share cheyyi ani, share chesanu",0
"Yashasvi Jaiswal interview lo Telugu lo cheppaadu, nenu proud avvunu — cultural representation bru",1
"nenu Hotstar lo payment chesadhu bill ki, easy ga undoo",0
Manoj cheppdu new Dunzo download chesanu try cheyyi ani,0
"government architect recruitment notification release avvunuu, applications start avunuu",0
"Dinesh exam hall lo calculator teesukochadu, DBMS lo calculations ledu — prepared for wrong subject 😂",1
"Surya LinkedIn lo 'open to work' pettadu, recruiter ledu, relatives vasindi — wrong platform response",1
"crush same management class lo undii, nenu rojuu attend chesanu — subject ledhu bro attendance reason different",1
"nenu pesarattu tho dinner chesamu family tho, challaa undi",0
work from home easy ante — Teja amma background lo rasam chesthu meeting lo,1
digital circuits research field chaallu active undie currently globally,0
"mess fried rice bad undii, outside fried rice expensive undi, amma fried rice perfect undhi — home truth",1
"Priya cheppindhi exam postpone avunu ani, relief avunuu",0
"Telugu language chaala old language undii, rich literature undy",0
Rakesh Rajahmundry lo MLA ga work chestunnadu currently,0
"egg rice healthy ani chaddivanu, oil lo fry chesanu — healthy intent unhealthy execution brow",1
nanaaa smartphone istE WhatsApp lo naa result forward chesaadu relatives ki — appreciated leduu broh,1
Dilsukhnagar lo infrastructure improve avunuu last few years lo slowly,0
communication skills important undoo any trader ki,0
"new startup Hyderabad lo start avnu, local MP opportunities create avunuu",0
"IPL season lo maths study edu, exam results reflect avnu — cricket education bro",1
"rain start avvunuu — naa umbrella room lo undie, nenu Kadapa middle lo undoo 😭😭",1
Kurnool chala develop avutundi last few years lo,0
"naa software engineering notes challaa neat ga undie, exam ki neney chadduvukoledu — aesthetic > knowledge",1
Nellore lo IT sector chala grow avutundi past decade lo,0
"Vijayawada climate challaa hot summers lo, monsoon better ga undy",0
Vizag lo weather challa hot ga undi summers lo generally,0
ML research field challa active undie currently globally,0
"Twitter lo argument chesdu Naidu, 200 replies vasindi, everyone against — ratio avnu brooo",1
"nanna WhatsApp lo 'good morning' message forward chesadu, nenu reply ledoo chesanu — generational gap",1
Kukatpally lo IT sector chaallu grow avutundi past decade lo,0
"engineering colleges chaallu undoo Telangana lo, competition kudaa chala",0
"amma parotta chesadu, nenu 'chaala undi' annanu — edu, pure diplomacy brooo",1
"nanaaa WhatsApp lo 'good morning' message forward chesaadhu, nenu reply ledu chesanu — generational gap",1
"chicken curry traditional LB Nagar dish undhi, festivals lo prepare avnu",0
"Lakshmi chepindi notes share cheyyi ani, share chesanu",0
Secunderabad lo IT sector chaalaa grow avutundi past decade lo,0
"hostel gate closed avnu, Dinesh wall jump chesdu, security undie — caught in 4K broo",1
engineering chaallu popular course undie Andhra Pradesh lo,0
"Farida cheppindhi tomorrow test undoo networks lo ani, prepare avunu",0
"Pawan Kalyan movie trailer challaa undy ani 4 tickets kattanu, movie logic ledu — trailer cheated broh",1
"traffic lo Karimnagar lo okkka hour stuck, GPS '2 mins away' antu undii — GPS lying brow",1
"Roposo notification off chesanu, silent mode chesaadu, still distracted avvunuu — problem internal brow",1
"new startup Tenali lo start avvunuu, local MP opportunities create avunuu",0
"office lunch lo rasgulla undy, nenu Josh order chesanu — mess food bypass bro",1
"state lo rainfall challaa undoo this monsoon season, reservoirs full avvunu",0
"nenu today Eluru ki MMTS lo vellanu, chaala time avunuu",0
reading habit chaalaa useful undy long term lo anukuntaa,0
"alarm 5 AM ki pettanu 'productive avutanu' ani, snooze chesanu 6 times — productivity achieved broo",1
state budget lo education ki more funds allocate chesaadu this year,0
"Yashasvi Jaiswal out avnu, entire India silent avunuu — national moment of grief",1
"new hospital Ongole lo open avutundi next month, facilities chaalaa undie",0
"Suresh cheppadu tomorrow Eluru lo program undhi ani, attend chestava adugadu",0
vada preparation method different ga undi different regions lo,0
"Deepika cheppindi 'just be yourself' ani, nenu myself avunuu undi, works leduu brooo — bad advice",1
"commentary lo 'magnificent shot' antaa, camera replay chesaadhu, edge undi — commentary lying bro",1
"nenu Mounika tho linear algebra group study chesdu, helpful avunuu",0
Munna Proddatur lo engineer ga work chestunnadu currently,0
Prasad Rajahmundry lo relatives ni chusaadaniki chesaadhu weekend lo,0
"Telugu cinema industry chaala big undy, annual revenue chaala undi",0
"relatives adugutunnaru 'what are your plans' ani, nenu statistics pass avvadam plan brow — small goals",1
today evening lo Sekhar Rajahmundry ki Royal Enfield lo vellaadu,0
today afternoon lo Sunil Hindupur ki tractor lo vellaadu,0
"new flyover Hyderabad lo ready avunuu next month, traffic ease avnu anukuntaa",0
"hostel mess lo noodles undie, canteen lo noodles undhi, outside lo noodles undie — noodles universe brooo",1
"power cut avvunu, phone charge leduu, powerbank ledhu — darkness in every way broh",1
"code review lo Munna cheppadu 'this can be optimized' — nenu rasanu, nenu embarrassed avunu",1
"nenu Ishani ki cheppanu class time change avnu ani, okay annadi",0
"Amulya 'nuvvuu change avvali' annadi, Lokesh hairstyle change chesadhu — nenu try chesanu broh",1
"mail ki 'as per my last mail' chesdu, war started avvunu — corporate battlefield broh",1
"professor cheppadu 'attendance mandatory', Sanjay proxy pettadu, professor ne proxy ichadu — full circle brooo",1
"nenu Instagram lo payment chesaadhu bill ki, easy ga undy",0
"Tadipatri chaala big city undi, population chaallu undie currently",0
"Amulya cheppindi exam postpone avunu ani, relief avunuu",0
"nenu Bhaskar tho algorithms doubts discuss chesanu, clear avvunu finally",0
Guntur lo weather challaa hot ga undi summers lo generally,0
"nenu Madhavi ki cheppanu class time change avunu ani, okay annadi",0
"nenu dosa tho dinner chesamu family tho, challaa undi",0
"Suresh chepdu project submit chesaadhu ani, good annanu",0
"naa networks paper lo okka question kadu telivindi, kani confident ga avnu rasa — confidence bro not knowledge",1
"Munna broh English exam ki prepare leduu, result vasthe 'paper tough undy' ani blame chesaadu",1
"chutney traditional Tadipatri dish undhi, festivals lo prepare avnu",0
"naa phone battery chaalaa fast poothundi, relationships kanna faster certified L",1
"restaurant bill chaalaa undii, split chesamu, nenu extra chesanu — mathematics of friendship bro",1
Andhra Pradesh lo agriculture important sector undhi economy ki,0
Vijayawada lo transport options improve avunu metro tho,0
"nenu DSA notes prepare chesanu exam ki, chaala undi material",0
"nenu Jyothi ki cheppanu class time change avunu ani, okay annadi",0
"diet chesaadhu, results edu, pongal eat chesaadu, results edu — same outcome different happiness",1
"bus timings change avvunuu Tirupati lo recently, new schedule vasindi",0
nenu Rajesh tho Hindupur meet avunu ani plan chesadhu,0
"naa post lo 100 likes vasindi, Pappu cheppaadu 'paid promotion avnu' ani — jealousy speaks brow",1
"jalebi traditional Secunderabad dish undy, festivals lo prepare avnu",0
"nenu Naga tho physics group study chesaadhu, helpful avunu",0
"online class lo professor 'unmute avvandi' antaa — 50 fans, 10 dogs, 5 ammaaa voices 😭😭",1
"government CA recruitment notification release avunu, applications start avvunu",0
"akka result vasindi, ammgaru sweets chesindi, naa result vasindi, amma fasting chesindi — clear bias",1
"Allu Arjun new movie announce ayindy, fans excited avnu, nenu DBMS exam tension lo undii — different worlds",1
"nenu dosa try chesanu first time, okay ga undy",0
CN research field challaa active undii currently globally,0
Rohit Madhapur lo collector ga work chestunnadu currently,0
discrete maths nerchukovadam career ki important undhi anukuntaa,0
"Karimnagar lo colleges chala undi, students everywhere undii anukuntaa",0
software jobs chala undoo Guntur lo young graduates ki,0
"midnight hunger avunu, YouTube open chesanu, Tadipatri delivery ledhu — location punishment bru",1
"new startup Adoni lo start avvunuu, local bank manager opportunities create avvunu",0
discrete maths research field challa active undhi currently globally,0
"bag pack chesanu trip ki, okka thing forget chesadu, charger — always the charger",1
"diet start chesanu — gongura rice chusaka cancel avvunuu, health is wealth but food is life bro",1
Vijayawada lo weather chaalaa hot ga undii summers lo generally,0
"YouTube lo okaa video chusanu, 3 hours tarvata okkaa click lo — algorithm trap broo",1
"Tarun cheppadu project submit chesdu ani, good annanu",0
"night lo punugulu eat chesanu, morning ki ammaa ki telusindi — digestive system traitor bro",1
"commentary lo 'magnificent shot' ante, camera replay chesaadu, edge undoo — commentary lying brooo",1
data scientist avvadam chaala kaashtam kani worth it undoo anukuntunna,0
"nenu Suresh ki networks concept explain chesanu, understood annadu",0
"new hospital Hyderabad lo open avutundi next month, facilities chaallu undhi",0
"Anil Facebook lo 'checking in' everywhere pettadu, ammaa ki location track avvunu — backfire bro",1
Tejaswi adugindi 'emaina special undiva nalo?' — nenu networks notes rasaanu simultaneously,1
match tension lo curd rice leduu tinnanu — superstition eating brooo,1
"engineering colleges chaalaa undie Telangana lo, competition kuda chaalaa",0
"Narasaraopet lo different areas undy, each area different culture undie",0
reading habit chaalaa useful undii long term lo anukuntaa,0
Bhimavaram lo real estate prices increase avnu last year lo,0
"naa maths professor challaa fast broh, notes ledhu, brain ledhu, future laedu",1
"government engineer recruitment notification release avunuu, applications start avvunuu",0
"Suresh Farida kosam TOC study chesadu, Farida different section lo undy — wasted effort legend",1
"engineering colleges chala undi Telangana lo, competition kooda challaa",0
Abhi college lo chemistry class attend chesadhu morning lo,0
"egg rice traditional Kukatpally dish undi, festivals lo prepare avnu",0
"room mate bru light 2 AM daka chestunnadu, exam ledu, YouTube undie — dedication wrong place",1
"YouTube notification off chesanu, silent mode chesdu, still distracted avvunu — problem internal bru",1
"cricket prediction chesanu, wrong avunu, always — analyst career leduu bro",1
"nenu Meena ki cheppanu class time change avunuu ani, okay annadi",0
"Mohammed Siraj form bad undie, drop cheyyi antaa, fans: 'he is legend' — unconditional support",1
Surya today environmental science assignment submit chesaadhu on time,0
curd rice health benefits challa undi nutritional value tho,0
Bhai new metro kinukkunnadu last month Kurnool lo,0
resume lo relevant digital circuits skills clearly mention cheyyadam important,0
"morning attu breakfast ki chesamu, amma chesaadu today",0
"poori traditional Madhapur dish undi, festivals lo prepare avvunuu",0
"hero bike stunt chesaadhu, Rakesh try chesaadhu — bike undhi, Rakesh hospital lo undi wait what",1
"Mohammed Siraj century chesadhu, office lo kooda celebration — productivity zero officially",1
match tension lo coconut rice ledhu tinnanu — superstition eating broh,1
"naa discrete maths class midnight lo undoo, attend chesanu",0
DBMS concepts chaalaa important undoo software engineering ki,0
"movie lo hero okkaa song lo 5 countries lo dance chesaadu, nenu okka Madhapur bus stop daataledu",1
"night lo curd rice eat chesanu, morning ki amma ki telusindi — digestive system traitor brow",1
"villain 1000 cr spend chesaadu plan ki, hero okka punch lo finish — ROI zero broh",1
"hostel ki ammaa vasindi, mess food chusaka tears vasindi — maternal emotion brooo",1
"long distance relationship undi, calls chaallu undi, meet avvunuu — bills only growing",1
"new hospital Secunderabad lo open avutundi next month, facilities chaalaa undoo",0
"movie lo villain chaalaa smart undoo, hero okkka scene lo defeat chesaadu — audience: wait what",1
"nenu Vani ki wish chesanu exam ki, all the best annadi",0
"Sai Tej movie review: 'logic laedu' — fans: 'logic antaa em bru, emotion chuso'",1
"nenu Arun ki OOPS concept explain chesanu, understood annadu",0
professor 'open book exam' antey Girish library motham bag lo pettukochadu,1
"internals lo Deepak ki 9/30 vasthe 'grace marks' antadu, grace means 9 ye broh",1
"Chintu Instagram bio lo 'entrepreneur' pettadu, venture ledhu — aspirational lying brow",1
engineering chaala popular course undoo Andhra Pradesh lo,0
Surya Nellore lo relatives ni chusaadaniki chesaadhu weekend lo,0
government schemes challa undhi students ki Narasaraopet lo,0
"morning 6 ki alarm, snooze, 7 ki alarm, snooze, 9 ki ammaa voice — most effective alarm bro",1
"engineering colleges challa undi Telangana lo, competition kudaa challa",0
"long distance relationship undie, calls chaalaa undi, meet avunu — bills only growing xd",1
sambar preparation method different ga undhi different regions lo,0
"night mess lo chapati extra undie, Naveen 5 plates tinnadu — bulk season brooo",1
online learning convenient ga undy anukunta most students ki,0
Machilipatnam lo road expansion project start avvunuu this month,0
government 'smart city' antey Kadapa lo Splendor ki roads ledu — very smart planning brooo,1
"retrospective lo 'what went wrong' adugutunnaru, everything broh — honest answer give ledhu",1
"new startup Ongole lo start avnu, local MLA opportunities create avvunuu",0
"Usha cheppindhi library books return date vasindi ani, return chesanu",0
"Teja deadline miss chesaadu, 'estimation ga chesanu' annadu — estimation = guess confirmed broo",1
"India win avvunu, Ajay bike lo celebrate chesadu — okka run ki overreact avvunuu brow",1
"Kiran deadline miss chesadhu, 'estimation ga chesanu' annadu — estimation = guess confirmed brow",1
"today algorithms lab session undii, experiment complete chesadhu",0
"nenu punugulu tinnanu, chaalaa undoo anukuntaa",0
Munna Chirala lo relatives ni chusaadaniki chesadhu weekend lo,0
"Arun Eswari tho first date ki Proddatur lo gongura rice tinnaru, bill split chesadhu — modern love",1
"Gopi assignment last minute chesadu, font 16, margins wide, 3 pages done — engineering at its peak",1
"naa economics class night lo undii, attend chesanu",0
"Nani cheppadu today class undoo ani, nenu attend chesanu",0
software jobs challaa undy Tenali lo young graduates ki,0
OOPS okkaa important branch undy computer science lo,0
attu preparation method different ga undi different regions lo,0
electricity rates change avutunnai Nellore lo this quarter,0
"broh cheppadu 'battery saver mode lo undy' — nenu text chesanu, 3 hours tarvata reply vasindi",1
"Zara 'nuvu change avvali' annadi, Rajesh hairstyle change chesaadu — nenu try chesanu broh",1
"naa wifi challa fast undhi — speed test lo matrame, actual lo laedu brow",1
"okkaa bite punugulu tinnanu, finish avnu entire plate — portion control failed brow",1
"Anu adugundi canteen ekkada undii ani, direction cheppanu",0
Warangal challaa develop avutundi last few years lo,0
"phone ledhu chesanu '1 week', day 3 ki check chesanu — addiction certified bro",1
"gulab jamun spicy order chesanu, 'extra spicy' antey, tears vasindi — bravado backfire broh",1
"hostel gate closed avvunu, Nitesh wall jump chesdu, security undi — caught in 4K brow",1
"naa placement cell lo linear algebra class cancel ayindhi, but attendance portal lo present show avnu — glitch in the matrix",1
"nenu Lokesh ki cheppanu today assignment undie ani, thanks annadu",0
"promotion vasindi — title change avunu, work increase avunu, salary same — congrats bro",1
"theater lo Adivi Sesh entry scene ki claps, interval ki claps, climax ki claps — nenu snacks ki claps",1
library resources properly use chesukovalani chemistry better understand avvadam ki,0
"nenu Dharani tho CN group study chesaadhu, helpful avvunu",0
"Anil placement cell ki late vasthe professor 'reason?' adugadu, 'amma chesindi late' annadu — universal excuse",1
"nenu Tejaswi ki cheppanu class time change avvunu ani, okay annadi",0
online learning convenient ga undoo anukuntunna most students ki,0
"bus timings change avnu Tirupati lo recently, new schedule vasindi",0
"office coffee machine broken avvunuu, entire team productivity zero — dependency confirmed broh",1
Kiran mess lo OS class attend chesaadhu morning lo,0
"ATM ki poina cash leduu, UPI try chesanu network ledoo — broke in every possible way",1
"Farida cheppiindi tomorrow test undhi compilers lo ani, prepare avvunuu",0
Lucky library lo TOC class attend chesaadhu morning lo,0
"new startup Kukatpally lo start avvunu, local pilot opportunities create avvunuu",0
nanaaa smartphone istE WhatsApp lo naa result forward chesadu relatives ki — appreciated edu broh,1
dal rice health benefits chaallu undy nutritional value tho,0
Nitesh Vijayawada lo businessman ga work chestunnadu currently,0
data mining concepts chaallu important undhi software engineering ki,0
Kamal Dilsukhnagar lo pilot ga work chestunnadu currently,0
"Tarun adugadu which OOPS book better ani, reference book suggest chesanu",0
"hostel cricket lo Sai out avvunuu, 'no ball' ani argue chesadhu — classic denial",1
nenu Nitesh tho Kadapa meet avvunu ani plan chesaadhu,0
"propose chesanu WhatsApp lo, Bindu blue tick chesaadhu, reply leduu — left on read forever bro",1
"group project lo Chintu okaa slide chesadu, presentation day lo nenu explain chesanu — Chintu ekkada undhi 🥲",1
"crush same DBMS class lo undy, nenu rojuu attend chesanu — subject leduu bro attendance reason different",1
government 'smart city' antee Guntur lo cycle ki roads ledoo — very smart planning broh,1
"naa post lo 100 likes vasindi, Munna chepadu 'paid promotion avvunu' ani — jealousy speaks brooo",1
Mehdipatnam lo infrastructure improve avvunuu last few years lo slowly,0
library resources properly use chesukovalani data mining better understand avvadam ki,0
"work life balance undhi ani join chesadhu, 10 PM mail vasindi — balance means different things brow",1
"'gym join chestanu' ani January 1 ki fee kattanu, January 5 ki forget avvunuu — annual tradition",1
"Suma 'nuwu change avvali' annadi, Lokesh hairstyle change chesaadu — nenu try chesanu brooo",1
fried rice preparation method different ga undi different regions lo,0
"cousin vasadu, naa room occupy chesaadu, nenu hall lo — guest rights > family rights bro",1
"morning rasam breakfast ki chesamu, ammaa chesaadu today",0
"naa discrete maths notes chala neat ga undy, exam ki neney chadduvukoledu — aesthetic > knowledge",1
"appraisal lo 'exceeds expectations' annadu boss, hike 3% vasindi — expectations lo gap bro",1
Gandu hostel lo microprocessors class attend chesdu morning lo,0
Lokesh gate lo OS class attend chesdu morning lo,0
"team outing undii, Nani leave chesadu — anti-social professional bru",1
"Hyderabad lo new IT park build avutundi, jobs increase avunuu anukunta",0
"Tadipatri lo new IT park build avutundi, jobs increase avvunu anukunde",0
"Padma chepindhi library books return date vasindi ani, return chesanu",0
Tenali lo real estate prices increase avvunu last year lo,0
"nenu pongal try chesanu first time, okay ga undhi",0
Munna Narasaraopet lo trader ga work chestunnadu currently,0
Sunday night 11 PM ki Monday prepare avvadam start chesanu — classic procrastination bru,1
"babai cheppadu 'Bunny ni chuso chaalaa undoo' — Bunny fail avunuu broh, different level inspiration",1
Ramu Bhimavaram lo relatives ni chusaadaniki chesadhu weekend lo,0
"water filter ledoo, bottle water kinukkunnamu — monthly curd rice budget lo cut avutundi broo",1
"new hospital Rajahmundry lo open avutundi next month, facilities chala undy",0
tomato rice health benefits challa undie nutritional value tho,0
"power cut avvunuu, phone charge leduu, powerbank ledhu — darkness in every way bro",1
"Telugu cinema industry chaalaa big undoo, annual revenue chaala undie",0
"Warangal lo different areas undoo, each area different culture undy",0
teamwork skills develop avvunu group projects tho anukunta,0
Girish Gachibowli lo relatives ni chusaadaniki chesaadhu weekend lo,0
"India match undii, discrete maths exam koodaa undii, nenu match chesanu — priorities clear brow",1
Kukatpally lo weather chaallu hot ga undii summers lo generally,0
"Ongole chala big city undoo, population chaallu undhi currently",0
software jobs challa undi Hyderabad lo young graduates ki,0
"nenu Dharani ki cheppanu class time change avvunuu ani, okay annadi",0
Lucky today physics assignment submit chesdu on time,0
algorithms research field chala active undie currently globally,0
"Gayatri adugundi canteen ekkadoo undoo ani, direction cheppanu",0
public transport use cheyyadam traffic reduce avvunu pollution koodaa taginchutundi,0
"nenu mirchi bajji try chesanu first time, okay ga undii",0
OOPS research field chaala active undoo currently globally,0
"peddamma cheppindi 'Chaitra ni chuso doctor avnu' ani, Chaitra ki MBBS edu — inspiration from fiction",1
"naa hostel ki Ola lo daily velthunna, time avunu challa",0
"nenu today Kukatpally ki Jupiter lo vellanu, chaallu time avvunuu",0
"nenu idli tho dinner chesamu family tho, chaala undy",0
gulab jamun chaala healthy option undi daily diet lo,0
physics okkka important branch undhi computer science lo,0
"Ganesh cheppdu Kadapa ki vellaadani, nenu koodha veltanu annanu",0
"nenu coconut rice tinnanu, challaa undii anukuntaa",0
Rajahmundry lo okkka new GPay office open avunu this month,0
"Raju campus ki late vasthe professor 'reason?' adugadu, 'amma chesindi late' annadu — universal excuse",1
"3 months crush chesanu, Suma chepindi 'I have a boyfriend' ani day 1 lo leduu — time waste certified 💀",1
"India match undie, algorithms exam koodha undoo, nenu match chesanu — priorities clear broo",1
"water filter laedu, bottle water kinukkunnamu — monthly coconut rice budget lo cut avutundi bro",1
"Pappu assignment last minute chesadhu, font 16, margins wide, 3 pages done — engineering at its peak",1
"Prasad cheppadu tomorrow Adoni lo program undi ani, attend chestava adugadu",0
MLA ki necessary certifications obtain cheyyadam career growth ki helpful,0
"nenu paneer tinnanu, chaalaa undi anukuntaa",0
"Tejaswi chepindhi library books return date vasindi ani, return chesanu",0
"Dinesh Chaitra ki good morning text chesadu daily, read avnu reply leduu — read receipts cruelty",1
"Chaitra dp change chesdu, Venky first like chesaadu — notification ON obviously",1
"Twitter lo argument chesaadhu Chitti, 200 replies vasindi, everyone against — ratio avnu brow",1
software jobs chaala undi Kurnool lo young graduates ki,0
English basics strong avunuu antee advanced concepts easy avnu,0
Raju ground lo OOPS class attend chesdu morning lo,0
English concepts chaala important undoo software engineering ki,0
"new hospital Kukatpally lo open avutundi next month, facilities chaallu undi",0
reading habit chaala useful undoo long term lo anukunta,0
"Bumrah interview lo Telugu lo chepadu, nenu proud avvunuu — cultural representation bru",1
"peddamma cheppindi 'Swathi ni chuso doctor avunuu' ani, Swathi ki MBBS leduu — inspiration from fiction bro what",1
"theater lo Ram Charan entry scene ki claps, interval ki claps, climax ki claps — nenu snacks ki claps",1
"nannagaru cheppadu 'MLA avvali' ani, nenu cheppanu 'try chestunna' ani — 4 years same conversation brooo",1
"Manoj cheppadu today class undii ani, nenu attend chesanu",0
nenu Ravi tho Hindupur meet avvunu ani plan chesaadhu,0
"amma phone lo data ledhu, naa phone lo data ledhu, iddaru fight chesamu — poverty bonding",1
"naa data mining record okka page kooda rayaledu, submission day lo Ravi xerox shop lo undii",1
crush chepindhi 'we are just friends' ani — statistics fail kanna painful avunu broh,1
"power cut avunuu Machilipatnam lo, exam night lo — God timing perfect brow",1
"Sanjay adugadu which networks book better ani, reference book suggest chesanu",0
"Tadipatri lo new IT park build avutundi, jobs increase avunu anukuntaa",0
"morning dal rice breakfast ki chesamu, ammgaru chesadu today",0
"nenu chapati try chesanu first time, okay ga undoo",0
"Radha chepindi notes share cheyyi ani, share chesanu",0
"nenu Pappu ki microprocessors concept explain chesanu, understood annadu",0
"Nithiin movie review: 'logic laedu' — fans: 'logic ante em brooo, emotion chuso'",1
"new restaurant undoo, expensive menu chusaka water only order chesanu — budget dining broh",1
"hostel ki ammaa vasindi, mess food chusaka tears vasindi — maternal emotion broh",1
"metro lo seat dorikithe lucky day ani anukuntaa, next stop lo empty avunuu — always like this",1
"new startup Kadapa lo start avnu, local pilot opportunities create avunu",0
"Gachibowli lo different areas undie, each area different culture undie",0
"hostel curfew 10 PM, Ramu 10:01 ki vasadu — warden face priceless brow",1
chutney preparation method different ga undii different regions lo,0
Naveen new Pleasure kinukkunnadu last month Bhimavaram lo,0
CN concepts challa important undy software engineering ki,0
"bus timings change avnu Hyderabad lo recently, new schedule vasindi",0
"nenu Mohan ki environmental science concept explain chesanu, understood annadu",0
healthy ga undadam ki pongal tho balanced diet maintain avvunu,0
"Telugu cinema industry challa big undii, annual revenue chaala undy",0
"nenu today Nellore ki cab lo vellanu, challaa time avunuu",0
"Kalyani cheppiindi notes share cheyyi ani, share chesanu",0
Narasaraopet lo new metro line start avutundi next year ani announce avunu,0
LB Nagar lo okka new Swiggy office open avvunuu this month,0
"Telugu language chaallu old language undi, rich literature undy",0
"Arjun cheppdu Bhimavaram ki vellaadani, nenu koodha veltanu annanu",0
mental health kuda physical health la important undie anukunta,0
"okkka bite chutney tinnanu, finish avunu entire plate — portion control failed brooo",1
"bus timings change avvunuu Machilipatnam lo recently, new schedule vasindi",0
"Ojaswi chepindi library books return date vasindi ani, return chesanu",0
"Surya adugadu ekkada undy nuvvu ani, Vijayawada lo undhi cheppanu",0
naa DBMS marks chusaka oka nimisham silent ga undy — grief kaadu pure shock brow,1
practical knowledge challaa important undhi theoretical kanna anukuntaa,0
"pongal traditional Kukatpally dish undoo, festivals lo prepare avunuu",0
"professor cheppadu 'attendance mandatory', Kamal proxy pettadu, professor ne proxy ichadu — full circle broo",1
Tirupati lo new metro line start avutundi next year ani announce avvunu,0
auto wala 'meter ledhu' anti 3x rate adugadu — Tadipatri special experience,1
Nellore lo water supply schedule change avunuu maintenance ki,0
"halwa spicy order chesanu, 'extra spicy' anti, tears vasindi — bravado backfire broh",1
"new hospital Hindupur lo open avutundi next month, facilities chaala undhi",0
punugulu preparation method different ga undy different regions lo,0
Mehdipatnam lo real estate prices increase avunu last year lo,0
"Ojaswi dp change chesadhu, Vijay first like chesaadu — notification ON obviously",1
engineering challaa popular course undoo Andhra Pradesh lo,0
"new flyover Vizag lo ready avvunuu next month, traffic ease avvunuu anukunta",0
"KL Rahul out avvunuu, entire India silent avvunu — national moment of grief",1
"Tejaswi 'nuvuu change avvali' annadi, Rohit hairstyle change chesdu — nenu try chesanu bru",1
communication clearly cheyydam professional CA ki essential skill undy,0
"cooking chesadu, taste check chesanu, taste check again — by end paneer laedu brow",1
networks basics strong avvunu anti advanced concepts easy avvunuu,0
"Ramu cheppadu today class undie ani, nenu attend chesanu",0
Ongole lo real estate prices increase avunu last year lo,0
"movie lo hero okaa song lo 5 countries lo dance chesaadhu, nenu okkka Kukatpally bus stop daataledu",1
"Guntur lo new IT park build avutundi, jobs increase avnu anukuntaa",0
"nenu Sravani tho microprocessors group study chesaadhu, helpful avnu",0
Tadipatri lo weather chaallu hot ga undhi summers lo generally,0
"Mahesh deadline miss chesdu, 'estimation ga chesanu' annadu — estimation = guess confirmed broh",1
Rajesh Ongole lo IAS officer ga work chestunnadu currently,0
"Sunil cheppadu Eluru ki vellaadani, nenu koodaa veltanu annanu",0
"amma 'oka CA ni chadi set avutav' antaa, nenu still ML clear cheyyalekapotunna 😭😭",1
"rain start avnu — naa umbrella room lo undi, nenu Hyderabad middle lo undoo",1
"summer lo Tenali lo power cut — fan ledoo, AC ledu, life ledhu bro",1
"new startup Warangal lo start avunuu, local nurse opportunities create avunu",0
"YouTube lo oka video chusanu, 3 hours tarvata okkaa click lo — algorithm trap bru",1
Rahul Adoni lo relatives ni chusaadaniki chesaadu weekend lo,0
"Nitesh Lakshmi kosam maths study chesadu, Lakshmi different section lo undii — wasted effort",1
"Pavan cooking first time chesadhu, rasam chesanu, amma feedback: 'next time laedu chesuku' — harsh review",1
"night lo Chitti snore chesadhu, nenu headphones pettanu, battery edu, suffering begin avvunu",1
"Kurnool lo new IT park build avutundi, jobs increase avvunu anukuntaa",0
"Sharwanand movie trailer chala undi ani 4 tickets kattanu, movie logic ledu — trailer cheated brooo",1
"3 months crush chesanu, Radha chepindi 'I have a boyfriend' ani day 1 lo ledhu — time waste certified",1
"Dunzo lo parotta order chesanu '30 mins' ante — 2 hours lo vasindi, cold ga undoo",1
"Naidu Deepika ki gulab jamun treat ichadu, Deepika friend koodha vasindi, friend ki koodaa treat ichadu — poverty begins",1
"relatives adugutunnaru 'what are your plans' ani, nenu software engineering pass avvadam plan broo — small goals",1
"Telugu language chala old language undoo, rich literature undii",0
nenu Varun tho Tadipatri meet avunu ani plan chesaadu,0
"today data mining lab session undi, experiment complete chesaadu",0
"Telugu cinema industry challaa big undii, annual revenue chaala undy",0
"Bindu 'nuwu change avvali' annadi, Sunil hairstyle change chesaadu — nenu try chesanu brooo",1
"placement cell lo HR adugadu 'where do you see yourself in 5 years', Mahesh 'sleeping' annadu — honest answer",1
"mess food chala bad undi, complain chesamu, next day koodaa same — feedback loop leduu",1
"to-do list rasanu, to-do list koodaa to-do lo undie — meta productivity brooo",1
"hostel cricket lo Munna out avnu, 'no ball' ani argue chesadu — classic denial",1
"commentary lo 'magnificent shot' anti, camera replay chesaadhu, edge undoo — commentary lying brow",1
"meeting lo yawn chesanu, boss chusadu — yawn explain cheyyadham hardest thing broh",1
"villain 1000 cr spend chesaadhu plan ki, hero okaa punch lo finish — ROI zero bru",1
healthy ga undadam ki upma tho balanced diet maintain avnu,0
"last ball lo 6 kavali, Deepak TV off chesadhu — cannot witness the end brooo",1
"room mate brooo early rise chesdu, alarm 5 AM ki, nenu 5 AM ki sleeping — different schedules broh",1
naa friend NTR dialogue morning ki evening daka repeat chesadhu — method acting ledu just annoying,1
"hostel mess lo roti undi, canteen lo roti undy, outside lo roti undy — roti universe brow",1
nurse avvadam challa kaashtam kani worth it undoo anukuntunna,0
"live score check chesanu exam hall lo, invigilator chusadu — multi tasking brooo",1
Gopi Secunderabad lo youtuber ga work chestunnadu currently,0
Narasaraopet lo oka new ShareChat office open avvunuu this month,0
"Pavan Facebook lo 'checking in' everywhere pettadu, amma ki location track avnu — backfire broo",1
"morning curd rice breakfast ki chesamu, amma chesadhu today",0
"Instagram lo life chala undhi, real lo meet avunuu — filter world different bro",1
"Telugu language challaa old language undie, rich literature undie",0
resume lo relevant maths skills clearly mention cheyyadam important,0
"midnight hunger avunuu, Josh open chesanu, Mehdipatnam delivery ledoo — location punishment brow",1
"nenu gulab jamun try chesanu first time, okay ga undy",0
"internals lo Arjun ki 9/30 vasthe 'grace marks' antadu, grace means 9 ye broh",1
"movie lo villain challa smart undii, hero okkka scene lo defeat chesaadu — audience: wait what",1
"morning 6 ki alarm, snooze, 7 ki alarm, snooze, 9 ki ammaaa voice — most effective alarm brooo",1
"Gopi cheppadu results weekend lo vasthay ani, wait chesamu",0
Ramu new RTC bus kinukkunnadu last month Kukatpally lo,0
"hostel curfew 10 PM, Raju 10:01 ki vasadu — warden face priceless bru",1
"Bhaskar Mounika ki gifts icchaadu, Mounika cheppindhi 'you are like my brother' — return policy ledoo bro",1
Kadapa lo new metro line start avutundi next year ani announce avvunu,0
"Nellore lo new IT park build avutundi, jobs increase avunuu anukuntunna",0
"naa software engineering record oka page kooda rayaledu, submission day lo Dinesh xerox shop lo undy",1
DBMS prepare avvadam ki daily consistent practice important undoo,0
"Srinu Jyothi ki 'hi' text chesadu, 3 days tarvata reply vasindi — challaa busy schedule undie broh",1
lemon rice preparation method different ga undhi different regions lo,0
"new joiner vasadu, nenu senior ani feel avnu, nenu koodha confused undi — leading the lost brooo",1
professor 'open book exam' antee Mohan library motham bag lo pettukochadu,1
Vizag lo new college open avutundi engineering courses tho,0
"Kukatpally lo okkaa seat dorikithe lucky ani anukuntunna, destination ki reach avvunu — always like this",1
"Ravi computer lab lo attendance leduu brooo, but ammaaa tho 'daily velthunna' antadu — technically ledhu kadaa",1
"nenu today Hyderabad ki metro lo vellanu, chaalaa time avnu",0
engineering challaa popular course undii Andhra Pradesh lo,0
"nenu today Chirala ki metro lo vellanu, chala time avunuu",0
"Ganesh cheppadu results holiday lo vasthay ani, wait chesamu",0
"nenu Venky ki linear algebra concept explain chesanu, understood annadu",0
state budget lo education ki more funds allocate chesaadhu this year,0
ML nerchukovadam career ki important undhi anukunta,0
"Vijay Deverakonda movie lo villain chaalaa try chesadhu, hero ki okkaa scratch leduu — plot armour S tier xd",1
"nenu lemon rice try chesanu first time, okay ga undie",0
"nenu Meena tho ML group study chesadu, helpful avvunu",0
"Secunderabad lo colleges challaa undoo, students everywhere undoo anukuntaa",0
"Yamini cheppindhi library books return date vasindi ani, return chesanu",0
resume lo relevant networks skills clearly mention cheyyadam important,0
"diet start chesanu — idli chusaka cancel avnu, health is wealth but food is life bro",1
internships chala important undoo final year students ki,0
"India match undhi, discrete maths exam kooda undoo, nenu match chesanu — priorities clear brooo",1
"Venky cheppadu results holiday lo vasthay ani, wait chesamu",0
"metro lo seat dorikithe lucky day ani anukuntaa, next stop lo empty avvunuu — always like this",1
accountant ki necessary certifications obtain cheyyadam career growth ki helpful,0
"Twitter lo argument chesadu Ganesh, 200 replies vasindi, everyone against — ratio avvunuu bro",1
"Telugu cinema industry chaala big undi, annual revenue chala undi",0
"mess roti bad undhi, outside roti expensive undii, amma roti perfect undii — home truth",1
"Twitter lo argument chesadu Chitti, 200 replies vasindi, everyone against — ratio avvunu broo",1
"phone lo 1% battery, charger room lo, nenu hall lo — impossible distance bru",1
"restaurant lo menu photos chala undhi, actual plate small avunuu — food photography crimes bro",1
collector avvadam chala kaashtam kani worth it undy anukuntaa,0
group study sometimes helpful avvunu anukuntaa complex subjects ki,0
"code review lo Bhai cheppadu 'this can be optimized' — nenu rasanu, nenu embarrassed avvunuu",1
work from home easy antaa — Ganesh ammaaa background lo roti chesthu meeting lo,1
"propose chesanu WhatsApp lo, Deepika blue tick chesdu, reply ledhu — left on read forever bro",1
"work life balance undi ani join chesdu, 10 PM mail vasindi — balance means different things broh",1
"Varun reading room ki late vasthe professor 'reason?' adugadu, 'ammaa chesindi late' annadu — universal excuse",1
"Telugu cinema industry chaalaa big undi, annual revenue challa undhi",0
Mehdipatnam lo water supply schedule change avnu maintenance ki,0
Ramesh library lo compilers chadduvutunnadu evening daka,0
"hostel mess lo tamarind rice undhi, canteen lo tamarind rice undii, outside lo tamarind rice undii — tamarind rice universe bru",1
nenu Bunny tho Secunderabad meet avnu ani plan chesaadu,0
"cricket prediction chesanu, wrong avunu, always — analyst career ledu brow",1
"fantasy cricket lo Rohit Sharma select chesdu, zero points vasindi — real game different bro",1
match tension lo pesarattu edu tinnanu — superstition eating broh,1
"valentine's day ki Lucky alone undi, egg rice order chesaadu — self love era",1
"standup lo 'yesterday same, today same' annanu — honest answer bru, fired avutana anukunta",1
"Gachibowli climate chaallu hot summers lo, monsoon better ga undii",0
"propose chesanu, 'I think of you as a brother' annadi — economics result kanna worse shock broo",1
engineering challa popular course undii Andhra Pradesh lo,0
"cricket prediction chesanu, wrong avunu, always — analyst career laedu bro",1
"metro lo seat dorikithe lucky day ani anukuntaa, next stop lo empty avvunu — always like this lol",1
engineering challa popular course undi Andhra Pradesh lo,0
Mahesh library lo data mining chadduvutunnadu evening daka,0
family function lo uncle adugadu 'marks entha' ani — nannagaru topic change chesaadhu immediately,1
Anil back bench lo undii kani first bencher kanna better marks — back lo wifi strong undy kaadaa,1
nannagaru smartphone istE WhatsApp lo naa result forward chesaadu relatives ki — appreciated ledu brooo,1
"new hospital Adoni lo open avutundi next month, facilities chala undhi",0
"Srinu Naga ki 'hi' text chesadhu, 3 days tarvata reply vasindi — chaalaa busy schedule undoo bro",1
"Flipkart lo attu 50% off undie, order chesanu, delivery charge 100 rs — discount illusion broo",1
"mess lemon rice bad undii, outside lemon rice expensive undhi, amma lemon rice perfect undoo — home truth",1
"Telugu language challa old language undii, rich literature undy",0
"new startup Kurnool lo start avunuu, local data scientist opportunities create avvunu",0
"Mounika chepindi library books return date vasindi ani, return chesanu",0
"India batting collapse avvunu, nenu algorithms notes rasanu — parallel disasters bru",1
bike maintain cheyyadaniki regular service okka month ki okaa sari chesukovalani,0
"commentary lo 'magnificent shot' ante, camera replay chesaadu, edge undy — commentary lying bro",1
"Bumrah century chesadhu, office lo kooda celebration — productivity zero officially",1
Harish today digital circuits assignment submit chesadu on time,0
"3 months crush chesanu, Haritha cheppindi 'I have a boyfriend' ani day 1 lo ledu — time waste certified",1
"Deepak adugadu which TOC book better ani, reference book suggest chesanu",0
"new startup Eluru lo start avvunuu, local IAS officer opportunities create avunu",0
"restaurant bill chaallu undi, split chesamu, nenu extra chesanu — mathematics of friendship broh",1
"follow request pampanu, pending lo undie 6 months — neither yes nor no bro",1
"rasam traditional Tadipatri dish undy, festivals lo prepare avunuu",0
"Vikram Instagram bio lo 'entrepreneur' pettadu, venture ledhu — aspirational lying broo",1
"retrospective lo 'what went wrong' adugutunnaru, everything brow — honest answer give ledhu",1
"naa algorithms notes chala neat ga undhi, exam ki neney chadduvukoledu — aesthetic > knowledge",1
attu challaa healthy option undie daily diet lo,0
"Josh order cancel ayindhi, money 7 days lo refund avvunu ani cheppindi — 7 days lo naa hunger wait laedu",1
"India last over lo 20 kavali, Chitti prayer start chesaadhu — sudden devotion broo",1
"morning coconut rice breakfast ki chesamu, ammaaa chesadu today",0
"Amulya cheppindhi library books return date vasindi ani, return chesanu",0
Warangal lo okka new Amazon office open avnu this month,0
"hostel ki ammgaru vasindi, mess food chusaka tears vasindi — maternal emotion brooo",1
software engineering nerchukovadam career ki important undii anukunta,0
"Varun Instagram bio lo 'entrepreneur' pettadu, venture ledhu — aspirational lying brow",1
"Hindupur climate challa hot summers lo, monsoon better ga undoo",0
"Hyderabad climate challaa hot summers lo, monsoon better ga undie",0
"engineering colleges chaallu undii Telangana lo, competition kudaa chaala",0
Nellore lo new college open avutundi engineering courses tho,0
"hostel wifi password change avunuu, warden ki request chesadu, 'study cheyyi' annadu — classic block",1
"morning fried rice breakfast ki chesamu, ammgaru chesdu today",0
"diet chesadhu, results laedu, tomato rice eat chesadhu, results ledu — same outcome different happiness",1
Proddatur lo IT sector chaallu grow avutundi past decade lo,0
Gopi Ongole lo doctor ga work chestunnadu currently,0
naa friend Vijay Deverakonda dialogue morning ki evening daka repeat chesadhu — method acting ledhu just annoying,1
"nenu lemon rice tho dinner chesamu family tho, challaa undie",0
"Kalyan Ram new movie announce ayindii, fans excited avunu, nenu English exam tension lo undii — different worlds",1
"Kurnool chaallu big city undy, population challa undii currently",0
"power cut avvunuu Kadapa lo, exam night lo — God timing perfect broh",1
"hostel cricket lo Kiran out avnu, 'no ball' ani argue chesadhu — classic denial",1
"government software engineer recruitment notification release avvunuu, applications start avunuu",0
DSA concepts chaala important undii software engineering ki,0
pongal chala healthy option undi daily diet lo,0
"Bhaskar cheppadu tomorrow Kurnool lo program undhi ani, attend chestava adugadu",0
Rajahmundry lo weather chaallu hot ga undi summers lo generally,0
regular exercise chaallu important undy long term health ki,0
"attu chesthu undhi ammaaa, nenu taste chesanu, 'chaala undoo' annanu — chef appreciation broo",1
"new shoes vecchaanu, blister vasindi — fashion pain is real broh",1
"hero bike stunt chesadu, Venu try chesdu — bike undhi, Venu hospital lo undoo W move",1
nenu Anna tho Tirupati meet avunu ani plan chesadhu,0
government 'smart city' antee Kukatpally lo Apache ki roads ledu — very smart planning bro,1
"nenu pesarattu tinnanu, challa undie anukunde",0
electricity rates change avutunnai Vizag lo this quarter,0
"ATM ki poina cash ledu, UPI try chesanu network ledoo — broke in every possible way",1
Vikram Kadapa lo relatives ni chusaadaniki chesaadhu weekend lo,0
"curd rice order chesanu, delivery boy cheppadu '5 mins', 45 mins avvunuu — elastic 5 mins broo",1
garelu preparation method different ga undii different regions lo,0
"IPL season lo environmental science study ledu, exam results reflect avunuu — cricket education broo",1
naa friend Kalyan Ram dialogue morning ki evening daka repeat chesdu — method acting ledoo just annoying,1
"nenu paneer try chesanu first time, okay ga undhi",0
Eluru challa develop avutundi last few years lo,0
public transport use cheyyadam traffic reduce avvunuu pollution kudaa taginchutundi,0
"Telugu language chaalaa old language undy, rich literature undii",0
"butter chicken traditional Ongole dish undoo, festivals lo prepare avunuu",0
Eluru lo okkka new YouTube office open avnu this month,0
"nenu tamarind rice tho dinner chesamu family tho, chala undie",0
"restaurant bill challaa undhi, split chesamu, nenu extra chesanu — mathematics of friendship brow",1
"Arjun cooking first time chesaadu, pesarattu chesanu, ammgaru feedback: 'next time ledoo chesuku' — harsh review",1
"warden room check chesaadhu, Varun room clean chesadu first time — inspection effect brooo",1
movie lo hero love failure tarvata okaa song lo recover avunuu — real life lo years kuda ledhu gone case,1
DSA research field challaa active undie currently globally,0
"meeting lo yawn chesanu, boss chusadu — yawn explain cheyydam hardest thing bro",1
"rain start avunu — naa umbrella room lo undii, nenu Kukatpally middle lo undy",1
"Instagram lo life chaalaa undhi, real lo meet avnu — filter world different broo",1
"naa management record okkka page kooda rayaledu, submission day lo Gopi xerox shop lo undy",1
"professor cheppadu 'attendance mandatory', Lokesh proxy pettadu, professor ne proxy ichadu — full circle broo",1
"crush same algorithms class lo undhi, nenu rojuu attend chesanu — subject leduu bro attendance reason different",1
"ammaa cooking chesthu undy, nenu help cheyyatam try chesanu — 'nuvvu poni chadduvuko' annadi",1
naa friend NTR dialogue morning ki evening daka repeat chesaadhu — method acting ledu just annoying,1
"new hospital Bhimavaram lo open avutundi next month, facilities chaallu undy",0
Chitti library lo engineering drawing chadduvutunnadu evening daka,0
practical knowledge chaalaa important undhi theoretical kanna anukuntunna,0
"Gandu chepadu Kadapa ki vellaadani, nenu kudaa veltanu annanu",0
Kurnool lo okkaa new Dunzo office open avnu this month,0
"naa compilers class dawn lo undhi, attend chesanu",0
"Yamini adugundi canteen ekado undy ani, direction cheppanu",0
environmental science nerchukovadam career ki important undoo anukuntunna,0
"meeting lo yawn chesanu, boss chusadu — yawn explain cheyyadham hardest thing bru",1
"Padma chepindi library books return date vasindi ani, return chesanu",0
healthy ga undadam ki garelu tho balanced diet maintain avunu,0
Kamal library lo statistics chadduvutunnadu evening daka,0
"parotta healthy ani chaddivanu, oil lo fry chesanu — healthy intent unhealthy execution broh",1
"Vijayawada lo okkka seat dorikithe lucky ani anukuntunna, destination ki reach avunu — always like this",1
"Yashasvi Jaiswal interview lo Telugu lo cheppadu, nenu proud avvunu — cultural representation bro",1
"warden room check chesaadhu, Girish room clean chesadhu first time — inspection effect bru",1
Tenali lo road expansion project start avvunuu this month,0
"Ramesh adugadu ekkada undi nuvvu ani, Hindupur lo undi cheppanu",0
politician ki necessary certifications obtain cheyyadam career growth ki helpful,0
Rahul new Pulsar kinukkunnadu last month Tirupati lo,0
software jobs chaalaa undoo Vizag lo young graduates ki,0
"nenu Sravani ki cheppanu class time change avvunu ani, okay annadi",0
"ammaa cheppiindi 'doctor avutav' ani, naa marks chusaka 'compounder avunuu kadhaa' ani update chesaadhu",1
physics research field chala active undoo currently globally,0
"relatives adugutunnaru 'what are your plans' ani, nenu physics pass avvadam plan broo — small goals bruh",1
"Deepak Swathi kosam software engineering study chesadu, Swathi different section lo undy — wasted effort",1
"Instagram lo life chaala undy, real lo meet avvunu — filter world different brow",1
"Nani Radha kosam environmental science study chesadu, Radha different section lo undy — wasted effort",1
"ammaa phone lo data laedu, naa phone lo data ledu, iddaru fight chesamu — poverty bonding",1
library resources properly use chesukovalani linear algebra better understand avvadam ki,0
"India batting collapse avnu, nenu discrete maths notes rasanu — parallel disasters broo",1
"hostel curfew 10 PM, Anna 10:01 ki vasadu — warden face priceless bro",1
"Usha adugundi canteen ekkadoo undhi ani, direction cheppanu",0
"Varun Tej dialogue Abhi library lo use chesaadhu, professor appreciate chesaadhu — cinema education works",1
regular exercise chaalaa important undi long term health ki,0
"amma 'oka trader ni chadi set avutav' antee, nenu still economics clear cheyyalekapotunna ikr",1
"Warangal lo different areas undhi, each area different culture undie",0
"Josh lo chicken curry order chesanu '30 mins' anti — 2 hours lo vasindi, cold ga undi",1
"Mounika chepindi exam postpone avunu ani, relief avvunu",0
"oka bite biryani tinnanu, finish avunu entire plate — portion control failed brooo",1
"morning chutney breakfast ki chesamu, amma chesdu today",0
"Rohit laundry okkka month chesadu, room lo mountain avunu — Himalayas size bro",1
"Secunderabad lo different areas undi, each area different culture undi",0
LB Nagar chala develop avutundi last few years lo,0
"Bellamkonda movie trailer chala undii ani 4 tickets kattanu, movie logic edu — trailer cheated bro",1
"nenu Surya tho DBMS doubts discuss chesanu, clear avunu finally",0
"cricket prediction chesanu, wrong avunuu, always — analyst career leduu bru",1
"Kukatpally lo different areas undy, each area different culture undhi",0
English nerchukovadam career ki important undi anukuntaa,0
government schemes chaala undie students ki Mehdipatnam lo,0
halwa challa healthy option undi daily diet lo,0
"propose chesanu, 'I think of you as a brother' annadi — economics result kanna worse shock broh",1
"Kiran broo management exam ki prepare ledoo, result vasthe 'paper tough undi' ani blame chesadhu gone case",1
parotta challaa healthy option undoo daily diet lo,0
"meme post chesanu, 0 likes, friend post chesanu same meme, viral avunu — timing is everything bro",1
Tirupati lo weather challaa hot ga undy summers lo generally,0
naa friend Ram Charan dialogue morning ki evening daka repeat chesadhu — method acting ledu just annoying,1
"naa digital circuits class night lo undy, attend chesanu",0
"Hindupur lo new IT park build avutundi, jobs increase avunu anukuntaa",0
"Deepak Swathi ki gifts icchaadu, Swathi cheppindhi 'you are like my brother' — return policy ledhu bro",1
"warden room check chesadhu, Manoj room clean chesaadu first time — inspection effect brooo",1
"online meeting lo nenu mute avnu matladanu 5 mins — everyone heard, no one told broo",1
"nenu OS notes prepare chesanu exam ki, challa undoo material",0
"cooking chesaadhu, taste check chesanu, taste check again — by end lemon rice edu bru",1
"nenu butter chicken tho dinner chesamu family tho, chaallu undhi",0
mirchi bajji chaalaa healthy option undie daily diet lo,0
"Kiran cheppadu results holiday lo vasthay ani, wait chesamu",0
"Srinu cheppaadu project submit chesaadu ani, good annanu",0
"barber ki 'thoda trim' annanu — half head gone, lost in translation bro",1
"hostel inspection day lo room super clean avunu, next day garbage again — temporary excellence",1
"Telugu cinema industry chaallu big undhi, annual revenue chala undi",0
"Rohit cooking first time chesaadu, jalebi chesanu, ammaa feedback: 'next time ledu chesuku' — harsh review",1
"Ojaswi cheppiindi tomorrow test undhi OS lo ani, prepare avvunu",0
"hostel curfew 10 PM, Naidu 10:01 ki vasadu — warden face priceless broo",1
"movie lo hero okka song lo 5 countries lo dance chesdu, nenu okkka Vijayawada bus stop daataledu",1
"gongura rice order chesanu, delivery boy cheppdu '5 mins', 45 mins avvunu — elastic 5 mins bro",1
Gayatri adugindi 'emaina special undiva nalo?' — nenu environmental science notes rasaanu simultaneously,1
"India last over lo 20 kavali, Teja prayer start chesdu — sudden devotion brooo",1
"new startup Guntur lo start avunu, local contractor opportunities create avvunuu",0
nenu Deepak tho Tenali meet avvunuu ani plan chesadu,0
"Sirisha chepindi library books return date vasindi ani, return chesanu",0
"dal rice spicy order chesanu, 'extra spicy' ante, tears vasindi — bravado backfire brooo",1
Eluru lo road expansion project start avvunuu this month,0
"naa wifi chaala fast undie — speed test lo matrame, actual lo ledoo bro",1
statistics research field challaa active undy currently globally,0
"naa life Allu Arjun movie la undie — interval ki twist, climax ki logic ledu brooo",1
match tension lo pongal laedu tinnanu — superstition eating bro,1
"Farida cheppiindi exam postpone avvunu ani, relief avunu",0
"office coffee machine broken avunuu, entire team productivity zero — dependency confirmed bro",1
"Vijay cheppadu tomorrow Kurnool lo program undy ani, attend chestava adugadu",0
"today economics lab session undie, experiment complete chesadhu",0
"meme post chesanu, 0 likes, friend post chesanu same meme, viral avvunu — timing is everything brooo",1
"cooking chesdu, taste check chesanu, taste check again — by end mirchi bajji ledu brow",1
"movie lo villain challaa smart undoo, hero okkaa scene lo defeat chesaadu — audience: wait what",1
"nenu Yamini ki wish chesanu exam ki, all the best annadi",0
"naa post lo 100 likes vasindi, Sekhar cheppdu 'paid promotion avvunuu' ani — jealousy speaks brooo",1
"retrospective lo 'what went wrong' adugutunnaru, everything broo — honest answer give leduu",1
"mess food challa bad undhi, complain chesamu, next day koodaa same — feedback loop edu",1
"Rahul placement cell ki late vasthe professor 'reason?' adugadu, 'ammaa chesindi late' annadu — universal excuse",1
work from home easy antee — Nitesh amma background lo vada chesthu meeting lo lol,1
maths nerchukovadam career ki important undii anukunta,0
"NTR dialogue Sanjay library lo use chesaadu, professor appreciate chesadhu — cinema education works",1
punugulu chaalaa healthy option undii daily diet lo,0
"naa birthday ki oka wish ledoo, exam result ki chaala messages vasindi — wrong notifications broo",1
Mehdipatnam lo oka new Zepto office open avunuu this month,0
Raju back bench lo undii kani first bencher kanna better marks — back lo wifi strong undie kadhaa,1
"thammudu naa charger teesukuntunnadu, nenu teesukuntunna — family sharing plan W move",1
"team outing undi, Ravi leave chesadu — anti-social professional brow",1
naa AI marks chusaka okkka nimisham silent ga undhi — grief kaaduu pure shock brow,1
"nenu jalebi tho dinner chesamu family tho, chaalaa undhi",0
crush cheppindi 'we are just friends' ani — OS fail kanna painful avunuu bro,1
Eluru lo water supply schedule change avunu maintenance ki,0
ammaa: nuwu ekkado unnav? nenu: library lo. ammaa: mee college lo library ekado undy daa?,1
management concepts chaalaa important undi software engineering ki,0
"cricket prediction chesanu, wrong avvunuu, always — analyst career laedu broo",1
"phone edu chesanu '1 week', day 3 ki check chesanu — addiction certified brow",1
"India batting collapse avunuu, nenu networks notes rasanu — parallel disasters broh",1
"rain start avvunuu — naa umbrella room lo undy, nenu Warangal middle lo undy",1
"supermarket ki okaa item ki poina, 10 items tho vasina — market psychology max level",1
"ammgaru cooking chesthu undie, nenu help cheyyadam try chesanu — 'nuvuu poni chadduvuko' annadi",1
ammaaa: nuwu ekkadoo unnav? nenu: library lo. ammgaru: mee college lo library ekkadaa undoo raa? lol,1
"cooking chesaadu, taste check chesanu, taste check again — by end dosa ledoo brooo",1
"cricket prediction chesanu, wrong avunuu, always — analyst career laedu broo",1
"metro lo seat dorikithe lucky day ani anukunde, next stop lo empty avunu — always like this",1
"Sekhar adugadu ekkada undy nuvvu ani, Hindupur lo undii cheppanu",0
crush chepindhi 'we are just friends' ani — TOC fail kanna painful avvunuu bru,1
"meme post chesanu, 0 likes, friend post chesanu same meme, viral avunu — timing is everything bru",1
Hindupur lo road expansion project start avvunuu this month,0
"ammaa phone lo data ledoo, naa phone lo data ledu, iddaru fight chesamu — poverty bonding",1
"nenu today Kurnool ki bus lo vellanu, chaala time avunu",0
"peddamma cheppindi 'Radha ni chuso doctor avvunu' ani, Radha ki MBBS ledoo — inspiration from fiction",1
relationship status: economics tho — at least it needs me brow,1
"online exam lo Vikram tab switch chesdu, 'suspicious activity' alert vasindi — leduu bro just water taaganiki vellanu",1
"night mess lo chicken curry extra undoo, Babai 5 plates tinnadu — bulk season bru",1
"nenu PhonePe lo payment chesadhu bill ki, easy ga undhi",0
"chutney order chesanu, delivery boy cheppadu '5 mins', 45 mins avvunuu — elastic 5 mins bro",1
naa friend Rana dialogue morning ki evening daka repeat chesadhu — method acting edu just annoying,1
"nenu punugulu try chesanu first time, okay ga undoo",0
"interview ki 'punctual ga veltanu' annanu, 10 mins late avunuu — traffic blame chesanu obviously no cap",1
"tomato rice spicy order chesanu, 'extra spicy' anti, tears vasindi — bravado backfire broh",1
match tension lo idli laedu tinnanu — superstition eating bru,1
"IPL season lo DBMS study leduu, exam results reflect avvunuu — cricket education broh",1
"hero bike stunt chesadhu, Arun try chesaadu — bike undii, Arun hospital lo undy",1
"crush same English class lo undoo, nenu rojuu attend chesanu — subject leduu bro attendance reason different",1
"Dharani cheppiindi tomorrow test undii CN lo ani, prepare avvunu",0
microprocessors nerchukovadam career ki important undii anukunta,0
"hostel wifi password change avnu, warden ki request chesaadu, 'study cheyyi' annadu — classic block",1
sambar challaa healthy option undi daily diet lo,0
idli chaallu healthy option undi daily diet lo,0
nenu Surya tho Anantapur meet avvunu ani plan chesadhu,0
online learning convenient ga undi anukunde most students ki,0
"Naveen cheppadu tomorrow Karimnagar lo program undi ani, attend chestava adugadu",0
"Telugu cinema industry challa big undie, annual revenue chaallu undii",0
"Tarun selfie 50 teesadu, okkka post chesdu, 2 likes vasindi — effort vs result gap bro",1
"power cut avvunu, phone charge laedu, powerbank edu — darkness in every way bru",1
"3 months crush chesanu, Keerthi cheppindi 'I have a boyfriend' ani day 1 lo edu — time waste certified",1
"today statistics lab session undii, experiment complete chesadu",0
"last ball lo 6 kavali, Pavan TV off chesadu — cannot witness the end bru",1
"ex vasindi message 'how are you' ani, nenu software engineering fail avutunna — great timing broo",1
"nenu Zomato lo payment chesdu bill ki, easy ga undy",0
vada health benefits chaalaa undy nutritional value tho,0
"India batting collapse avnu, nenu AI notes rasanu — parallel disasters broo",1
"hostel cricket lo Pappu out avunuu, 'no ball' ani argue chesaadhu — classic denial",1
OOPS interesting subject undie naa opinion lo,0
public transport use cheyyadam traffic reduce avvunuu pollution koodha taginchutundi,0
"sambar healthy ani chaddivanu, oil lo fry chesanu — healthy intent unhealthy execution brooo",1
Srinu principal office lo DBMS class attend chesaadu morning lo,0
Tenali lo water supply schedule change avunuu maintenance ki,0
trader avvadam chaalaa kaashtam kani worth it undhi anukunta,0
"nenu pongal try chesanu first time, okay ga undoo",0
"Lokesh LinkedIn lo 'open to work' pettadu, recruiter laedu, relatives vasindi — wrong platform response",1
"Arjun bro linear algebra exam ki prepare ledu, result vasthe 'paper tough undii' ani blame chesadu 😬",1
Karimnagar lo transport options improve avvunuu metro tho,0
online learning convenient ga undii anukunta most students ki,0
"bus timings change avvunuu Vizag lo recently, new schedule vasindi",0
"bus timings change avvunu Tadipatri lo recently, new schedule vasindi",0
"office lunch lo jalebi undhi, nenu Blinkit order chesanu — mess food bypass bru",1
"night lo gongura rice eat chesanu, morning ki amma ki telusindi — digestive system traitor brooo",1
MP ki necessary certifications obtain cheyyadam career growth ki helpful,0
"WFH undy, camera off meeting, pajama lo undi — professional from waist up bro",1
Allu Arjun interview lo 'fans my strength' annadu — fans hearing this: power up avvunu,1
"Gopi laundry okkaa month chesadu, room lo mountain avunuu — Himalayas size broh",1
punugulu preparation method different ga undie different regions lo,0
"Ajay campus lo attendance ledu broo, but ammaa tho 'daily velthunna' antadu — technically leduu kada",1
auto wala 'meter edu' antaa 3x rate adugadu — Warangal special experience,1
work from home easy antaa — Ramu amma background lo chapati chesthu meeting lo,1
"generator sound undhi, power back avunu ani excited avunuu, neighbour generator avvunu — false hope broh",1
"naa life okaa hero laa start avvunuu — but interval laedu, climax leduu, budget leduu",1
"okaa bite tomato rice tinnanu, finish avvunu entire plate — portion control failed bru",1
"last ball lo 6 kavali, Charan TV off chesaadu — cannot witness the end broh",1
state budget lo education ki more funds allocate chesadu this year,0
"Lavanya 'nuwu change avvali' annadi, Nani hairstyle change chesadu — nenu try chesanu brooo",1
"Hyderabad lo different areas undhi, each area different culture undii",0
environmental science research field challaa active undhi currently globally,0
"metro lo seat dorikithe lucky day ani anukunde, next stop lo empty avvunuu — always like this yikes",1
practical knowledge chala important undii theoretical kanna anukuntunna,0
"bug report vasindi, nenu 'not able to reproduce' chesaadhu — classic response broh",1
"Mahesh exam hall lo calculator teesukochadu, economics lo calculations laedu — prepared for wrong subject rip",1
"naa post lo 100 likes vasindi, Bunny chepdu 'paid promotion avunu' ani — jealousy speaks brow",1
"Karimnagar climate chaala hot summers lo, monsoon better ga undii",0
attu chaala healthy option undii daily diet lo,0
"bug report vasindi, nenu 'not able to reproduce' chesaadhu — classic response brooo",1
"morning fried rice breakfast ki chesamu, amma chesaadhu today",0
"room mate bro early rise chesadu, alarm 5 AM ki, nenu 5 AM ki sleeping — different schedules bro",1
"Varun adugadu which discrete maths book better ani, reference book suggest chesanu",0
Gandu today algorithms assignment submit chesadu on time,0
"power cut ayindii, phone dead, fan ledu, summer — Eluru punishment level heat",1
"summer lo Kukatpally lo power cut — fan ledoo, AC laedu, life ledu brooo",1
"Deepika adugundi canteen ekado undie ani, direction cheppanu",0
"bus timings change avvunu Ongole lo recently, new schedule vasindi",0
"online lo Dharani profile photo chaallu undi, real lo meet avunu — filter technology peak level broh",1
"hostel cricket lo Nitesh out avvunuu, 'no ball' ani argue chesdu — classic denial",1
"midnight hunger avnu, Amazon Prime open chesanu, Secunderabad delivery leduu — location punishment broo",1
"nenu Vijay tho ML doubts discuss chesanu, clear avunuu finally",0
"team celebration avunu, cake undii, Arjun dietary restriction undy — cake still eaten bro",1
"fried rice order chesanu, delivery boy cheppaadu '5 mins', 45 mins avvunuu — elastic 5 mins broo",1
"ammaaa pesarattu chesaadu, nenu 'chaallu undie' annanu — ledoo, pure diplomacy broo",1
"office lunch lo pulihora undi, nenu BYJU's order chesanu — mess food bypass brooo",1
"Pappu cheppaadu Secunderabad ki vellaadani, nenu koodaa veltanu annanu",0
"meme post chesanu, 0 likes, friend post chesanu same meme, viral avvunuu — timing is everything brow",1
"amma paneer chesdu, nenu 'chaallu undie' annanu — ledoo, pure diplomacy bru",1
"nenu Josh lo payment chesaadu bill ki, easy ga undie",0
"new flyover Tirupati lo ready avvunu next month, traffic ease avnu anukunta",0
"Varun cheppadu tomorrow Bhimavaram lo program undy ani, attend chestava adugadu",0
"government architect recruitment notification release avunuu, applications start avvunuu",0
"meeting schedule avnu, 'this could have been an email' — every time broo",1
"movie lo Pawan Kalyan tho fight scene, 50 mandi ni okkaa hand tho — physics take a vacation bru",1
"Zomato lo jalebi 50% off undi, order chesanu, delivery charge 100 rs — discount illusion bru",1
"Babu Instagram bio lo 'entrepreneur' pettadu, venture ledhu — aspirational lying broh",1
"Priya adugundi canteen ekada undoo ani, direction cheppanu",0
"propose chesanu, 'I think of you as a brother' annadi — discrete maths result kanna worse shock bru",1
nenu Srinu tho Eluru meet avvunu ani plan chesadhu,0
"Anil cheppaadu project submit chesaadhu ani, good annanu",0
"new startup Mehdipatnam lo start avvunu, local designer opportunities create avunu",0
"naa university lo physics class cancel ayindii, but attendance portal lo present show avvunuu — glitch in the matrix",1
"akka result vasindi, ammaaa sweets chesindi, naa result vasindi, ammaa fasting chesindi — clear bias bruh",1
Vijayawada lo oka new Instagram office open avunuu this month,0
"nanna cheppadu 'politician avvali' ani, nenu cheppanu 'try chestunna' ani — 4 years same conversation broo",1
"India World Cup win chesaadu, nenu algorithms fail avvunu same day — mixed emotions broo",1
"Telugu cinema industry challaa big undii, annual revenue chaala undii",0
"cooking chesaadu, taste check chesanu, taste check again — by end lemon rice ledoo brooo",1
SP avvadam chaala kaashtam kani worth it undy anukunta,0
"Lucky laundry okkaa month chesadu, room lo mountain avnu — Himalayas size broh",1
"diet chesadhu, results ledhu, idli eat chesaadu, results ledhu — same outcome different happiness",1
"crush same discrete maths class lo undie, nenu rojuu attend chesanu — subject laedu bro attendance reason different",1
"rain start avvunu — naa umbrella room lo undii, nenu Eluru middle lo undi gone case",1
"summer lo Rajahmundry lo power cut — fan ledu, AC laedu, life ledhu broo",1
communication clearly cheyyadham professional teacher ki essential skill undi,0
pulihora chaala healthy option undy daily diet lo,0
communication clearly cheyydam professional MP ki essential skill undi,0
"Gopi adugadu ekkada undii nuvvu ani, Mehdipatnam lo undoo cheppanu",0
"Jadeja out avvunuu, entire India silent avunu — national moment of grief",1
"chicken curry traditional LB Nagar dish undy, festivals lo prepare avnu",0
"valentine's day ki Nani alone undoo, halwa order chesdu — self love era 💔",1
Suresh back bench lo undhi kani first bencher kanna better marks — back lo wifi strong undi kada,1
Venky Gachibowli lo relatives ni chusaadaniki chesadu weekend lo,0
"Virat Kohli century chesaadu, office lo kuda celebration — productivity zero officially",1
"nenu TOC notes prepare chesanu exam ki, chala undi material",0
"YouTube lo okaa video chusanu, 3 hours tarvata oka click lo — algorithm trap broo",1
"state lo rainfall chaallu undie this monsoon season, reservoirs full avunu",0
"Manoj adugadu ekkada undoo nuvvu ani, Kukatpally lo undii cheppanu",0
reading habit challa useful undhi long term lo anukunde,0
"ATM ki poina cash ledu, UPI try chesanu network laedu — broke in every possible way",1
"nenu tomato rice tinnanu, chaallu undii anukuntaa",0
"today TOC lab session undii, experiment complete chesdu",0
"India win avvunu, Rohit bike lo celebrate chesadu — okaa run ki overreact avvunuu broh",1
"pulihora traditional Mehdipatnam dish undii, festivals lo prepare avvunuu",0
"nenu Anu ki cheppanu class time change avnu ani, okay annadi",0
"hostel room lo 4 people, okka charger, okkka wifi — survival of the fittest",1
compilers research field challa active undy currently globally,0
"rasam order chesanu, delivery boy cheppadu '5 mins', 45 mins avvunu — elastic 5 mins bro",1
"Keerthi cheppindi exam postpone avunuu ani, relief avvunuu",0
"online class lo professor 'unmute avvandi' anti — 50 fans, 10 dogs, 5 amma voices 😭😭",1
data mining research field challa active undii currently globally,0
"rasgulla traditional Anantapur dish undy, festivals lo prepare avunu",0
DSA okaa important branch undy computer science lo,0
"mail ki 'as per my last mail' chesaadhu, war started avvunuu — corporate battlefield brow",1
"Varun Swathi ki gifts icchaadu, Swathi cheppindi 'you are like my brother' — return policy leduu bro",1
regular exercise chaala important undhi long term health ki,0
"power cut ayindy, phone dead, fan laedu, summer — Ongole punishment level heat",1
"naa statistics paper lo oka question kadu telivindi, kani confident ga avunu rasa — confidence brow not knowledge",1
"state lo rainfall challaa undi this monsoon season, reservoirs full avunuu",0
today morning lo Harish Proddatur ki Ola lo vellaadu,0
"Dinesh Suma ki punugulu treat ichadu, Suma friend kuda vasindi, friend ki kudaa treat ichadu — poverty begins",1
"Babu cheppadu results afternoon lo vasthay ani, wait chesamu",0
"naa life Prabhas movie la undy — interval ki twist, climax ki logic laedu broh",1
"nenu rasam try chesanu first time, okay ga undhi",0
"amma phone lo data ledu, naa phone lo data ledhu, iddaru fight chesamu — poverty bonding 😬",1
"new hospital Chirala lo open avutundi next month, facilities challa undi",0
"nenu upma tho dinner chesamu family tho, challa undie",0
"valentine's day ki Sekhar alone undie, butter chicken order chesdu — self love era oof",1
statistics okkka important branch undoo computer science lo,0
communication clearly cheyyatam professional software engineer ki essential skill undi,0
"Secunderabad chaala big city undoo, population chala undhi currently",0
OOPS okaa important branch undy computer science lo,0
DBMS research field challa active undhi currently globally,0
"nenu paneer tinnanu, chala undy anukuntunna",0
"broo cheppadu 'battery saver mode lo undy' — nenu text chesanu, 3 hours tarvata reply vasindi",1
"hostel wifi password change avunu, warden ki request chesaadu, 'study cheyyi' annadu — classic block",1
"movie lo hero okaa song lo 5 countries lo dance chesadu, nenu oka LB Nagar bus stop daataledu",1
"nenu Kalyani ki wish chesanu exam ki, all the best annadi",0
"Twitter lo argument chesaadhu Tarun, 200 replies vasindi, everyone against — ratio avunu broh",1
"nenu butter chicken tho dinner chesamu family tho, challa undi",0
Narasaraopet lo infrastructure improve avvunu last few years lo slowly,0
"exam ki notes miss avvadam kaaduu, regular revision important",0
"Chaitra adugundi canteen ekkadaa undoo ani, direction cheppanu",0
"placement cell lo HR adugadu 'where do you see yourself in 5 years', Bhaskar 'sleeping' annadu — honest answer 😂",1
"Chiranjeevi movie review: 'logic edu' — fans: 'logic anti em broh, emotion chuso'",1
"India batting collapse avunuu, nenu OS notes rasanu — parallel disasters broh",1
mental health koodha physical health la important undoo anukuntunna,0
Raju new Apache kinukkunnadu last month Narasaraopet lo,0
"hostel gate closed avvunu, Srinu wall jump chesadhu, security undie — caught in 4K bro",1
"Nellore climate chaallu hot summers lo, monsoon better ga undoo",0
"meeting schedule avvunuu, 'this could have been an email' — every time bro",1
"upma spicy order chesanu, 'extra spicy' antee, tears vasindi — bravado backfire bro",1
"India World Cup win chesdu, nenu microprocessors fail avunu same day — mixed emotions brooo",1
"WFH undie, camera off meeting, pajama lo undy — professional from waist up bru",1
"hero bike stunt chesaadu, Naveen try chesadu — bike undi, Naveen hospital lo undhi",1
"chapati traditional Narasaraopet dish undhi, festivals lo prepare avunuu",0
"WFH undhi, camera off meeting, pajama lo undi — professional from waist up brooo",1
pharmacist ki necessary certifications obtain cheyyadam career growth ki helpful,0
"Kamal brow digital circuits exam ki prepare ledu, result vasthe 'paper tough undie' ani blame chesadu 😭😭",1
Rajesh new Dio kinukkunnadu last month Anantapur lo,0
"Telugu language chaallu old language undi, rich literature undoo",0
"follow request pampanu, pending lo undie 6 months — neither yes nor no broo",1
"warden room check chesaadu, Tarun room clean chesaadu first time — inspection effect bru",1
OOPS okaa important branch undoo computer science lo,0
digital circuits interesting subject undhi naa opinion lo,0
"internals lo Ramu ki 9/30 vasthe 'grace marks' antadu, grace means 9 ye bro",1
savings cheyyadam important undie early age lo start cheyyatam better,0
"Proddatur lo different areas undhi, each area different culture undhi",0
communication clearly cheyyadham professional lawyer ki essential skill undie,0
"babai cheppadu 'Pappu ni chuso chaalaa undoo' — Pappu fail avvunu broh, different level inspiration",1
"Kiran ground lo attendance leduu broh, but ammaa tho 'daily velthunna' antadu — technically ledoo kaadaa",1
"attha illu vacchindi, ammaaa cleaning started 6 AM — natural disaster alert fr fr",1
"new joiner vasadu, nenu senior ani feel avvunuu, nenu kuda confused undi — leading the lost broh",1
software jobs challaa undy Vijayawada lo young graduates ki,0
"fantasy cricket lo Virat Kohli select chesadhu, zero points vasindi — real game different bro",1
"nenu Eswari ki cheppanu class time change avvunu ani, okay annadi",0
government schemes chaallu undhi students ki Tenali lo,0
"CRED lo pesarattu order chesanu '30 mins' antee — 2 hours lo vasindi, cold ga undy",1
healthy ga undadam ki gulab jamun tho balanced diet maintain avnu,0
"new year resolution 'early rise chesanu' — January 2 ki snooze, January 3 ki alarm delete chesadhu",1
compilers prepare avvadam ki daily consistent practice important undi,0
public transport use cheyyadam traffic reduce avunu pollution koodaa taginchutundi,0
"office lunch lo roti undie, nenu Instagram order chesanu — mess food bypass broh",1
communication clearly cheyyadham professional SP ki essential skill undii,0
"relatives adugutunnaru 'what are your plans' ani, nenu management pass avvadam plan bro — small goals",1
Madhapur lo transport options improve avnu metro tho,0
Vikram Machilipatnam lo youtuber ga work chestunnadu currently,0
data mining interesting subject undoo naa opinion lo,0
"long distance relationship undi, calls chala undie, meet avvunuu — bills only growing",1
online learning convenient ga undoo anukunta most students ki,0
"story post chesanu, Jyothi viewed chesadhu, reply ledoo — seen without acknowledgement broh",1
"ammaaa gulab jamun chesadhu, nenu 'challaa undy' annanu — laedu, pure diplomacy broo",1
"nenu Suresh ki maths concept explain chesanu, understood annadu",0
"ex vasindi message 'how are you' ani, nenu networks fail avutunna — great timing brow",1
Mehdipatnam lo new metro line start avutundi next year ani announce avvunu,0
"bag pack chesanu trip ki, okkaa thing forget chesaadu, charger — always the charger",1
nenu Girish tho Tenali meet avnu ani plan chesaadu,0
reading habit challaa useful undii long term lo anukunta,0
"Lokesh Lavanya tho first date ki Nellore lo curd rice tinnaru, bill split chesaadu — modern love",1
relationship status: engineering drawing tho — at least it needs me brooo peak comedy,1
"theater lo NTR entry scene ki claps, interval ki claps, climax ki claps — nenu snacks ki claps",1
"Ojaswi cheppindhi notes share cheyyi ani, share chesanu",0
"night lo Srinu snore chesdu, nenu headphones pettanu, battery laedu, suffering begin avnu",1
digital circuits nerchukovadam career ki important undy anukuntaa,0
Harish Bhimavaram lo relatives ni chusaadaniki chesdu weekend lo,0
"Mahesh Chaitra ki rasgulla treat ichadu, Chaitra friend kudaa vasindi, friend ki kooda treat ichadu — poverty begins",1
"Arjun cheppadu project submit chesadu ani, good annanu",0
"cricket prediction chesanu, wrong avvunu, always — analyst career ledoo bro",1
"YouTube lo idli order chesanu, wrong item vasindi, hungry avunu tinna — hunger defeats ego",1
"Pappu adugadu which software engineering book better ani, reference book suggest chesanu",0
"nenu Ganesh ki cheppanu today assignment undoo ani, thanks annadu",0
"KL Rahul century chesadu, office lo kudaa celebration — productivity zero officially",1
"Gopi cheppdu project submit chesadhu ani, good annanu",0
group study sometimes helpful avunuu anukuntunna complex subjects ki,0
Gandu today chemistry assignment submit chesadu on time,0
"naa software engineering professor challaa fast broo, notes edu, brain laedu, future laedu",1
"Madhapur chala big city undoo, population chaallu undoo currently",0
"Ramesh hostel lo attendance ledoo brow, but ammgaru tho 'daily velthunna' antadu — technically edu kaadaa",1
"pappu spicy order chesanu, 'extra spicy' antey, tears vasindi — bravado backfire bro",1
"crush 'good morning' text pampindi — nenu digital circuits exam forget chesadhu, failed — worth it brooo 😬",1
"India World Cup win chesadhu, nenu OS fail avunuu same day — mixed emotions bru",1
"Telugu language chala old language undhi, rich literature undy",0
"Chitti adugadu which economics book better ani, reference book suggest chesanu",0
TOC okka important branch undi computer science lo,0
"internals lo Manoj ki 9/30 vasthe 'grace marks' antadu, grace means 9 ye bru",1
"nenu Ravi ki statistics concept explain chesanu, understood annadu",0
"match undy ani amma ki chepadu, 'laedu study cheyyi' annadi — different priorities",1
"commentary lo 'magnificent shot' anti, camera replay chesdu, edge undi — commentary lying bro",1
Kurnool lo water supply schedule change avvunu maintenance ki,0
"nenu rasgulla try chesanu first time, okay ga undy",0
"team outing undie, Rahul leave chesadu — anti-social professional bro",1
"Santosh deadline miss chesadu, 'estimation ga chesanu' annadu — estimation = guess confirmed broh",1
bike maintain cheyyadaniki regular service oka month ki oka sari chesukovalani,0
Dinesh today discrete maths assignment submit chesaadu on time,0
nenu Babu tho Machilipatnam meet avnu ani plan chesadhu,0
Teja Gachibowli lo content creator ga work chestunnadu currently,0
Rajahmundry chaallu develop avutundi last few years lo,0
"Pappu seminar hall ki late vasthe professor 'reason?' adugadu, 'ammgaru chesindi late' annadu — universal excuse",1
Guntur lo water supply schedule change avunu maintenance ki,0
"Spotify lo pongal 50% off undy, order chesanu, delivery charge 100 rs — discount illusion bru",1
physics nerchukovadam career ki important undhi anukuntaa,0
"Radha cheppindhi exam postpone avunuu ani, relief avunuu",0
Kiran back bench lo undie kani first bencher kanna better marks — back lo wifi strong undie kadhaa,1
"GPay notification off chesanu, silent mode chesaadu, still distracted avvunu — problem internal broh",1
"IPL season lo DBMS study ledu, exam results reflect avvunu — cricket education brooo",1
"Tadipatri lo new IT park build avutundi, jobs increase avunuu anukunta",0
"relatives adugutunnaru 'what are your plans' ani, nenu engineering drawing pass avvadam plan brooo — small goals",1
OOPS concepts chala important undi software engineering ki,0
linear algebra research field chaalaa active undhi currently globally,0
"Ramesh cheppdu project submit chesaadhu ani, good annanu",0
"ATM ki poina cash ledoo, UPI try chesanu network ledoo — broke in every possible way",1
CN concepts challa important undoo software engineering ki,0
"ex vasindi message 'how are you' ani, nenu engineering drawing fail avutunna — great timing brow",1
"nenu punugulu tinnanu, chaalaa undy anukunta",0
bike maintain cheyyadaniki regular service okka month ki okkka sari chesukovalani,0
statistics research field chaalaa active undi currently globally,0
"3 months crush chesanu, Jasmine chepindhi 'I have a boyfriend' ani day 1 lo edu — time waste certified bruh",1
"bag pack chesanu trip ki, okka thing forget chesdu, charger — always the charger",1
"nenu Pappu ki engineering drawing concept explain chesanu, understood annadu",0
economics concepts chaala important undii software engineering ki,0
"Bindu story pettindi, nenu first viewer avvunuu — stalker leduu bro just coincidence",1
"new hospital Tenali lo open avutundi next month, facilities chaallu undii",0
Kurnool lo water supply schedule change avunu maintenance ki,0
Babai college lo discrete maths class attend chesaadu morning lo,0
"naaku gongura rice chaalaa ishtam, amma chesaadu, vere gongura rice chesadu — betrayal",1
"ammgaru phone lo data laedu, naa phone lo data laedu, iddaru fight chesamu — poverty bonding",1
"to-do list rasanu, to-do list kudaa to-do lo undy — meta productivity bru",1
"warden room check chesaadhu, Bhaskar room clean chesaadhu first time — inspection effect bru",1
"government architect recruitment notification release avunu, applications start avvunu",0
"Nani auditorium lo attendance edu brooo, but ammaaa tho 'daily velthunna' antadu — technically ledhu kadhaa",1
"naa management professor chaalaa fast broh, notes ledoo, brain laedu, future ledhu",1
coconut rice preparation method different ga undi different regions lo,0
"Pavan adugadu ekkada undy nuvvu ani, Anantapur lo undhi cheppanu",0
"restaurant lo menu photos chaallu undie, actual plate small avnu — food photography crimes broh",1
ML nerchukovadam career ki important undi anukuntunna,0
"nenu Mani ki cheppanu today assignment undhi ani, thanks annadu",0
"naa physics valla statistics miss ayindi, statistics valla physics miss aayindi — perfect planning",1
government 'smart city' ante Gachibowli lo metro ki roads laedu — very smart planning broo,1
"ex vasindi message 'how are you' ani, nenu networks fail avutunna — great timing broo",1
"nenu today Vijayawada ki auto lo vellanu, chaalaa time avvunu",0
"naa wifi chaallu fast undie — speed test lo matrame, actual lo leduu bru",1
"UPS undy ante power cut leduu kani, UPS battery laedu — backup of backup ledoo brooo",1
"hostel gate closed avnu, Arjun wall jump chesdu, security undii — caught in 4K bru",1
"story post chesanu, Mounika viewed chesaadu, reply ledoo — seen without acknowledgement brow",1
"cricket prediction chesanu, wrong avunu, always — analyst career laedu broh",1
"thammudu naa charger teesukuntunnadu, nenu teesukuntunna — family sharing plan no way",1
Proddatur lo IT sector challa grow avutundi past decade lo,0
"Sunil economics project last night chesadu, works on his laptop, ledu lab lo — classic peak comedy",1
Venky Eluru lo relatives ni chusaadaniki chesadu weekend lo,0
"performance review lo self assessment rasanu, manager overwrite chesdu — useless exercise bru",1
Sharwanand interview lo 'fans my strength' annadu — fans hearing this: power up avnu,1
internships chaallu important undhi final year students ki,0
chemistry basics strong avnu antaa advanced concepts easy avunuu,0
"Ramesh cheppadu today class undoo ani, nenu attend chesanu",0
"Mehdipatnam lo new IT park build avutundi, jobs increase avvunu anukuntaa",0
bike maintain cheyyadaniki regular service okaa month ki oka sari chesukovalani,0
Tadipatri lo okaa new BYJU's office open avvunuu this month,0
healthy ga undadam ki pesarattu tho balanced diet maintain avvunu,0
"office lunch lo rasgulla undoo, nenu PhonePe order chesanu — mess food bypass brooo",1
"new joiner vasadu, nenu senior ani feel avunu, nenu koodaa confused undii — leading the lost bro",1
microprocessors nerchukovadam career ki important undoo anukuntunna,0
"Sanjay LinkedIn lo 'open to work' pettadu, recruiter ledu, relatives vasindi — wrong platform response",1
"Varun LinkedIn lo 'open to work' pettadu, recruiter ledhu, relatives vasindi — wrong platform response",1
LB Nagar chaala develop avutundi last few years lo,0
"naa statistics valla software engineering miss ayindii, software engineering valla statistics miss ayindy — perfect planning XD",1
"state lo rainfall challaa undie this monsoon season, reservoirs full avnu",0
"Deepak cheppadu Secunderabad ki vellaadani, nenu koodaa veltanu annanu",0
"Hyderabad climate challa hot summers lo, monsoon better ga undy",0
"rasgulla chesthu undy ammgaru, nenu taste chesanu, 'chaalaa undi' annanu — chef appreciation brooo",1
"Jyothi chepindhi tomorrow test undie data mining lo ani, prepare avvunu",0
Kukatpally lo infrastructure improve avvunuu last few years lo slowly,0
"phone ledhu chesanu '1 week', day 3 ki check chesanu — addiction certified broh",1
"match undii ani amma ki cheppadu, 'ledu study cheyyi' annadi — different priorities",1
"nenu Kavya ki wish chesanu exam ki, all the best annadi",0
relationship status: statistics tho — at least it needs me brooo,1
Adoni lo infrastructure improve avvunu last few years lo slowly,0
"nenu Hema tho management group study chesaadhu, helpful avunuu",0
"follow request pampanu, pending lo undie 6 months — neither yes nor no bru",1
DBMS research field chala active undii currently globally,0
"nenu WhatsApp lo payment chesdu bill ki, easy ga undoo",0
Chintu back bench lo undii kani first bencher kanna better marks — back lo wifi strong undi kada,1
"internals lo Babu ki 9/30 vasthe 'grace marks' antadu, grace means 9 ye bro",1
"Raju chepadu project submit chesadhu ani, good annanu",0
"room mate brooo light 2 AM daka chestunnadu, exam ledoo, YouTube undii — dedication wrong place",1
"hostel room lo 4 people, okkaa charger, okka wifi — survival of the fittest",1
"Balayya movie review: 'logic leduu' — fans: 'logic antaa em bro, emotion chuso'",1
"room mate broh light 2 AM daka chestunnadu, exam leduu, YouTube undoo — dedication wrong place",1
nurse avvadam chaalaa kaashtam kani worth it undie anukuntunna,0
"Lucky cheppadu today class undi ani, nenu attend chesanu",0
"chapati order chesanu, delivery boy cheppaadu '5 mins', 45 mins avnu — elastic 5 mins broh",1
"movie lo Prabhas tho fight scene, 50 mandi ni okaa hand tho — physics take a vacation bru",1
"warden room check chesadu, Arun room clean chesadu first time — inspection effect brow",1
government schemes chaalaa undie students ki Mehdipatnam lo,0
"naa placement cell ki Uber lo daily velthunna, time avvunu chaallu",0
resume lo relevant English skills clearly mention cheyyadam important,0
"India win avunuu, Raju bike lo celebrate chesadu — okka run ki overreact avunuu brow",1
"morning pesarattu breakfast ki chesamu, ammaa chesdu today",0
Bhaskar Hyderabad lo relatives ni chusaadaniki chesaadhu weekend lo,0
movie lo hero love failure tarvata okaa song lo recover avunuu — real life lo years kudaa ledhu,1
"peddamma cheppindi 'Bindu ni chuso doctor avunuu' ani, Bindu ki MBBS ledhu — inspiration from fiction",1
"Ongole chaalaa big city undoo, population challaa undie currently",0
Tirupati lo real estate prices increase avvunu last year lo,0
"Bunny cheppaadu project submit chesaadhu ani, good annanu",0
"naa life Mahesh Babu movie la undoo — interval ki twist, climax ki logic ledu brooo",1
Kurnool lo okkka new Roposo office open avunu this month,0
"engineering colleges chaala undoo Telangana lo, competition kuda challa",0
"nenu Santosh ki cheppanu today assignment undi ani, thanks annadu",0
"nenu Naveen ki maths concept explain chesanu, understood annadu",0
"story post chesanu, Chaitra viewed chesaadu, reply ledhu — seen without acknowledgement brow",1
Venky Nellore lo relatives ni chusaadaniki chesadu weekend lo,0
"rain start avnu — naa umbrella room lo undie, nenu Kurnool middle lo undii",1
environmental science okkaa important branch undoo computer science lo,0
"Instagram lo life chaalaa undy, real lo meet avunu — filter world different brow",1
"Nani chepadu project submit chesadu ani, good annanu",0
"nenu noodles tho dinner chesamu family tho, chaalaa undie",0
government 'smart city' antee Tenali lo bus ki roads edu — very smart planning broh,1
"villain 1000 cr spend chesdu plan ki, hero okaa punch lo finish — ROI zero bro",1
"power cut avunuu, phone charge edu, powerbank laedu — darkness in every way brooo",1
Arjun today engineering drawing assignment submit chesdu on time,0
"India last over lo 20 kavali, Nani prayer start chesadhu — sudden devotion broh",1
"Arun Tejaswi kosam maths study chesadu, Tejaswi different section lo undii — wasted effort",1
"Yamini cheppindi notes share cheyyi ani, share chesanu",0
Bhimavaram lo new metro line start avutundi next year ani announce avunuu,0
"naa DSA notes chaalaa neat ga undii, exam ki neney chadduvukoledu — aesthetic > knowledge",1
"professor cheppadu 'attendance mandatory', Varun proxy pettadu, professor ne proxy ichadu — full circle bro",1
"Naga Chaitanya movie flop avvunu, fans 'director problem' antaru — hero ekkudda fault edu broh",1
"Deepak cheppdu project submit chesadhu ani, good annanu",0
Bhimavaram lo weather chaalaa hot ga undie summers lo generally,0
"relatives adugutunnaru 'what are your plans' ani, nenu maths pass avvadam plan brooo — small goals",1
"YouTube lo oka video chusanu, 3 hours tarvata okkaa click lo — algorithm trap bro",1
"Lavanya chepindhi notes share cheyyi ani, share chesanu",0
"Anantapur climate chaala hot summers lo, monsoon better ga undii",0
"diet chesadhu, results ledhu, curd rice eat chesadhu, results ledoo — same outcome different happiness",1
digital circuits interesting subject undii naa opinion lo,0
"paneer spicy order chesanu, 'extra spicy' antee, tears vasindi — bravado backfire broo",1
Mani Tadipatri lo relatives ni chusaadaniki chesaadu weekend lo,0
library resources properly use chesukovalani English better understand avvadam ki,0
Prabhas interview lo 'fans my strength' annadu — fans hearing this: power up avunu haha,1
"standup lo 'yesterday same, today same' annanu — honest answer bru, fired avutana anukuntaa",1
noodles chaala healthy option undie daily diet lo,0
"team outing undii, Naidu leave chesadu — anti-social professional brooo",1
"nanna bike ki petrol leduu, naaku pocket money ledhu, iddaru okkaa team kadaa",1
CN concepts chaala important undy software engineering ki,0
"bus timings change avvunu Madhapur lo recently, new schedule vasindi",0
chelli adugutundi 'nuvuu ekkadoo vellav?' nenu: exam. chelli: pass avutava? — motivating bru,1
"nannagaru 'maa time lo challaa kashtapaddamu' antaa, a time lo discrete maths ledoo bru — different struggle",1
"naa TOC notes chaallu neat ga undii, exam ki neney chadduvukoledu — aesthetic > knowledge",1
Hindupur lo real estate prices increase avnu last year lo,0
"new startup Warangal lo start avunuu, local collector opportunities create avunuu",0
"Bunny environmental science project last night chesadu, works on his laptop, edu lab lo — classic",1
"Harish assignment last minute chesadu, font 16, margins wide, 3 pages done — engineering at its peak",1
"nenu WhatsApp lo payment chesdu bill ki, easy ga undhi",0
"Ongole climate chaalaa hot summers lo, monsoon better ga undii",0
public transport use cheyyadam traffic reduce avunuu pollution kudaa taginchutundi,0
important files backup regular ga cheyyadam data loss avoid ki,0
"ammaaa pappu chesadu, nenu 'challaa undy' annanu — ledoo, pure diplomacy bro",1
"nenu Dharani tho management group study chesaadhu, helpful avunuu",0
"naa statistics record oka page kooda rayaledu, submission day lo Chitti xerox shop lo undi lol",1
Dilsukhnagar lo okkaa new Swiggy office open avunuu this month,0
"Nitesh adugadu which TOC book better ani, reference book suggest chesanu",0
vada challaa healthy option undi daily diet lo,0
"meeting schedule avvunu, 'this could have been an email' — every time broh",1
"naa department ki Jupiter lo daily velthunna, time avunu chala",0
"online class lo professor 'unmute avvandi' anti — 50 fans, 10 dogs, 5 ammgaru voices",1
chutney health benefits chaala undii nutritional value tho,0
"movie lo villain challa smart undoo, hero oka scene lo defeat chesaadhu — audience: wait what",1
"nenu Bhavana ki cheppanu class time change avunu ani, okay annadi",0
"engineering colleges chala undhi Telangana lo, competition kooda challa",0
"meme post chesanu, 0 likes, friend post chesanu same meme, viral avnu — timing is everything broo",1
"India batting collapse avvunuu, nenu CN notes rasanu — parallel disasters brow",1
"nenu rasgulla try chesanu first time, okay ga undie",0
"nenu digital circuits notes prepare chesanu exam ki, chaala undie material",0
"Kiran DSA project last night chesadu, works on his laptop, leduu lab lo — classic",1
"naa principal office ki MMTS lo daily velthunna, time avunuu challa",0
Ganesh Secunderabad lo relatives ni chusaadaniki chesadu weekend lo,0
Ganesh Warangal lo software engineer ga work chestunnadu currently,0
gulab jamun chaalaa healthy option undy daily diet lo,0
Madhapur lo new metro line start avutundi next year ani announce avvunu,0
"work life balance undii ani join chesaadu, 10 PM mail vasindi — balance means different things broh",1
communication skills important undy any lawyer ki,0
"relatives adugutunnaru 'what are your plans' ani, nenu DSA pass avvadam plan broh — small goals fr fr",1
Arun department lo chemistry class attend chesdu morning lo,0
"Rohit cheppadu results afternoon lo vasthay ani, wait chesamu",0
"haircut chesadhu, photo edachu, 10 filters pettanu — still ledhu broo",1
"movie lo Bellamkonda tho fight scene, 50 mandi ni oka hand tho — physics take a vacation bro",1
deadlines track chesukovalani planner use chestey work organized ga avunuu,0
Anantapur lo infrastructure improve avnu last few years lo slowly,0
"Bellamkonda mass scene lo BGM chaallu loud undi, theater shake aayindi, naa heart shake ayindhi — same energy",1
"diet start chesanu — egg rice chusaka cancel avvunuu, health is wealth but food is life brow",1
"Chirala chaala big city undy, population challa undi currently",0
"summer lo Hyderabad lo power cut — fan leduu, AC leduu, life ledu brow",1
"hostel curfew 10 PM, Babu 10:01 ki vasadu — warden face priceless brow",1
OS nerchukovadam career ki important undhi anukunde,0
"code review lo Dinesh cheppadu 'this can be optimized' — nenu rasanu, nenu embarrassed avvunu",1
"rain avvunuu match cancel avvunu, DLS method vasindi — nobody understands DLS broh",1
"Instagram lo life challa undie, real lo meet avunuu — filter world different broo",1
physics research field challaa active undy currently globally,0
"movie lo hero okka song lo 5 countries lo dance chesadhu, nenu oka Secunderabad bus stop daataledu",1
Chirala lo road expansion project start avnu this month,0
"movie lo villain challaa smart undhi, hero okkka scene lo defeat chesadu — audience: wait what",1
university new courses announce chesadu next academic year ki,0
Tarun Bhimavaram lo bank manager ga work chestunnadu currently,0
"Gachibowli lo different areas undy, each area different culture undhi",0
"Kurnool chaalaa big city undi, population challaa undhi currently",0
"amma 'oka trader ni chadi set avutav' anti, nenu still linear algebra clear cheyyalekapotunna",1
"new startup Chirala lo start avnu, local nurse opportunities create avunuu",0
"amma cooking chesthu undy, nenu help cheyydam try chesanu — 'nuvvuu poni chadduvuko' annadi lol",1
"online exam lo Prasad tab switch chesaadhu, 'suspicious activity' alert vasindi — laedu bro just water taaganiki vellanu",1
"Tadipatri lo colleges challaa undi, students everywhere undhi anukuntunna",0
contractor avvadam challa kaashtam kani worth it undoo anukunta,0
"meme post chesanu, 0 likes, friend post chesanu same meme, viral avvunu — timing is everything brow",1
Deepak today TOC assignment submit chesaadhu on time,0
"naa maths class holiday lo undoo, attend chesanu",0
"propose chesanu, 'I think of you as a brother' annadi — TOC result kanna worse shock broh",1
"online exam lo Pavan tab switch chesaadu, 'suspicious activity' alert vasindi — edu bro just water taaganiki vellanu",1
"Abhi selfie 50 teesadu, oka post chesdu, 2 likes vasindi — effort vs result gap bru",1
"Karimnagar lo different areas undi, each area different culture undi",0
online learning convenient ga undy anukunde most students ki,0
MLA avvadam challaa kaashtam kani worth it undii anukuntunna,0
"Rajesh cheppadu results night lo vasthay ani, wait chesamu",0
"peddamma cheppindi 'Amulya ni chuso doctor avnu' ani, Amulya ki MBBS ledhu — inspiration from fiction",1
"diet chesaadu, results edu, mirchi bajji eat chesdu, results edu — same outcome different happiness",1
management okkka important branch undie computer science lo,0
"ammgaru hostel food check chesaadhu, tiffin box tho vasindi — mom knows best bro",1
environmental science interesting subject undi naa opinion lo,0
match tension lo paneer edu tinnanu — superstition eating brooo,1
"nenu butter chicken try chesanu first time, okay ga undhi",0
"restaurant bill chaala undie, split chesamu, nenu extra chesanu — mathematics of friendship broo",1
"amma phone lo data ledu, naa phone lo data ledhu, iddaru fight chesamu — poverty bonding",1
government 'smart city' anti Adoni lo Uber ki roads ledu — very smart planning bro,1
Ramu Ongole lo relatives ni chusaadaniki chesadhu weekend lo,0
"Rakesh deadline miss chesadhu, 'estimation ga chesanu' annadu — estimation = guess confirmed brow",1
"Rohit cheppadu today class undoo ani, nenu attend chesanu",0
"online exam lo Bunny tab switch chesdu, 'suspicious activity' alert vasindi — ledu bro just water taaganiki vellanu",1
Secunderabad lo transport options improve avunuu metro tho,0
"online lo Kalyani profile photo chaala undie, real lo meet avunuu — filter technology peak level broh",1
economics basics strong avvunuu ante advanced concepts easy avvunu,0
"new hospital Tirupati lo open avutundi next month, facilities challaa undii",0
"Pawan Kalyan movie review: 'logic ledu' — fans: 'logic antee em bru, emotion chuso'",1
"nenu pappu try chesanu first time, okay ga undhi",0
"India batting collapse avvunu, nenu AI notes rasanu — parallel disasters brow",1
gulab jamun preparation method different ga undhi different regions lo,0
"Mahesh Babu movie trailer chaalaa undoo ani 4 tickets kattanu, movie logic ledoo — trailer cheated bro",1
"follow request pampanu, pending lo undii 6 months — neither yes nor no broo",1
software jobs chaala undie Vijayawada lo young graduates ki,0
"India World Cup win chesdu, nenu DSA fail avunu same day — mixed emotions brooo",1
"Farida adugundi canteen ekada undie ani, direction cheppanu",0
"3 months crush chesanu, Meena cheppindi 'I have a boyfriend' ani day 1 lo laedu — time waste certified",1
Vijay Hindupur lo relatives ni chusaadaniki chesadhu weekend lo,0
engineering drawing nerchukovadam career ki important undhi anukuntunna,0
"hostel wifi password change avnu, warden ki request chesdu, 'study cheyyi' annadu — classic block",1
communication skills important undhi any politician ki,0
healthy ga undadam ki pulihora tho balanced diet maintain avunuu,0
"India win avvunu, Bhaskar bike lo celebrate chesadu — okkka run ki overreact avvunuu bru",1
Mani today microprocessors assignment submit chesadhu on time,0
"work life balance undie ani join chesadhu, 10 PM mail vasindi — balance means different things broo",1
"mess rasgulla bad undi, outside rasgulla expensive undy, amma rasgulla perfect undi — home truth",1
"Naidu software engineering project last night chesadu, works on his laptop, leduu lab lo — classic xd",1
naa microprocessors marks chusaka okka nimisham silent ga undoo — grief kadu pure shock broh,1
"Naga story pettindi, nenu first viewer avnu — stalker ledoo bro just coincidence",1
Guntur chaala develop avutundi last few years lo,0
"nenu today Chirala ki scooty lo vellanu, challa time avvunu",0
"naa statistics class midnight lo undoo, attend chesanu",0
"haircut chesadhu, photo edachu, 10 filters pettanu — still leduu bro",1
"nenu Moj lo payment chesaadu bill ki, easy ga undy",0
"naaku sambar chaalaa ishtam, amma chesadu, vere sambar chesadu — betrayal",1
"office lunch lo attu undy, nenu Roposo order chesanu — mess food bypass broh",1
"Sravani adugundi canteen ekkadoo undie ani, direction cheppanu",0
software jobs challaa undie Proddatur lo young graduates ki,0
"Venu selfie 50 teesadu, okkka post chesadhu, 2 likes vasindi — effort vs result gap bro",1
"Sai room lo tomato rice dabbala cook chesdu, entire floor smell aayindi — community notification",1
Narasaraopet lo okaa new Moj office open avnu this month,0
"India World Cup win chesadhu, nenu chemistry fail avnu same day — mixed emotions bru",1
"nenu Anna tho statistics doubts discuss chesanu, clear avvunu finally",0
"nenu today Vizag ki tractor lo vellanu, challaa time avvunuu",0
"Sanjay LinkedIn lo 'open to work' pettadu, recruiter leduu, relatives vasindi — wrong platform response",1
"UPS undhi ante power cut edu kani, UPS battery ledoo — backup of backup ledhu broo",1
Rajesh cheppaadu new Roposo download chesanu try cheyyi ani,0
"morning 6 ki alarm, snooze, 7 ki alarm, snooze, 9 ki ammgaru voice — most effective alarm bro",1
Tenali lo okka new Amazon office open avvunuu this month,0
vada preparation method different ga undie different regions lo,0
time management important skill undie students ki anukunde,0
"new startup Warangal lo start avunuu, local pilot opportunities create avunu",0
Girish Machilipatnam lo relatives ni chusaadaniki chesdu weekend lo,0
Kurnool chaala develop avutundi last few years lo,0
"online exam lo Varun tab switch chesadu, 'suspicious activity' alert vasindi — laedu bro just water taaganiki vellanu",1
"naa placement cell ki scooty lo daily velthunna, time avnu challa",0
"power cut aayindi, phone dead, fan edu, summer — Warangal punishment level heat",1
"naa chemistry class dawn lo undy, attend chesanu",0
"Chintu LinkedIn lo 'open to work' pettadu, recruiter edu, relatives vasindi — wrong platform response",1
"Vijay cheppdu project submit chesaadhu ani, good annanu",0
"Bhaskar Facebook lo 'checking in' everywhere pettadu, ammaaa ki location track avvunuu — backfire broh",1
Ravi Hindupur lo MP ga work chestunnadu currently,0
OOPS research field chaala active undi currently globally,0
"new flyover Ongole lo ready avunu next month, traffic ease avnu anukunde",0
"Nellore chala big city undoo, population chaalaa undoo currently",0
"naa post lo 100 likes vasindi, Naveen cheppdu 'paid promotion avvunuu' ani — jealousy speaks bru",1
"amma 'oka politician ni chadi set avutav' antee, nenu still OS clear cheyyalekapotunna",1
"Nithiin movie trailer chaallu undy ani 4 tickets kattanu, movie logic laedu — trailer cheated bro",1
"LB Nagar lo okkaa seat dorikithe lucky ani anukuntunna, destination ki reach avunuu — always like this",1
"diet chesdu, results leduu, upma eat chesaadhu, results ledu — same outcome different happiness",1
Tenali lo infrastructure improve avvunuu last few years lo slowly,0
"hero bike stunt chesdu, Bhai try chesdu — bike undie, Bhai hospital lo undhi",1
"online lo Nandini profile photo chala undie, real lo meet avvunu — filter technology peak level brow",1
"generator sound undii, power back avvunu ani excited avunuu, neighbour generator avnu — false hope bru",1
"Sanjay Amulya ki 'hi' text chesdu, 3 days tarvata reply vasindi — chaallu busy schedule undie broo",1
Chirala lo weather chaalaa hot ga undii summers lo generally,0
"nenu linear algebra notes prepare chesanu exam ki, chaalaa undy material",0
family function lo uncle adugadu 'marks entha' ani — nannagaru topic change chesadu immediately,1
"new hospital Gachibowli lo open avutundi next month, facilities challa undi",0
"nenu Sai tho software engineering doubts discuss chesanu, clear avunu finally",0
"night lo pappu crave avunu, Zepto open chesanu, delivery ledoo hostel ki — hunger unsatisfied bro",1
"bag pack chesanu trip ki, oka thing forget chesaadu, charger — always the charger",1
"Anantapur chaalaa big city undi, population chala undoo currently",0
Raju today digital circuits assignment submit chesadhu on time,0
time management important skill undi students ki anukunta,0
Nandini adugindi 'emaina special undieva nalo?' — nenu compilers notes rasaanu simultaneously,1
"group chat lo message chesdu, everyone read, no reply — ghost protocol activate avunuu",1
"Sirisha adugundi canteen ekkado undii ani, direction cheppanu",0
Prasad library lo discrete maths chadduvutunnadu evening daka,0
Bhaskar library lo OOPS chadduvutunnadu evening daka,0
"tomato rice spicy order chesanu, 'extra spicy' antee, tears vasindi — bravado backfire broo",1
"nenu Jasmine tho DBMS group study chesadhu, helpful avvunu",0
digital circuits concepts challa important undoo software engineering ki,0
"mess food chaallu bad undii, complain chesamu, next day kooda same — feedback loop leduu",1
"queue lo oka hour stand chesanu, naa turn ki 'closed' board — universal suffering brow",1
"fantasy cricket lo Shubman Gill select chesdu, zero points vasindi — real game different bru",1
"nenu today Narasaraopet ki truck lo vellanu, challa time avnu",0
OS concepts chaallu important undy software engineering ki,0
"Rakesh Tejaswi ki chapati treat ichadu, Tejaswi friend koodha vasindi, friend ki kooda treat ichadu — poverty begins",1
"amma hostel food check chesadhu, tiffin box tho vasindi — mom knows best brooo",1
"new joiner vasadu, nenu senior ani feel avunuu, nenu kooda confused undy — leading the lost broh",1
"movie lo Nithiin tho fight scene, 50 mandi ni okkka hand tho — physics take a vacation broo",1
Tirupati lo weather chaalaa hot ga undy summers lo generally,0
"Naidu Swathi ki chicken curry treat ichadu, Swathi friend kudaa vasindi, friend ki kuda treat ichadu — poverty begins",1
"morning 6 ki alarm, snooze, 7 ki alarm, snooze, 9 ki ammaaa voice — most effective alarm broh",1
"crush 'good morning' text pampindi — nenu microprocessors exam forget chesaadhu, failed — worth it bro 💀",1
communication skills important undi any accountant ki,0
"rain avnu match cancel avunuu, DLS method vasindi — nobody understands DLS broo",1
"today English lab session undhi, experiment complete chesaadu",0
"Josh order cancel ayindy, money 7 days lo refund avunuu ani cheppindi — 7 days lo naa hunger wait ledhu",1
"Ongole lo different areas undy, each area different culture undy",0
naa economics marks chusaka okka nimisham silent ga undy — grief kadu pure shock broh,1
Srinu library lo English chadduvutunnadu evening daka,0
"Bindu chepindi notes share cheyyi ani, share chesanu",0
"Hardik Pandya century chesdu, office lo kooda celebration — productivity zero officially",1
"state lo rainfall challa undy this monsoon season, reservoirs full avunu",0
"Balayya new movie announce aayindi, fans excited avvunuu, nenu economics exam tension lo undhi — different worlds",1
"hostel curfew 10 PM, Nitesh 10:01 ki vasadu — warden face priceless bru",1
"Rajesh cheppadu results dawn lo vasthay ani, wait chesamu",0
"Bhaskar laundry okkka month chesadu, room lo mountain avunuu — Himalayas size bro",1
"naa phone battery chala fast poothundi, relationships kanna faster 🥲",1
"Mahesh bro data mining exam ki prepare laedu, result vasthe 'paper tough undii' ani blame chesadu fr fr",1
"placement cell lo HR adugadu 'where do you see yourself in 5 years', Venky 'sleeping' annadu — honest answer 😭😭",1
"online lo Indu profile photo chaalaa undy, real lo meet avnu — filter technology peak level brow",1
"fried rice spicy order chesanu, 'extra spicy' antee, tears vasindi — bravado backfire bro",1
Chitti today management assignment submit chesaadu on time,0
Harish Kadapa lo relatives ni chusaadaniki chesadhu weekend lo,0
"Telugu cinema industry chala big undhi, annual revenue challa undoo",0
"naa seminar hall ki cab lo daily velthunna, time avnu chaalaa",0
group study sometimes helpful avvunuu anukuntunna complex subjects ki,0
"nenu biryani try chesanu first time, okay ga undy",0
practical knowledge chaalaa important undii theoretical kanna anukunde,0
"nenu Dharani ki cheppanu class time change avunuu ani, okay annadi",0
"Twitter lo argument chesadu Naidu, 200 replies vasindi, everyone against — ratio avnu bru",1
"phone laedu chesanu '1 week', day 3 ki check chesanu — addiction certified broh",1
"Kurnool lo okka seat dorikithe lucky ani anukunta, destination ki reach avvunu — always like this",1
networks okkka important branch undie computer science lo,0
"power cut ayindhi, phone dead, fan edu, summer — Tirupati punishment level heat",1
"IPL season lo environmental science study ledhu, exam results reflect avunu — cricket education bro",1
"babai cheppadu 'Babu ni chuso chaala undie' — Babu fail avvunu broo, different level inspiration",1
Naidu Machilipatnam lo IAS officer ga work chestunnadu currently,0
communication clearly cheyyadham professional contractor ki essential skill undoo,0
"Ajay selfie 50 teesadu, okaa post chesadu, 2 likes vasindi — effort vs result gap brooo",1
"naa English valla English miss ayindy, English valla English miss ayindhi — perfect planning genius bro",1
"Kamal exam hall lo calculator teesukochadu, compilers lo calculations ledhu — prepared for wrong subject",1
"Anantapur climate chaalaa hot summers lo, monsoon better ga undie",0
"Bunny exam hall lo calculator teesukochadu, environmental science lo calculations leduu — prepared for wrong subject",1
"cooking chesaadu, taste check chesanu, taste check again — by end attu leduu bru",1
"nenu coconut rice tho dinner chesamu family tho, chaala undy",0
"movie lo villain chaala smart undi, hero okka scene lo defeat chesadu — audience: wait what",1
"last ball lo 6 kavali, Gopi TV off chesadu — cannot witness the end bro",1
"online lo Lavanya profile photo chaalaa undi, real lo meet avunuu — filter technology peak level broo",1
"commentary lo 'magnificent shot' antee, camera replay chesadhu, edge undie — commentary lying brow",1
"nenu idli tinnanu, chaallu undy anukuntaa",0
practical knowledge chaallu important undi theoretical kanna anukunde,0
group study sometimes helpful avnu anukunta complex subjects ki,0
"Telugu cinema industry chala big undii, annual revenue chaala undii",0
"meeting schedule avvunuu, 'this could have been an email' — every time broh",1
chelli adugutundi 'nuvu ekkado vellav?' nenu: exam. chelli: pass avutava? — motivating brooo,1
"morning 6 ki alarm, snooze, 7 ki alarm, snooze, 9 ki ammaaa voice — most effective alarm bru",1
"new startup Kurnool lo start avunu, local doctor opportunities create avunu",0
resume lo relevant algorithms skills clearly mention cheyyadam important,0
"bag pack chesanu trip ki, okaa thing forget chesaadhu, charger — always the charger",1
"India match undhi, maths exam koodaa undie, nenu match chesanu — priorities clear broo",1
Karimnagar chaala develop avutundi last few years lo,0
"nenu management notes prepare chesanu exam ki, challa undii material",0
Ravi exam hall lo networks class attend chesaadu morning lo,0
statistics okka important branch undi computer science lo,0
mental health kuda physical health la important undii anukunde,0
Karimnagar lo new metro line start avutundi next year ani announce avunu,0
"night lo gongura rice crave avvunu, Moj open chesanu, delivery edu hostel ki — hunger unsatisfied broo",1
"Bhavana cheppindi tomorrow test undie engineering drawing lo ani, prepare avvunuu",0
"oka bite sambar tinnanu, finish avvunuu entire plate — portion control failed broo",1
"Gandu cheppadu today class undie ani, nenu attend chesanu",0
"hostel gate closed avunu, Rahul wall jump chesadu, security undhi — caught in 4K broh",1
"dosa spicy order chesanu, 'extra spicy' antaa, tears vasindi — bravado backfire bru",1
tamarind rice challa healthy option undy daily diet lo,0
"Sharwanand mass scene lo BGM chala loud undoo, theater shake ayindii, naa heart shake aayindi — same energy",1
"naa post lo 100 likes vasindi, Anna cheppdu 'paid promotion avunu' ani — jealousy speaks bro",1
"warden room check chesdu, Pavan room clean chesaadhu first time — inspection effect broh",1
"nenu software engineering notes prepare chesanu exam ki, chala undi material",0
naa maths marks chusaka okaa nimisham silent ga undi — grief kaaduu pure shock bro,1
"Proddatur lo new IT park build avutundi, jobs increase avunu anukuntaa",0
"internals lo Venu ki 9/30 vasthe 'grace marks' antadu, grace means 9 ye brow",1
linear algebra interesting subject undy naa opinion lo,0
Dilsukhnagar lo new metro line start avutundi next year ani announce avnu,0
"Telugu language challaa old language undy, rich literature undhi",0
Dilsukhnagar lo weather challa hot ga undoo summers lo generally,0
"Lokesh adugadu ekkada undi nuvvu ani, Kukatpally lo undi cheppanu",0
"Sai Tej movie flop avunu, fans 'director problem' antaru — hero ekkudda fault ledoo bru",1
Hyderabad lo transport options improve avunu metro tho,0
"power cut avunu Hindupur lo, exam night lo — God timing perfect broo",1
mental health kudaa physical health la important undoo anukuntunna,0
"Srinu cheppadu today class undie ani, nenu attend chesanu",0
"Telugu cinema industry chaallu big undie, annual revenue chaalaa undhi",0
"nenu Venky ki AI concept explain chesanu, understood annadu",0
"Telugu cinema industry chala big undy, annual revenue chaalaa undhi",0
discrete maths okkaa important branch undii computer science lo,0
"WFH undi, camera off meeting, pajama lo undi — professional from waist up bro",1
Munna cheppdu new Amazon Prime download chesanu try cheyyi ani,0
"government data scientist recruitment notification release avnu, applications start avunu",0
"nanna WhatsApp lo 'good morning' message forward chesadu, nenu reply laedu chesanu — generational gap",1
"mess food challaa bad undi, complain chesamu, next day koodha same — feedback loop edu",1
Tenali lo new metro line start avutundi next year ani announce avvunu,0
"Surya deadline miss chesaadhu, 'estimation ga chesanu' annadu — estimation = guess confirmed bru",1
"nenu garelu try chesanu first time, okay ga undy",0
exam lo Rajesh pray chesdu 'God MCQ lo A avvani cheyyatam' — very specific prayer bru,1
"power cut avunuu, phone charge ledhu, powerbank ledhu — darkness in every way brooo",1
"Venu LinkedIn lo 'open to work' pettadu, recruiter laedu, relatives vasindi — wrong platform response",1
"Chirala lo different areas undii, each area different culture undie",0
relationship status: management tho — at least it needs me bro fr fr,1
"warden room check chesadhu, Ramu room clean chesadu first time — inspection effect broh",1
"India last over lo 20 kavali, Chintu prayer start chesaadhu — sudden devotion bru",1
"akka result vasindi, amma sweets chesindi, naa result vasindi, amma fasting chesindi — clear bias",1
"morning 6 ki alarm, snooze, 7 ki alarm, snooze, 9 ki amma voice — most effective alarm broh",1
"morning vada breakfast ki chesamu, amma chesaadhu today",0
"Mehdipatnam lo different areas undi, each area different culture undie",0
"amma hostel food check chesadu, tiffin box tho vasindi — mom knows best bru",1
"butter chicken spicy order chesanu, 'extra spicy' anti, tears vasindi — bravado backfire bro",1
"Sai Tej okaa punch lo 10 mandi ni ledoo chesdu, nenu okaa microprocessors paper clear cheyyalekapoyanu",1
"Spotify notification off chesanu, silent mode chesadhu, still distracted avvunu — problem internal broh",1
compilers okkka important branch undii computer science lo,0
"valentine's day ki Ravi alone undoo, poori order chesaadhu — self love era",1
software jobs chala undii Madhapur lo young graduates ki,0
"3 months crush chesanu, Padma cheppindi 'I have a boyfriend' ani day 1 lo ledu — time waste certified",1
"new joiner vasadu, nenu senior ani feel avunu, nenu kudaa confused undii — leading the lost bru",1
"new shoes vecchaanu, blister vasindi — fashion pain is real brooo",1
"rain avvunuu match cancel avunuu, DLS method vasindi — nobody understands DLS brow",1
"Allu Arjun movie lo villain challa try chesadhu, hero ki okkka scratch ledhu — plot armour S tier",1
Rajahmundry lo water supply schedule change avvunu maintenance ki,0
"Pavan bru digital circuits exam ki prepare leduu, result vasthe 'paper tough undy' ani blame chesaadhu",1
"Twitter lo argument chesdu Anil, 200 replies vasindi, everyone against — ratio avvunu broh",1
"Sanjay cheppadu today class undii ani, nenu attend chesanu",0
mental health koodaa physical health la important undy anukunde,0
software jobs challaa undii Kurnool lo young graduates ki,0
"meme post chesanu, 0 likes, friend post chesanu same meme, viral avvunuu — timing is everything broh",1
"last ball lo 6 kavali, Kiran TV off chesadu — cannot witness the end brooo",1
Narasaraopet lo new metro line start avutundi next year ani announce avunuu,0
"engineering colleges chaala undhi Telangana lo, competition kuda chaallu",0
"naaku tamarind rice chaalaa ishtam, amma chesaadu, vere tamarind rice chesadhu — betrayal",1
"naa life okaa hero laa start avunuu — but interval leduu, climax edu, budget ledoo",1
Ongole lo road expansion project start avnu this month,0
"okka bite poori tinnanu, finish avunu entire plate — portion control failed brow",1
"room mate broh light 2 AM daka chestunnadu, exam ledu, YouTube undi — dedication wrong place",1
"night mess lo punugulu extra undoo, Vikram 5 plates tinnadu — bulk season bru",1
"power cut avvunuu, phone charge leduu, powerbank edu — darkness in every way bro",1
nenu Anna tho Nellore meet avnu ani plan chesadhu,0
"summer lo Madhapur lo power cut — fan ledoo, AC ledhu, life laedu brooo",1
professor 'open book exam' antey Lucky library motham bag lo pettukochadu 💔,1
"night mess lo attu extra undie, Rahul 5 plates tinnadu — bulk season broo",1
"Bhaskar Bhavana ki 'hi' text chesaadu, 3 days tarvata reply vasindi — challa busy schedule undii broo",1
"nenu Babai tho microprocessors doubts discuss chesanu, clear avnu finally",0
discrete maths nerchukovadam career ki important undy anukuntaa,0
"movie lo villain chala smart undy, hero okkka scene lo defeat chesadhu — audience: wait what",1
"Lokesh adugadu which OOPS book better ani, reference book suggest chesanu",0
"long distance relationship undy, calls chaallu undoo, meet avvunuu — bills only growing",1
"performance review lo self assessment rasanu, manager overwrite chesaadu — useless exercise brooo",1
communication skills important undoo any designer ki,0
"nenu Blinkit lo payment chesadhu bill ki, easy ga undoo",0
"Telugu language chaallu old language undi, rich literature undhi",0
"Hema cheppindi 'just be yourself' ani, nenu myself avvunuu undi, works ledu broh — bad advice",1
chelli adugutundi 'nuvu ekada vellav?' nenu: exam. chelli: pass avutava? — motivating brow,1
"movie lo hero okkaa song lo 5 countries lo dance chesadu, nenu okaa Eluru bus stop daataledu",1
"curd rice chesthu undie ammaa, nenu taste chesanu, 'chaala undhi' annanu — chef appreciation bru",1
"Kadapa challaa big city undhi, population chaalaa undi currently",0
"mess food chala bad undie, complain chesamu, next day koodha same — feedback loop leduu",1
Tenali lo water supply schedule change avnu maintenance ki,0
"summer lo Tenali lo power cut — fan ledu, AC ledhu, life leduu bro",1
nanna smartphone istE WhatsApp lo naa result forward chesdu relatives ki — appreciated edu broo,1
practical knowledge challaa important undie theoretical kanna anukuntunna,0
"nenu pulihora tho dinner chesamu family tho, chaalaa undi",0
"naa microprocessors paper lo oka question kaduu telivindi, kani confident ga avunu rasa — confidence bru not knowledge bruh",1
"Venky Haritha ki butter chicken treat ichadu, Haritha friend koodha vasindi, friend ki koodaa treat ichadu — poverty begins",1
"nenu Keerthi tho discrete maths group study chesaadhu, helpful avnu",0
"propose chesanu, 'I think of you as a brother' annadi — OOPS result kanna worse shock bro",1
"naa DBMS valla microprocessors miss ayindi, microprocessors valla DBMS miss ayindii — perfect planning",1
nanna smartphone istE WhatsApp lo naa result forward chesadu relatives ki — appreciated ledhu bro,1
"Sirisha cheppindhi notes share cheyyi ani, share chesanu",0
"crush 'good morning' text pampindi — nenu networks exam forget chesdu, failed — worth it bro",1
communication clearly cheyydam professional data scientist ki essential skill undii,0
"naa phone battery challaa fast poothundi, relationships kanna faster lmao",1
"performance review lo self assessment rasanu, manager overwrite chesaadhu — useless exercise broh",1
"Deepika chepindi exam postpone avunu ani, relief avvunu",0
"room mate broh light 2 AM daka chestunnadu, exam ledoo, YouTube undhi — dedication wrong place",1
"Meena 'nuvu change avvali' annadi, Sunil hairstyle change chesdu — nenu try chesanu bro",1
"night lo pesarattu eat chesanu, morning ki amma ki telusindi — digestive system traitor bru",1
"Nithiin mass scene lo BGM chaalaa loud undhi, theater shake ayindy, naa heart shake ayindii — same energy",1
"online lo Yamini profile photo challaa undi, real lo meet avnu — filter technology peak level brooo",1
"warden room check chesaadu, Babu room clean chesadhu first time — inspection effect brooo",1
"crush same management class lo undii, nenu rojuu attend chesanu — subject edu bro attendance reason different",1
government 'smart city' antee Tadipatri lo Pulsar ki roads ledhu — very smart planning brooo,1
"Gandu cheppadu tomorrow Hyderabad lo program undy ani, attend chestava adugadu",0
"Deepak cheppadu today class undoo ani, nenu attend chesanu",0
Adivi Sesh interview lo 'fans my strength' annadu — fans hearing this: power up avvunuu gone case,1
"relatives adugutunnaru 'what are your plans' ani, nenu chemistry pass avvadam plan brooo — small goals",1
"Ishani cheppindi tomorrow test undi chemistry lo ani, prepare avvunu",0
"Mani department ki late vasthe professor 'reason?' adugadu, 'ammaaa chesindi late' annadu — universal excuse",1
"Hotstar lo halwa order chesanu '30 mins' anti — 2 hours lo vasindi, cold ga undhi",1
"morning 6 ki alarm, snooze, 7 ki alarm, snooze, 9 ki amma voice — most effective alarm brow",1
"traffic lo Secunderabad lo okkaa hour stuck, GPS '2 mins away' antu undi — GPS lying brooo",1
algorithms basics strong avunu antey advanced concepts easy avvunu,0
"Rakesh lab lo attendance ledhu brooo, but ammaa tho 'daily velthunna' antadu — technically leduu kaadaa",1
"Abhi Instagram bio lo 'entrepreneur' pettadu, venture ledoo — aspirational lying bru",1
ammaa: nuvvu ekkado unnav? nenu: library lo. amma: mee college lo library ekada undi ra? finished bro,1
"hostel gate closed avvunuu, Arjun wall jump chesadhu, security undhi — caught in 4K bru",1
Varun department lo linear algebra class attend chesadu morning lo,0
Friday lo urgent task vasindi — weekend destroyer confirmed bru,1
"nenu Nani tho ML doubts discuss chesanu, clear avunuu finally",0
"movie lo Sharwanand tho fight scene, 50 mandi ni okaa hand tho — physics take a vacation brooo",1
"nenu coconut rice tho dinner chesamu family tho, chaala undi",0
engineer avvadam challaa kaashtam kani worth it undi anukuntaa,0
"KL Rahul century chesadu, office lo koodha celebration — productivity zero officially",1
"bus timings change avvunuu Mehdipatnam lo recently, new schedule vasindi",0
"engineering colleges chala undoo Telangana lo, competition kooda challa",0
"new hospital Nellore lo open avutundi next month, facilities challa undii",0
"Sai adugadu ekkada undi nuvvu ani, Warangal lo undi cheppanu",0
"online meeting lo nenu mute avvunu matladanu 5 mins — everyone heard, no one told broh",1
Secunderabad lo infrastructure improve avunuu last few years lo slowly,0
"Telugu language chaala old language undie, rich literature undoo",0
"Surya Radha kosam algorithms study chesadu, Radha different section lo undi — wasted effort",1
"summer lo Bhimavaram lo power cut — fan ledu, AC ledhu, life ledoo brooo",1
MP avvadam chaallu kaashtam kani worth it undoo anukuntunna,0
time management important skill undy students ki anukuntaa,0
reading habit chaalaa useful undy long term lo anukunta,0
"ShareChat lo rasam 50% off undhi, order chesanu, delivery charge 100 rs — discount illusion broh",1
"Pappu cheppadu tomorrow Kurnool lo program undoo ani, attend chestava adugadu",0
"hostel wifi password change avunu, warden ki request chesdu, 'study cheyyi' annadu — classic block",1
communication clearly cheyydam professional teacher ki essential skill undie,0
nenu Rajesh tho Secunderabad meet avvunuu ani plan chesadhu,0
nenu Pappu tho Karimnagar meet avvunu ani plan chesaadu,0
"night mess lo dal rice extra undoo, Anna 5 plates tinnadu — bulk season bru",1
family function lo uncle adugadu 'marks entha' ani — nannaa topic change chesdu immediately,1
nenu Pavan tho Tadipatri meet avnu ani plan chesdu,0
online learning convenient ga undy anukuntunna most students ki,0
"nenu Suresh ki cheppanu today assignment undi ani, thanks annadu",0
"diet chesadu, results laedu, curd rice eat chesadu, results leduu — same outcome different happiness",1
family function lo uncle adugadu 'marks entha' ani — nannaa topic change chesadu immediately,1
regular exercise chaala important undi long term health ki,0
discrete maths okka important branch undie computer science lo,0
"Divya chepindi tomorrow test undie linear algebra lo ani, prepare avvunuu",0
"Rakesh cheppadu results night lo vasthay ani, wait chesamu",0
"bug report vasindi, nenu 'not able to reproduce' chesadu — classic response bro",1
"Anil chepdu Gachibowli ki vellaadani, nenu kooda veltanu annanu",0
"nenu Arun ki DSA concept explain chesanu, understood annadu",0
"Babai Chaitra kosam ML study chesadu, Chaitra different section lo undy — wasted effort",1
English basics strong avunu ante advanced concepts easy avunu,0
"today compilers lab session undi, experiment complete chesaadu",0
"India last over lo 20 kavali, Venky prayer start chesadhu — sudden devotion broh",1
"office coffee machine broken avnu, entire team productivity zero — dependency confirmed brooo",1
"state lo rainfall chala undy this monsoon season, reservoirs full avunu",0
"Telugu language chaalaa old language undie, rich literature undhi",0
"new flyover Machilipatnam lo ready avunuu next month, traffic ease avvunuu anukuntaa",0
statistics research field chala active undie currently globally,0
"Munna assignment last minute chesaadu, font 16, margins wide, 3 pages done — engineering at its peak",1
"naa life okkaa hero laa start avunuu — but interval edu, climax laedu, budget ledu 😭😭",1
"morning curd rice breakfast ki chesamu, amma chesdu today",0
"naa maths paper lo okaa question kaadu telivindi, kani confident ga avunuu rasa — confidence brow not knowledge",1
Kurnool lo IT sector challa grow avutundi past decade lo,0
Rakesh Tadipatri lo relatives ni chusaadaniki chesdu weekend lo,0
"office lunch lo rasam undhi, nenu Swiggy order chesanu — mess food bypass bru",1
"new shoes vecchaanu, blister vasindi — fashion pain is real brow",1
"Kamal cheppadu today class undy ani, nenu attend chesanu",0
OOPS prepare avvadam ki daily consistent practice important undii,0
"vada traditional Vizag dish undy, festivals lo prepare avnu",0
"Proddatur lo different areas undhi, each area different culture undy",0
"Hotstar lo biryani order chesanu, wrong item vasindi, hungry avunuu tinna — hunger defeats ego",1
"Rahul cheppadu project submit chesadhu ani, good annanu",0
"Amulya story pettindi, nenu first viewer avvunu — stalker laedu bro just coincidence",1
reading habit chaala useful undi long term lo anukuntunna,0
"Suma cheppindi exam postpone avvunu ani, relief avunuu",0
"Suma chepindhi tomorrow test undii CN lo ani, prepare avunu",0
"mess food chala bad undy, complain chesamu, next day kooda same — feedback loop ledu",1
"India last over lo 20 kavali, Bhaskar prayer start chesadu — sudden devotion brooo",1
"online meeting lo nenu mute avvunuu matladanu 5 mins — everyone heard, no one told bru",1
"ammaa hostel food check chesaadu, tiffin box tho vasindi — mom knows best bru",1
"nenu pesarattu tinnanu, chaallu undie anukunde",0
"amma chepindhi 'doctor avutav' ani, naa marks chusaka 'compounder avnu kadaa' ani update chesdu",1
"ammgaru phone lo data ledu, naa phone lo data laedu, iddaru fight chesamu — poverty bonding",1
"Sekhar room lo rasam dabbala cook chesadhu, entire floor smell aayindi — community notification",1
"power cut avnu, phone charge ledu, powerbank edu — darkness in every way brow",1
Arjun records room lo algorithms class attend chesadhu morning lo,0
engineering challaa popular course undie Andhra Pradesh lo,0
"internals lo Pappu ki 9/30 vasthe 'grace marks' antadu, grace means 9 ye bru",1
"amma 'oka accountant ni chadi set avutav' ante, nenu still software engineering clear cheyyalekapotunna",1
physics okkka important branch undy computer science lo,0
"biryani order chesanu, delivery boy cheppdu '5 mins', 45 mins avvunuu — elastic 5 mins bro",1
"Dinesh cheppadu today class undi ani, nenu attend chesanu",0
"Munna cooking first time chesadhu, curd rice chesanu, amma feedback: 'next time edu chesuku' — harsh review",1
"Karimnagar climate challa hot summers lo, monsoon better ga undhi",0
Usha adugindi 'emaina special undhiva nalo?' — nenu chemistry notes rasaanu simultaneously,1
"Chitti Swathi kosam ML study chesadu, Swathi different section lo undie — wasted effort",1
networks nerchukovadam career ki important undhi anukuntaa,0
"room mate bru light 2 AM daka chestunnadu, exam leduu, YouTube undhi — dedication wrong place",1
"nenu Hotstar lo payment chesaadu bill ki, easy ga undie",0
"Santosh assignment last minute chesaadu, font 16, margins wide, 3 pages done — engineering at its peak",1
"Charan adugadu which engineering drawing book better ani, reference book suggest chesanu",0
"crush 'good morning' text pampindi — nenu data mining exam forget chesaadu, failed — worth it brooo",1
"hostel mess lo roti undie, canteen lo roti undi, outside lo roti undie — roti universe bro",1
"Ramesh exam hall lo calculator teesukochadu, software engineering lo calculations laedu — prepared for wrong subject",1
"warden room check chesaadhu, Sai room clean chesadhu first time — inspection effect bru",1
"biryani traditional Rajahmundry dish undhi, festivals lo prepare avvunu",0
"naa physics paper lo okkaa question kadu telivindi, kani confident ga avvunuu rasa — confidence broo not knowledge",1
"Shubman Gill out avunu, entire India silent avunuu — national moment of grief",1
"nenu lemon rice tinnanu, chala undoo anukunta",0
"hostel gate closed avvunuu, Dinesh wall jump chesdu, security undhi — caught in 4K bro",1
"nenu Mahesh ki cheppanu today assignment undii ani, thanks annadu",0
Indu adugindi 'emaina special undhiva nalo?' — nenu OS notes rasaanu simultaneously,1
"naa algorithms class holiday lo undii, attend chesanu",0
practical knowledge challa important undie theoretical kanna anukuntaa,0
"pulihora traditional Machilipatnam dish undhi, festivals lo prepare avvunu",0
"Twitter lo argument chesadhu Harish, 200 replies vasindi, everyone against — ratio avnu broh",1
"power cut ayindhi, phone dead, fan ledu, summer — Tadipatri punishment level heat oof",1
engineering drawing interesting subject undy naa opinion lo,0
nannagaru smartphone istE WhatsApp lo naa result forward chesadhu relatives ki — appreciated ledhu brow,1
"Usha cheppiindi exam postpone avnu ani, relief avvunu",0
"Tirupati chaala big city undoo, population challaa undi currently",0
"midnight hunger avnu, Meesho open chesanu, Nellore delivery ledoo — location punishment bru",1
Nellore lo real estate prices increase avunu last year lo,0
"nenu Farida ki wish chesanu exam ki, all the best annadi",0
"midnight hunger avvunuu, Moj open chesanu, Tenali delivery laedu — location punishment bru",1
Hyderabad lo water supply schedule change avnu maintenance ki,0
"nenu Tejaswi tho chemistry group study chesaadu, helpful avvunu",0
communication skills important undoo any data scientist ki,0
"midnight hunger avunuu, CRED open chesanu, Dilsukhnagar delivery ledhu — location punishment brow",1
"phone ledoo chesanu '1 week', day 3 ki check chesanu — addiction certified broh",1
"follow request pampanu, pending lo undii 6 months — neither yes nor no brooo",1
"new joiner vasadu, nenu senior ani feel avunu, nenu kuda confused undoo — leading the lost bru",1
"India World Cup win chesadu, nenu TOC fail avunuu same day — mixed emotions brooo",1
government 'smart city' anti Hyderabad lo metro ki roads leduu — very smart planning brow,1
"akka result vasindi, amma sweets chesindi, naa result vasindi, amma fasting chesindi — clear bias gg",1
government 'smart city' antey Gachibowli lo truck ki roads ledhu — very smart planning broh,1
Machilipatnam lo okaa new Zomato office open avnu this month,0
Vijay library lo compilers chadduvutunnadu evening daka,0
"Vani cheppindhi exam postpone avunuu ani, relief avvunuu",0
regular exercise challaa important undii long term health ki,0
"water filter leduu, bottle water kinukkunnamu — monthly butter chicken budget lo cut avutundi bru",1
"today AI lab session undhi, experiment complete chesaadu",0
"nenu Swathi ki cheppanu class time change avunu ani, okay annadi",0
"Nellore climate chaala hot summers lo, monsoon better ga undy",0
naa friend Balayya dialogue morning ki evening daka repeat chesaadu — method acting ledu just annoying,1
"propose chesanu WhatsApp lo, Lakshmi blue tick chesaadhu, reply ledu — left on read forever bro",1
Friday lo urgent task vasindi — weekend destroyer confirmed bro,1
"night lo sambar eat chesanu, morning ki amma ki telusindi — digestive system traitor broo",1
"nenu noodles tinnanu, chala undi anukunta",0
"cousin vasadu, naa room occupy chesdu, nenu hall lo — guest rights > family rights brooo",1
"Pavan campus lo attendance leduu brooo, but ammaaa tho 'daily velthunna' antadu — technically edu kadhaa",1
"Tirupati lo new IT park build avutundi, jobs increase avnu anukuntaa",0
"crush same microprocessors class lo undoo, nenu rojuu attend chesanu — subject ledoo bro attendance reason different",1
"Telugu cinema industry chaalaa big undhi, annual revenue chaalaa undii",0
"dal rice chesthu undii ammaa, nenu taste chesanu, 'chaala undoo' annanu — chef appreciation broo",1
nenu Ramu tho Proddatur meet avunuu ani plan chesadhu,0
"hostel ki ammaa vasindi, mess food chusaka tears vasindi — maternal emotion broo",1
Madhapur lo new college open avutundi engineering courses tho,0
"babai cheppadu 'Chintu ni chuso chaalaa undii' — Chintu fail avunuu brooo, different level inspiration",1
resume lo relevant OS skills clearly mention cheyyadam important,0
reading habit chaala useful undy long term lo anukuntaa,0
"water filter ledhu, bottle water kinukkunnamu — monthly mirchi bajji budget lo cut avutundi brooo",1
nenu Rohit tho Adoni meet avvunuu ani plan chesaadhu,0
"online lo Indu profile photo chaalaa undii, real lo meet avunuu — filter technology peak level brooo",1
"team celebration avunu, cake undii, Mani dietary restriction undoo — cake still eaten bro",1
Madhavi adugindi 'emaina special undyva nalo?' — nenu TOC notes rasaanu simultaneously,1
"Sravani 'nuvuu change avvali' annadi, Bhaskar hairstyle change chesaadhu — nenu try chesanu broh",1
today Sunday lo Rajesh Chirala ki Pulsar lo vellaadu,0
exam lo Ganesh pray chesdu 'God MCQ lo A avvani cheyyatam' — very specific prayer bru,1
economics research field challaa active undie currently globally,0
"Paytm lo idli order chesanu, wrong item vasindi, hungry avnu tinna — hunger defeats ego",1
"team celebration avnu, cake undii, Naveen dietary restriction undhi — cake still eaten broh",1
"ammaa chepindhi 'doctor avutav' ani, naa marks chusaka 'compounder avunuu kadaa' ani update chesadu",1
"bug report vasindi, nenu 'not able to reproduce' chesaadhu — classic response bru",1
"Kadapa lo oka seat dorikithe lucky ani anukunta, destination ki reach avunuu — always like this",1
"meeting schedule avvunu, 'this could have been an email' — every time bro",1
"new hospital Bhimavaram lo open avutundi next month, facilities chaalaa undie",0
"naa birthday ki okkaa wish leduu, exam result ki chaallu messages vasindi — wrong notifications bru",1
"naa compilers class dawn lo undie, attend chesanu",0
"work life balance undhi ani join chesadu, 10 PM mail vasindi — balance means different things broh",1
communication skills important undie any engineer ki,0
"upma healthy ani chaddivanu, oil lo fry chesanu — healthy intent unhealthy execution brooo",1
Madhapur lo okka new Dunzo office open avvunuu this month,0
"standup lo 'yesterday same, today same' annanu — honest answer brooo, fired avutana anukuntunna",1
"nanna cheppadu 'bank manager avvali' ani, nenu cheppanu 'try chestunna' ani — 4 years same conversation brooo",1
"Meena cheppindi 'just be yourself' ani, nenu myself avunuu undi, works ledhu brooo — bad advice",1
"Usha adugundi canteen ekkadoo undi ani, direction cheppanu",0
Ongole lo weather challaa hot ga undoo summers lo generally,0
"Amulya chepindhi tomorrow test undi AI lo ani, prepare avunuu",0
"rain avnu match cancel avvunu, DLS method vasindi — nobody understands DLS bro",1
exam lo Dinesh pray chesadu 'God MCQ lo A avvani cheyyatam' — very specific prayer brow,1
"amma hostel food check chesadu, tiffin box tho vasindi — mom knows best brow",1
"WhatsApp status pettanu motivational quote, nenu depressed undhi — content and life different",1
family function lo uncle adugadu 'marks entha' ani — nanaaa topic change chesadhu immediately,1
"gongura rice spicy order chesanu, 'extra spicy' antee, tears vasindi — bravado backfire brow",1
"movie lo Rana tho fight scene, 50 mandi ni okaa hand tho — physics take a vacation bro",1
"mail ki 'as per my last mail' chesaadu, war started avvunu — corporate battlefield brooo",1
OS okkka important branch undhi computer science lo,0
"attha illu vacchindi, ammaa cleaning started 6 AM — natural disaster alert fr fr",1
"Swathi 'nuvu change avvali' annadi, Anil hairstyle change chesaadu — nenu try chesanu brooo",1
"ATM ki poina cash ledu, UPI try chesanu network leduu — broke in every possible way lol",1
linear algebra okaa important branch undi computer science lo,0
"Mohammed Siraj form bad undhi, drop cheyyi anti, fans: 'he is legend' — unconditional support",1
"Dinesh cooking first time chesdu, punugulu chesanu, ammaaa feedback: 'next time leduu chesuku' — harsh review",1
"traffic lo Narasaraopet lo okka hour stuck, GPS '2 mins away' antu undie — GPS lying brow",1
"okaa bite dal rice tinnanu, finish avunu entire plate — portion control failed bru",1
"bru cheppadu 'battery saver mode lo undi' — nenu text chesanu, 3 hours tarvata reply vasindi",1
"propose chesanu, 'I think of you as a brother' annadi — physics result kanna worse shock broo",1
"interview ki 'punctual ga veltanu' annanu, 10 mins late avvunuu — traffic blame chesanu obviously",1
"nenu punugulu tinnanu, chaallu undy anukuntunna",0
jalebi health benefits challaa undii nutritional value tho,0
"reel lo easy recipe chesanu, nenu try chesanu, disaster avnu — videos lie broo",1
"room mate brooo early rise chesaadu, alarm 5 AM ki, nenu 5 AM ki sleeping — different schedules broo",1
crush chepindi 'we are just friends' ani — linear algebra fail kanna painful avunu broo,1
"group chat lo message chesaadu, everyone read, no reply — ghost protocol activate avnu",1
Bhai cheppdu new Hotstar download chesanu try cheyyi ani,0
"story post chesanu, Vani viewed chesaadu, reply ledhu — seen without acknowledgement broo",1
AI interesting subject undhi naa opinion lo,0
"long distance relationship undoo, calls chala undi, meet avvunuu — bills only growing",1
"jalebi traditional Hindupur dish undoo, festivals lo prepare avnu",0
"new hospital Secunderabad lo open avutundi next month, facilities challa undie",0
management research field chaala active undii currently globally,0
"engineering colleges chaala undie Telangana lo, competition kudaa challaa",0
"naa life okka hero laa start avvunu — but interval ledhu, climax leduu, budget edu",1
"nenu sambar tinnanu, challaa undie anukunde",0
"Ram Charan movie review: 'logic ledu' — fans: 'logic antaa em broo, emotion chuso'",1
"nenu pongal tho dinner chesamu family tho, chaallu undii",0
"Rakesh cheppadu results midnight lo vasthay ani, wait chesamu",0
"villain 1000 cr spend chesdu plan ki, hero oka punch lo finish — ROI zero brow",1
"morning chapati breakfast ki chesamu, amma chesadhu today",0
"ammaaa cooking chesthu undoo, nenu help cheyyadham try chesanu — 'nuwu poni chadduvuko' annadi lol",1
communication clearly cheyyadam professional accountant ki essential skill undii,0
"Anna chepadu project submit chesadu ani, good annanu",0
"fantasy cricket lo Mohammed Siraj select chesaadhu, zero points vasindi — real game different broo",1
practical knowledge challa important undi theoretical kanna anukuntaa,0
rasgulla chaallu healthy option undie daily diet lo,0
"Ramu cheppadu tomorrow Bhimavaram lo program undi ani, attend chestava adugadu",0
"movie lo NTR tho fight scene, 50 mandi ni okkka hand tho — physics take a vacation brooo",1
"nenu Deepika tho software engineering group study chesadhu, helpful avvunu",0
"YouTube lo okkaa video chusanu, 3 hours tarvata oka click lo — algorithm trap bru",1
"nenu today Eluru ki Splendor lo vellanu, challa time avunu",0
"naa birthday ki okka wish ledhu, exam result ki challa messages vasindi — wrong notifications bro",1
"Anantapur climate chaallu hot summers lo, monsoon better ga undhi",0
"traffic lo Tenali lo okka hour stuck, GPS '2 mins away' antu undy — GPS lying broo",1
"paneer traditional Karimnagar dish undi, festivals lo prepare avunu",0
"relatives adugutunnaru 'what are your plans' ani, nenu software engineering pass avvadam plan bro — small goals",1
"Kadapa lo okaa seat dorikithe lucky ani anukuntunna, destination ki reach avunu — always like this",1
"haircut chesadu, photo edachu, 10 filters pettanu — still ledhu brooo",1
Rohit library lo CN chadduvutunnadu evening daka,0
"nenu Ishani ki cheppanu class time change avvunuu ani, okay annadi",0
"rain start avvunuu — naa umbrella room lo undhi, nenu Proddatur middle lo undii haha",1
"naa digital circuits valla DBMS miss ayindi, DBMS valla digital circuits miss ayindi — perfect planning",1
engineering drawing prepare avvadam ki daily consistent practice important undii,0
"haircut chesaadhu, photo edachu, 10 filters pettanu — still edu brooo",1
"naa economics class Sunday lo undy, attend chesanu",0
"crush same data mining class lo undie, nenu rojuu attend chesanu — subject laedu bro attendance reason different",1
"attha illu vacchindi, ammaaa cleaning started 6 AM — natural disaster alert certified L",1
"Meesho order cancel ayindhi, money 7 days lo refund avvunuu ani cheppindi — 7 days lo naa hunger wait ledoo",1
"propose chesanu WhatsApp lo, Vani blue tick chesdu, reply leduu — left on read forever brooo",1
collector avvadam chaalaa kaashtam kani worth it undhi anukuntaa,0
"Hindupur lo different areas undi, each area different culture undi",0
"nenu Tarun ki DBMS concept explain chesanu, understood annadu",0
"UPS undoo ante power cut leduu kani, UPS battery leduu — backup of backup edu bro",1
"Kadapa lo colleges chaallu undoo, students everywhere undoo anukunde",0
"nenu software engineering notes prepare chesanu exam ki, chaalaa undoo material",0
"India batting collapse avunuu, nenu discrete maths notes rasanu — parallel disasters brow",1
"haircut chesadu, photo edachu, 10 filters pettanu — still leduu bru",1
"summer lo Secunderabad lo power cut — fan edu, AC leduu, life edu brow",1
"nenu Bunny ki cheppanu today assignment undhi ani, thanks annadu",0
"curd rice order chesanu, delivery boy cheppadu '5 mins', 45 mins avunu — elastic 5 mins broo",1
"Prasad Hema ki gifts icchaadu, Hema chepindhi 'you are like my brother' — return policy leduu broo",1
management basics strong avvunuu anti advanced concepts easy avvunu,0
"room mate broo early rise chesadu, alarm 5 AM ki, nenu 5 AM ki sleeping — different schedules bro",1
"commentary lo 'magnificent shot' antaa, camera replay chesadu, edge undhi — commentary lying brooo",1
"Gopi selfie 50 teesadu, okka post chesaadhu, 2 likes vasindi — effort vs result gap brow",1
"Lucky Eswari ki tomato rice treat ichadu, Eswari friend koodaa vasindi, friend ki kooda treat ichadu — poverty begins",1
"naa AI class Monday lo undi, attend chesanu",0
"Twitter lo argument chesdu Gandu, 200 replies vasindi, everyone against — ratio avunu broo",1
"Zara 'nuvu change avvali' annadi, Vikram hairstyle change chesdu — nenu try chesanu brow",1
"Ramu cheppdu project submit chesdu ani, good annanu",0
"pappu traditional Machilipatnam dish undhi, festivals lo prepare avvunu",0
"story post chesanu, Yamini viewed chesaadhu, reply ledoo — seen without acknowledgement brooo",1
"morning upma breakfast ki chesamu, amma chesadu today",0
"follow request pampanu, pending lo undie 6 months — neither yes nor no broh",1
"story post chesanu, Usha viewed chesadhu, reply leduu — seen without acknowledgement broh",1
"power cut avnu Narasaraopet lo, exam night lo — God timing perfect bro",1
"diet start chesanu — gulab jamun chusaka cancel avvunuu, health is wealth but food is life bro",1
"bus timings change avnu Rajahmundry lo recently, new schedule vasindi",0
English prepare avvadam ki daily consistent practice important undie,0
"akka result vasindi, amma sweets chesindi, naa result vasindi, ammaa fasting chesindi — clear bias",1
"online exam lo Varun tab switch chesadu, 'suspicious activity' alert vasindi — ledhu bro just water taaganiki vellanu",1
"diet start chesanu — tamarind rice chusaka cancel avunu, health is wealth but food is life brow",1
Chirala lo weather challa hot ga undoo summers lo generally,0
"Usha adugundi canteen ekado undoo ani, direction cheppanu",0
"Telugu language chaalaa old language undhi, rich literature undoo",0
"Munna exam hall lo calculator teesukochadu, discrete maths lo calculations ledhu — prepared for wrong subject oof",1
crush chepindi 'we are just friends' ani — English fail kanna painful avnu brow,1
"propose chesanu, 'I think of you as a brother' annadi — linear algebra result kanna worse shock bru",1
"Kadapa lo colleges challaa undoo, students everywhere undoo anukuntunna",0
"vada healthy ani chaddivanu, oil lo fry chesanu — healthy intent unhealthy execution bro",1
Harish Tirupati lo professor ga work chestunnadu currently,0
"Suma chepindi notes share cheyyi ani, share chesanu",0
"nenu Pappu ki cheppanu today assignment undhi ani, thanks annadu",0
"noodles order chesanu, delivery boy chepdu '5 mins', 45 mins avvunuu — elastic 5 mins brooo",1
Santosh library lo discrete maths chadduvutunnadu evening daka,0
"online exam lo Babai tab switch chesaadhu, 'suspicious activity' alert vasindi — ledhu bro just water taaganiki vellanu",1
"nenu DBMS notes prepare chesanu exam ki, chala undie material",0
"mail ki 'as per my last mail' chesdu, war started avvunu — corporate battlefield broo",1
"Nithiin movie trailer chaala undoo ani 4 tickets kattanu, movie logic ledhu — trailer cheated bru",1
Jyothi adugindi 'emaina special undhiva nalo?' — nenu English notes rasaanu simultaneously,1
"pongal traditional Dilsukhnagar dish undii, festivals lo prepare avvunu",0
"room mate broh light 2 AM daka chestunnadu, exam edu, YouTube undhi — dedication wrong place",1
Adoni chaallu develop avutundi last few years lo,0
"Twitter lo argument chesadhu Vijay, 200 replies vasindi, everyone against — ratio avnu broo",1
Adivi Sesh interview lo 'fans my strength' annadu — fans hearing this: power up avunuu,1
Nellore lo transport options improve avnu metro tho,0
"new flyover Vijayawada lo ready avunu next month, traffic ease avunu anukuntaa",0
"night mess lo fried rice extra undi, Charan 5 plates tinnadu — bulk season broh",1
"Netflix notification off chesanu, silent mode chesadhu, still distracted avnu — problem internal broh",1
"ammgaru phone lo data ledhu, naa phone lo data leduu, iddaru fight chesamu — poverty bonding",1
"to-do list rasanu, to-do list koodha to-do lo undi — meta productivity broo",1
"nenu TOC notes prepare chesanu exam ki, chaalaa undii material",0
practical knowledge chaala important undie theoretical kanna anukuntaa,0
engineering chaalaa popular course undie Andhra Pradesh lo,0
"nenu Ramesh ki TOC concept explain chesanu, understood annadu",0
"client call lo internet ledoo avunu, reschedule chesanu — wifi excuse bru",1
"naa post lo 100 likes vasindi, Bunny cheppadu 'paid promotion avvunu' ani — jealousy speaks brow",1
"bus timings change avunuu Kukatpally lo recently, new schedule vasindi",0
dal rice preparation method different ga undoo different regions lo,0
"Kamal Instagram bio lo 'entrepreneur' pettadu, venture leduu — aspirational lying broo",1
"ammaaa phone lo data ledu, naa phone lo data ledoo, iddaru fight chesamu — poverty bonding",1
"Haritha cheppindi 'just be yourself' ani, nenu myself avunu undi, works edu brow — bad advice",1
"Keerthi cheppindhi library books return date vasindi ani, return chesanu",0
"Deepak cooking first time chesadhu, coconut rice chesanu, ammaa feedback: 'next time laedu chesuku' — harsh review",1
"butter chicken order chesanu, delivery boy cheppaadu '5 mins', 45 mins avunuu — elastic 5 mins brooo",1
"new hospital Tirupati lo open avutundi next month, facilities challa undoo",0
"okka bite paneer tinnanu, finish avunuu entire plate — portion control failed broh",1
"nenu Pappu ki statistics concept explain chesanu, understood annadu",0
Charan library lo software engineering chadduvutunnadu evening daka,0
"naa life okkaa hero laa start avvunu — but interval edu, climax laedu, budget ledoo",1
Eluru lo weather chaallu hot ga undoo summers lo generally,0
"ammaaa chepindi 'doctor avutav' ani, naa marks chusaka 'compounder avnu kadaa' ani update chesaadhu",1
"Prabhas movie review: 'logic ledoo' — fans: 'logic antey em broo, emotion chuso'",1
"today maths lab session undoo, experiment complete chesaadu",0
"pesarattu order chesanu, delivery boy cheppdu '5 mins', 45 mins avvunu — elastic 5 mins broo",1
Mahesh Vijayawada lo relatives ni chusaadaniki chesaadu weekend lo,0
"movie lo Prabhas tho fight scene, 50 mandi ni okkka hand tho — physics take a vacation bru",1
"nenu Lokesh ki microprocessors concept explain chesanu, understood annadu",0
naa friend Nithiin dialogue morning ki evening daka repeat chesdu — method acting ledhu just annoying,1
mental health koodaa physical health la important undii anukunde,0
Mahesh new tractor kinukkunnadu last month Secunderabad lo,0
communication skills important undie any pharmacist ki,0
"Vijayawada lo colleges chaallu undhi, students everywhere undii anukunde",0
mental health koodaa physical health la important undoo anukuntaa,0
"nenu Meesho lo payment chesadu bill ki, easy ga undie",0
"power cut ayindy, phone dead, fan edu, summer — Kurnool punishment level heat",1
"Girish cheppadu tomorrow Kurnool lo program undie ani, attend chestava adugadu",0
"Deepak adugadu which economics book better ani, reference book suggest chesanu",0
"relatives adugutunnaru 'what are your plans' ani, nenu TOC pass avvadam plan broo — small goals yikes",1
electricity rates change avutunnai Secunderabad lo this quarter,0
Teja library lo DSA chadduvutunnadu evening daka,0
ML research field challa active undoo currently globally,0
"WhatsApp status pettanu motivational quote, nenu depressed undii — content and life different",1
"new shoes vecchaanu, blister vasindi — fashion pain is real bro",1
"online lo Padma profile photo chaala undy, real lo meet avvunu — filter technology peak level bro",1
"Josh order cancel ayindii, money 7 days lo refund avvunu ani cheppindi — 7 days lo naa hunger wait ledhu",1
"Girish LinkedIn lo 'open to work' pettadu, recruiter ledhu, relatives vasindi — wrong platform response",1
engineering challa popular course undoo Andhra Pradesh lo,0
"Jasmine cheppindi exam postpone avvunuu ani, relief avvunu",0
Rajahmundry lo weather challaa hot ga undii summers lo generally,0
"client call lo internet ledoo avvunu, reschedule chesanu — wifi excuse broo",1
"Anantapur climate challaa hot summers lo, monsoon better ga undie",0
"Rohit Sharma form bad undoo, drop cheyyi anti, fans: 'he is legend' — unconditional support",1
TOC research field chaalaa active undhi currently globally,0
"Vani chepindhi exam postpone avvunuu ani, relief avvunu",0
"nenu idli try chesanu first time, okay ga undie",0
"engineering colleges challa undie Telangana lo, competition kuda chaalaa",0
"rain start avvunuu — naa umbrella room lo undi, nenu Narasaraopet middle lo undi",1
"nanna cheppadu 'bank manager avvali' ani, nenu cheppanu 'try chestunna' ani — 4 years same conversation brow",1
today dawn lo Tarun Hindupur ki Apache lo vellaadu,0
"new restaurant undie, expensive menu chusaka water only order chesanu — budget dining bru",1
Madhapur lo new metro line start avutundi next year ani announce avunu,0
"India lose avunu, everyone 'team selection problem' antaru — expert analysts everywhere legend",1
rasam preparation method different ga undie different regions lo,0
Kurnool lo weather chaala hot ga undii summers lo generally,0
today weekend lo Lucky Eluru ki train lo vellaadu,0
compilers research field chaalaa active undi currently globally,0
ML interesting subject undoo naa opinion lo,0
"Chitti laundry oka month chesadu, room lo mountain avvunuu — Himalayas size bro",1
"nenu YouTube lo payment chesadhu bill ki, easy ga undii",0
"ammaaa mirchi bajji chesaadhu, nenu 'challaa undhi' annanu — edu, pure diplomacy brow",1
"hostel ki ammgaru vasindi, mess food chusaka tears vasindi — maternal emotion broo",1
"Balayya movie lo villain chaallu try chesadhu, hero ki oka scratch ledhu — plot armour S tier peak comedy",1
"Dinesh exam hall lo calculator teesukochadu, microprocessors lo calculations laedu — prepared for wrong subject 😭😭",1
"night lo tomato rice crave avunuu, Flipkart open chesanu, delivery leduu hostel ki — hunger unsatisfied broo",1
engineering chaalaa popular course undi Andhra Pradesh lo,0
Ongole lo okkaa new Blinkit office open avnu this month,0
"work life balance undie ani join chesaadu, 10 PM mail vasindi — balance means different things broh",1
"story post chesanu, Zara viewed chesadhu, reply laedu — seen without acknowledgement broo",1
Dinesh LB Nagar lo relatives ni chusaadaniki chesadhu weekend lo,0
"new hospital Narasaraopet lo open avutundi next month, facilities challaa undhi",0
"today English lab session undii, experiment complete chesdu",0
"Gayatri chepindhi tomorrow test undii OOPS lo ani, prepare avunuu",0
Anantapur lo road expansion project start avnu this month,0
"naa OS class weekend lo undoo, attend chesanu",0
"ammaaa cooking chesthu undy, nenu help cheyyadam try chesanu — 'nuvvuu poni chadduvuko' annadi no way",1
"power cut avnu, phone charge edu, powerbank ledhu — darkness in every way bru",1
"Sravani cheppindhi notes share cheyyi ani, share chesanu",0
government 'smart city' anti Nellore lo Jupiter ki roads leduu — very smart planning brow,1
"hostel lo electricity bill split chesamu, AC room ki kooda split avvunu — fair leduu bru",1
Machilipatnam lo water supply schedule change avvunuu maintenance ki,0
curd rice chaala healthy option undhi daily diet lo,0
reading habit chala useful undhi long term lo anukunde,0
"naa life okka hero laa start avvunu — but interval ledu, climax ledu, budget ledu rip",1
"Indu chepindi library books return date vasindi ani, return chesanu",0
"bus timings change avunu Hindupur lo recently, new schedule vasindi",0
"bus timings change avunuu Eluru lo recently, new schedule vasindi",0
auto wala 'meter ledu' antaa 3x rate adugadu — Tenali special experience,1
"Tadipatri lo colleges challaa undi, students everywhere undie anukunde",0
"Padma cheppiindi tomorrow test undoo OOPS lo ani, prepare avvunuu",0
"Kamal cheppaadu project submit chesdu ani, good annanu",0
"gongura rice traditional LB Nagar dish undhi, festivals lo prepare avvunu",0
"Bellamkonda movie lo villain chaalaa try chesaadu, hero ki okka scratch ledoo — plot armour S tier",1
Dinesh today English assignment submit chesdu on time,0
"naa birthday ki oka wish ledhu, exam result ki challaa messages vasindi — wrong notifications bru",1
"nanaaa bike ki petrol edu, naaku pocket money ledhu, iddaru okkaa team kada",1
"Secunderabad chala big city undoo, population challaa undii currently",0
"Mehdipatnam lo colleges chala undie, students everywhere undhi anukunta",0
"office coffee machine broken avvunuu, entire team productivity zero — dependency confirmed bro",1
"commentary lo 'magnificent shot' antey, camera replay chesadu, edge undii — commentary lying bro",1
"Allu Arjun movie flop avnu, fans 'director problem' antaru — hero ekkudda fault laedu broo",1
"YouTube lo chicken curry order chesanu '30 mins' antey — 2 hours lo vasindi, cold ga undi",1
"new hospital Secunderabad lo open avutundi next month, facilities chaalaa undi",0
"Varun Tej mass scene lo BGM chaalaa loud undi, theater shake ayindii, naa heart shake ayindhi — same energy",1
Vijayawada lo transport options improve avnu metro tho,0
"propose chesanu WhatsApp lo, Deepika blue tick chesaadu, reply leduu — left on read forever brow",1
Ravi new Ola kinukkunnadu last month Eluru lo,0
"ammaaa cooking chesthu undy, nenu help cheyydam try chesanu — 'nuvu poni chadduvuko' annadi 💔",1
"cooking chesadhu, taste check chesanu, taste check again — by end jalebi ledoo bru",1
CN concepts chaallu important undoo software engineering ki,0
"Pavan chepadu Tenali ki vellaadani, nenu koodaa veltanu annanu",0
Venu library lo DSA chadduvutunnadu evening daka,0
Guntur lo IT sector challaa grow avutundi past decade lo,0
"propose chesanu, 'I think of you as a brother' annadi — TOC result kanna worse shock brow",1
"Gachibowli lo okkka seat dorikithe lucky ani anukuntaa, destination ki reach avvunuu — always like this",1
"office lunch lo coconut rice undi, nenu Roposo order chesanu — mess food bypass bro",1
"rain start avnu — naa umbrella room lo undhi, nenu Proddatur middle lo undii",1
"ammaa 'oka software engineer ni chadi set avutav' antey, nenu still OS clear cheyyalekapotunna XD",1
"India lose avnu, everyone 'team selection problem' antaru — expert analysts everywhere lol",1
"movie lo villain chaallu smart undhi, hero okka scene lo defeat chesdu — audience: wait what",1
movie lo hero love failure tarvata okka song lo recover avunu — real life lo years koodha ledoo xd,1
public transport use cheyyadam traffic reduce avunuu pollution koodaa taginchutundi,0
Lavanya adugindi 'emaina special undiiva nalo?' — nenu AI notes rasaanu simultaneously,1
"nenu curd rice tinnanu, chaallu undy anukuntunna",0
"naa DBMS class midnight lo undoo, attend chesanu",0
Bunny Warangal lo relatives ni chusaadaniki chesadu weekend lo,0
"Kurnool lo colleges chaalaa undie, students everywhere undie anukuntaa",0
savings cheyyadam important undy early age lo start cheyyatam better,0
"naa compilers paper lo oka question kaadhu telivindi, kani confident ga avvunu rasa — confidence bru not knowledge legend",1
"coconut rice traditional Adoni dish undi, festivals lo prepare avvunuu",0
rasam health benefits chala undy nutritional value tho,0
"naa post lo 100 likes vasindi, Rohit chepdu 'paid promotion avunu' ani — jealousy speaks bru",1
"nenu Naga tho ML group study chesadhu, helpful avvunuu",0
match tension lo pesarattu ledoo tinnanu — superstition eating brooo,1
"nenu Surya ki cheppanu today assignment undi ani, thanks annadu",0
"standup lo 'yesterday same, today same' annanu — honest answer broh, fired avutana anukunde",1
"new flyover Mehdipatnam lo ready avnu next month, traffic ease avvunu anukunta",0
"Santosh laundry okaa month chesadu, room lo mountain avvunu — Himalayas size broh",1
reading habit chala useful undi long term lo anukuntaa,0
nanaaa smartphone istE WhatsApp lo naa result forward chesaadhu relatives ki — appreciated leduu brooo,1
"Bhavana adugundi canteen ekkadaa undhi ani, direction cheppanu",0
vada health benefits chaala undy nutritional value tho,0
"state lo rainfall chaallu undy this monsoon season, reservoirs full avvunu",0
collector avvadam chaala kaashtam kani worth it undy anukuntaa,0
"diet start chesanu — egg rice chusaka cancel avunuu, health is wealth but food is life broo",1
"Gopi room lo egg rice dabbala cook chesdu, entire floor smell ayindii — community notification",1
"government architect recruitment notification release avvunu, applications start avvunu",0
"IPL season lo economics study laedu, exam results reflect avvunu — cricket education broo",1
"team outing undy, Mahesh leave chesadu — anti-social professional brooo",1
fried rice preparation method different ga undoo different regions lo,0
Gachibowli lo infrastructure improve avunuu last few years lo slowly,0
"live score check chesanu exam hall lo, invigilator chusadu — multi tasking brow",1
"Dhoni century chesaadu, office lo kuda celebration — productivity zero officially",1
"hostel lo electricity bill split chesamu, AC room ki kudaa split avunuu — fair ledoo bro",1
"nenu Zara ki wish chesanu exam ki, all the best annadi",0
"Telugu language chala old language undie, rich literature undoo",0
nannagaru smartphone istE WhatsApp lo naa result forward chesadu relatives ki — appreciated edu broh,1
"naa ML notes chaalaa neat ga undhi, exam ki neney chadduvukoledu — aesthetic > knowledge",1
"IPL season lo CN study edu, exam results reflect avvunuu — cricket education brooo",1
"Naveen Madhavi ki 'hi' text chesaadu, 3 days tarvata reply vasindi — chaalaa busy schedule undi brooo",1
"naa chemistry class evening lo undi, attend chesanu",0
match tension lo fried rice leduu tinnanu — superstition eating brow,1
"team outing undie, Teja leave chesadu — anti-social professional brooo",1
Ramesh library lo algorithms chadduvutunnadu evening daka,0
"gulab jamun chesthu undhi amma, nenu taste chesanu, 'chaalaa undii' annanu — chef appreciation bru",1
"naa chemistry paper lo okka question kadu telivindi, kani confident ga avvunuu rasa — confidence brooo not knowledge",1
"interview ki 'punctual ga veltanu' annanu, 10 mins late avunu — traffic blame chesanu obviously certified L",1
egg rice health benefits challa undhi nutritional value tho,0
professor 'open book exam' antey Srinu library motham bag lo pettukochadu,1
"Ajay cheppaadu Rajahmundry ki vellaadani, nenu kooda veltanu annanu",0
government 'smart city' antaa Dilsukhnagar lo Royal Enfield ki roads ledhu — very smart planning bro,1
"Vizag lo different areas undi, each area different culture undy",0
Adoni lo real estate prices increase avnu last year lo,0
"3 months crush chesanu, Jyothi cheppindi 'I have a boyfriend' ani day 1 lo edu — time waste certified",1
Kukatpally challa develop avutundi last few years lo,0
"naa maths notes chala neat ga undi, exam ki neney chadduvukoledu — aesthetic > knowledge",1
Vijayawada lo new college open avutundi engineering courses tho,0
Anil back bench lo undhi kani first bencher kanna better marks — back lo wifi strong undhi kaadaa,1
"Bhai room lo tomato rice dabbala cook chesadu, entire floor smell aayindi — community notification",1
mental health kuda physical health la important undhi anukuntunna,0
professor 'open book exam' antee Arun library motham bag lo pettukochadu rip,1
"Instagram lo life chaala undoo, real lo meet avnu — filter world different brooo",1
"coconut rice traditional Secunderabad dish undoo, festivals lo prepare avvunu",0
"government pharmacist recruitment notification release avunuu, applications start avvunuu",0
"water filter edu, bottle water kinukkunnamu — monthly pulihora budget lo cut avutundi brooo",1
"Chintu adugadu ekkada undoo nuvvu ani, Machilipatnam lo undii cheppanu",0
"engineering colleges chaallu undie Telangana lo, competition koodha challa",0
"promotion vasindi — title change avunu, work increase avunu, salary same — congrats brow",1
Dilsukhnagar lo transport options improve avunuu metro tho,0
Deepak library lo AI chadduvutunnadu evening daka,0
"nenu Josh lo payment chesdu bill ki, easy ga undii",0
"rain avvunuu match cancel avvunuu, DLS method vasindi — nobody understands DLS bru",1
"Raju cheppadu results Monday lo vasthay ani, wait chesamu",0
"relatives adugutunnaru 'what are your plans' ani, nenu TOC pass avvadam plan bru — small goals",1
"Radha cheppindi 'just be yourself' ani, nenu myself avunuu undi, works laedu bro — bad advice",1
"stadium ki ticket kattanu, match rain avunu — Rs 2000 rain experience broo",1
"traffic lo Machilipatnam lo okaa hour stuck, GPS '2 mins away' antu undie — GPS lying brow",1
"Santosh cheppadu tomorrow Kukatpally lo program undoo ani, attend chestava adugadu",0
"nanaaa 'maa time lo challa kashtapaddamu' anti, a time lo physics leduu bro — different struggle",1
"Telugu cinema industry chala big undy, annual revenue chaallu undie",0
Karimnagar lo road expansion project start avvunuu this month,0
Guntur lo real estate prices increase avunu last year lo,0
"team outing undy, Tarun leave chesadu — anti-social professional bru",1
"new hospital Karimnagar lo open avutundi next month, facilities chaallu undie",0
"morning biryani breakfast ki chesamu, ammaa chesaadu today",0
"amma chutney chesadu, nenu 'challaa undi' annanu — leduu, pure diplomacy brooo",1
"power cut ayindhi, phone dead, fan ledu, summer — Tadipatri punishment level heat yikes",1
"government nurse recruitment notification release avvunu, applications start avvunuu",0
"Lavanya cheppindhi library books return date vasindi ani, return chesanu",0
Dilsukhnagar lo oka new Josh office open avunu this month,0
"akka result vasindi, ammaa sweets chesindi, naa result vasindi, amma fasting chesindi — clear bias oof",1
"broo cheppadu 'battery saver mode lo undoo' — nenu text chesanu, 3 hours tarvata reply vasindi",1
"new restaurant undy, expensive menu chusaka water only order chesanu — budget dining bro",1
work from home easy antey — Harish amma background lo lemon rice chesthu meeting lo 😬,1
"restaurant bill challa undii, split chesamu, nenu extra chesanu — mathematics of friendship brow",1
"India win avvunuu, Prasad bike lo celebrate chesadu — okkka run ki overreact avunu broo",1
"hostel wifi password change avvunuu, warden ki request chesdu, 'study cheyyi' annadu — classic block",1
"new restaurant undie, expensive menu chusaka water only order chesanu — budget dining broo",1
"Tarun cheppadu today class undie ani, nenu attend chesanu",0
"nenu gongura rice tho dinner chesamu family tho, chaalaa undy",0
"nenu today Narasaraopet ki metro lo vellanu, challa time avunuu",0
"room mate brooo early rise chesaadu, alarm 5 AM ki, nenu 5 AM ki sleeping — different schedules bro",1
Kadapa lo road expansion project start avvunu this month,0
"midnight hunger avnu, CRED open chesanu, Tenali delivery ledoo — location punishment broo",1
"Madhavi 'nuwu change avvali' annadi, Ganesh hairstyle change chesadu — nenu try chesanu bru",1
"nenu Spotify lo payment chesadhu bill ki, easy ga undoo",0
"team celebration avnu, cake undoo, Kiran dietary restriction undhi — cake still eaten broh",1
"propose chesanu, 'I think of you as a brother' annadi — compilers result kanna worse shock brow",1
"India match undi, TOC exam koodaa undhi, nenu match chesanu — priorities clear broh",1
practical knowledge challa important undoo theoretical kanna anukunta,0
"Telugu language challa old language undii, rich literature undie",0
"retrospective lo 'what went wrong' adugutunnaru, everything brow — honest answer give ledoo",1
"new hospital Adoni lo open avutundi next month, facilities chala undi",0
"nenu digital circuits notes prepare chesanu exam ki, challa undy material",0
"to-do list rasanu, to-do list kudaa to-do lo undhi — meta productivity broo",1
"client call lo internet edu avvunuu, reschedule chesanu — wifi excuse broo",1
"Deepika chepindi tomorrow test undi OS lo ani, prepare avunuu",0
"India win avvunu, Deepak bike lo celebrate chesadu — okaa run ki overreact avunuu broh",1
"standup lo 'yesterday same, today same' annanu — honest answer brow, fired avutana anukuntaa",1
"nenu CN notes prepare chesanu exam ki, chala undie material",0
"crush 'good morning' text pampindi — nenu engineering drawing exam forget chesadu, failed — worth it brow 💔",1
"naa wifi chaalaa fast undoo — speed test lo matrame, actual lo ledhu brooo",1
"KL Rahul out avnu, entire India silent avvunuu — national moment of grief",1
Kurnool lo road expansion project start avunuu this month,0
today dawn lo Kamal Chirala ki auto lo vellaadu,0
compilers nerchukovadam career ki important undhi anukuntaa,0
maths nerchukovadam career ki important undie anukunde,0
"coconut rice chesthu undie amma, nenu taste chesanu, 'chaallu undii' annanu — chef appreciation broh",1
"team celebration avunu, cake undy, Suresh dietary restriction undoo — cake still eaten broo",1
healthy ga undadam ki pappu tho balanced diet maintain avnu,0
"nenu dosa tinnanu, challa undoo anukuntunna",0
Venky library lo statistics chadduvutunnadu evening daka,0
"3 months crush chesanu, Yamini cheppindhi 'I have a boyfriend' ani day 1 lo leduu — time waste certified 🤣",1
"group chat lo message chesdu, everyone read, no reply — ghost protocol activate avvunu",1
"movie lo hero okaa song lo 5 countries lo dance chesadu, nenu okkaa Karimnagar bus stop daataledu",1
Dinesh today AI assignment submit chesadu on time,0
"propose chesanu, 'I think of you as a brother' annadi — economics result kanna worse shock brow",1
"okkka bite halwa tinnanu, finish avunu entire plate — portion control failed broo",1
"power cut ayindii, phone dead, fan laedu, summer — Rajahmundry punishment level heat",1
nenu Vijay tho Guntur meet avvunu ani plan chesaadu,0
"generator sound undie, power back avunu ani excited avvunu, neighbour generator avnu — false hope brooo",1
"Chirala lo different areas undhi, each area different culture undii",0
"naa compilers record okaa page kooda rayaledu, submission day lo Bunny xerox shop lo undii finished bro",1
"Mahesh Babu mass scene lo BGM chaala loud undie, theater shake ayindii, naa heart shake ayindhi — same energy",1
"Mahesh broo ML exam ki prepare ledoo, result vasthe 'paper tough undoo' ani blame chesadu 🥲",1
"Telugu language challaa old language undii, rich literature undie",0
OS interesting subject undi naa opinion lo,0
"bus timings change avvunuu Chirala lo recently, new schedule vasindi",0
"hostel bathroom lo hot water 6-7 AM only, nenu 7:01 ki vasanu — cold shower every day",1
Munna hostel lo algorithms class attend chesaadhu morning lo,0
"Deepak deadline miss chesaadu, 'estimation ga chesanu' annadu — estimation = guess confirmed brow",1
"ex vasindi message 'how are you' ani, nenu OS fail avutunna — great timing brow",1
environmental science concepts chaallu important undy software engineering ki,0
"to-do list rasanu, to-do list koodaa to-do lo undii — meta productivity brooo",1
"WhatsApp status pettanu motivational quote, nenu depressed undy — content and life different",1
Tadipatri lo transport options improve avvunu metro tho,0
Narasaraopet lo road expansion project start avnu this month,0
"Shubman Gill interview lo Telugu lo chepadu, nenu proud avvunu — cultural representation brooo",1
match tension lo pesarattu ledhu tinnanu — superstition eating broo,1
"naa OOPS class holiday lo undi, attend chesanu",0
English okaa important branch undoo computer science lo,0
"naa principal office lo chemistry class cancel ayindii, but attendance portal lo present show avunuu — glitch in the matrix",1
Venu today DBMS assignment submit chesaadu on time,0
"Twitter lo argument chesadu Manoj, 200 replies vasindi, everyone against — ratio avvunuu brooo",1
punctuality important habit undie professional life lo,0
"ammaa cheppindhi 'doctor avutav' ani, naa marks chusaka 'compounder avvunu kaadaa' ani update chesdu",1
"IPL season lo DBMS study ledu, exam results reflect avunu — cricket education brooo",1
"relatives adugutunnaru 'what are your plans' ani, nenu compilers pass avvadam plan broo — small goals",1
"nenu fried rice tho dinner chesamu family tho, challaa undy",0
CA avvadam chaallu kaashtam kani worth it undhi anukuntaa,0
"UPS undhi ante power cut edu kani, UPS battery laedu — backup of backup ledoo bro",1
"naa software engineering class evening lo undie, attend chesanu",0
"nenu Lakshmi ki cheppanu class time change avvunu ani, okay annadi",0
"restaurant bill chaala undoo, split chesamu, nenu extra chesanu — mathematics of friendship broh",1
public transport use cheyyadam traffic reduce avnu pollution kudaa taginchutundi,0
practical knowledge chala important undii theoretical kanna anukuntaa,0
"India match undy, algorithms exam kudaa undi, nenu match chesanu — priorities clear brooo",1
"new hospital Ongole lo open avutundi next month, facilities challaa undie",0
"Telugu cinema industry chala big undii, annual revenue chaallu undi",0
"restaurant bill challaa undhi, split chesamu, nenu extra chesanu — mathematics of friendship brooo",1
"power cut avunuu Adoni lo, exam night lo — God timing perfect broo",1
"India last over lo 20 kavali, Rahul prayer start chesaadu — sudden devotion brow",1
"naa networks class Sunday lo undoo, attend chesanu",0
"restaurant bill challa undii, split chesamu, nenu extra chesanu — mathematics of friendship bru",1
"new restaurant undii, expensive menu chusaka water only order chesanu — budget dining brooo",1
Kiran today management assignment submit chesadu on time,0
Chintu library lo CN chadduvutunnadu evening daka,0
"Sharwanand movie lo villain chaallu try chesadhu, hero ki oka scratch ledoo — plot armour S tier bro what",1
"nenu Lavanya ki wish chesanu exam ki, all the best annadi",0
"Shubman Gill form bad undoo, drop cheyyi ante, fans: 'he is legend' — unconditional support",1
"to-do list rasanu, to-do list kooda to-do lo undhi — meta productivity brooo",1
"babai cheppadu 'Bhai ni chuso challaa undhi' — Bhai fail avvunu bru, different level inspiration",1
"naa phone battery chaalaa fast poothundi, relationships kanna faster",1
"Ajay laundry okka month chesadu, room lo mountain avnu — Himalayas size broh",1
"new joiner vasadu, nenu senior ani feel avunuu, nenu koodaa confused undie — leading the lost brooo",1
Ongole lo okaa new WhatsApp office open avnu this month,0
"phone lo 1% battery, charger room lo, nenu hall lo — impossible distance bro",1
"crush same networks class lo undii, nenu rojuu attend chesanu — subject ledoo bro attendance reason different",1
"queue lo okka hour stand chesanu, naa turn ki 'closed' board — universal suffering bro",1
"Mahesh adugadu ekkada undoo nuvvu ani, Vizag lo undie cheppanu",0
crush cheppiindi 'we are just friends' ani — digital circuits fail kanna painful avvunuu broh,1
Ramu cheppaadu new GPay download chesanu try cheyyi ani,0
engineering chaala popular course undy Andhra Pradesh lo,0
"placement cell lo HR adugadu 'where do you see yourself in 5 years', Tarun 'sleeping' annadu — honest answer",1
"mess food challa bad undhi, complain chesamu, next day kooda same — feedback loop ledoo",1
"Bhai Facebook lo 'checking in' everywhere pettadu, amma ki location track avnu — backfire brooo",1
"hero bike stunt chesaadhu, Rakesh try chesadu — bike undhi, Rakesh hospital lo undie xd",1
Kiran new Apache kinukkunnadu last month Hindupur lo,0
"theater lo Bellamkonda entry scene ki claps, interval ki claps, climax ki claps — nenu snacks ki claps wait what",1
"retrospective lo 'what went wrong' adugutunnaru, everything brooo — honest answer give laedu",1
"Balayya okkka punch lo 10 mandi ni ledhu chesaadu, nenu okkaa DSA paper clear cheyyalekapoyanu",1
"new hospital Karimnagar lo open avutundi next month, facilities chaala undy",0
"nenu dosa tho dinner chesamu family tho, chaallu undhi",0
"nenu Teja tho maths doubts discuss chesanu, clear avunuu finally",0
"theater lo Nithiin entry scene ki claps, interval ki claps, climax ki claps — nenu snacks ki claps",1
"Surya adugadu which digital circuits book better ani, reference book suggest chesanu",0
"Prabhas movie review: 'logic leduu' — fans: 'logic antaa em bru, emotion chuso'",1
"Naveen room lo vada dabbala cook chesaadu, entire floor smell aayindi — community notification",1
"Prasad canteen lo attendance ledhu bru, but ammaa tho 'daily velthunna' antadu — technically ledhu kaadaa",1
"night lo Rohit snore chesaadu, nenu headphones pettanu, battery edu, suffering begin avvunu",1
"naa life Mahesh Babu movie la undie — interval ki twist, climax ki logic leduu bro",1
"state lo rainfall challaa undii this monsoon season, reservoirs full avvunu",0
today weekend lo Rohit Secunderabad ki Uber lo vellaadu,0
ML concepts chala important undoo software engineering ki,0
"performance review lo self assessment rasanu, manager overwrite chesaadhu — useless exercise broo",1
"IPL season lo English study leduu, exam results reflect avunu — cricket education bro",1
"state lo rainfall challa undie this monsoon season, reservoirs full avunuu",0
"hostel wifi password change avvunu, warden ki request chesdu, 'study cheyyi' annadu — classic block",1
bike maintain cheyyadaniki regular service okaa month ki okkaa sari chesukovalani,0
nanaaa smartphone istE WhatsApp lo naa result forward chesadhu relatives ki — appreciated leduu bro,1
relationship status: statistics tho — at least it needs me bro,1
"hostel room lo 4 people, oka charger, okkaa wifi — survival of the fittest",1
"Kurnool climate chaala hot summers lo, monsoon better ga undii",0
university new courses announce chesaadhu next academic year ki,0
public transport use cheyyadam traffic reduce avunu pollution koodha taginchutundi,0
Hyderabad lo road expansion project start avvunuu this month,0
Karimnagar lo okaa new Netflix office open avnu this month,0
"hostel cricket lo Sunil out avnu, 'no ball' ani argue chesadhu — classic denial",1
"diet start chesanu — rasam chusaka cancel avnu, health is wealth but food is life bro",1
"naa reading room ki Splendor lo daily velthunna, time avnu chaallu",0
nenu Charan tho Hindupur meet avvunuu ani plan chesadu,0
"naa library ki Pleasure lo daily velthunna, time avvunuu challa",0
"naaku tomato rice chaala ishtam, amma chesadhu, vere tomato rice chesdu — betrayal",1
"Girish chepdu Madhapur ki vellaadani, nenu kuda veltanu annanu",0
"Kamal cheppadu results Monday lo vasthay ani, wait chesamu",0
"night mess lo fried rice extra undhi, Munna 5 plates tinnadu — bulk season brow",1
"today statistics lab session undie, experiment complete chesadhu",0
"Tarun cooking first time chesaadhu, chicken curry chesanu, amma feedback: 'next time ledoo chesuku' — harsh review",1
"bus timings change avunuu Madhapur lo recently, new schedule vasindi",0
networks nerchukovadam career ki important undy anukuntunna,0
"Suresh cheppadu results Sunday lo vasthay ani, wait chesamu",0
AI okka important branch undii computer science lo,0
linear algebra interesting subject undie naa opinion lo,0
Hyderabad lo road expansion project start avvunu this month,0
Anantapur lo weather chaalaa hot ga undii summers lo generally,0
"Abhi exam hall lo calculator teesukochadu, chemistry lo calculations ledhu — prepared for wrong subject",1
"Munna bus stop ki late vasthe professor 'reason?' adugadu, 'ammgaru chesindi late' annadu — universal excuse",1
"client call lo internet ledhu avunuu, reschedule chesanu — wifi excuse broo",1
"code review lo Bunny cheppadu 'this can be optimized' — nenu rasanu, nenu embarrassed avvunu",1
"Kurnool lo colleges challaa undie, students everywhere undie anukunta",0
"nenu Charan ki discrete maths concept explain chesanu, understood annadu",0
"YouTube notification off chesanu, silent mode chesaadu, still distracted avvunu — problem internal broo",1
Babai library lo maths chadduvutunnadu evening daka,0
"gongura rice healthy ani chaddivanu, oil lo fry chesanu — healthy intent unhealthy execution broh",1
"UPS undie ante power cut ledu kani, UPS battery leduu — backup of backup ledoo bru",1
Rahul cheppaadu new Netflix download chesanu try cheyyi ani,0
"Mahesh adugadu ekkada undoo nuvvu ani, Rajahmundry lo undoo cheppanu",0
compilers nerchukovadam career ki important undoo anukuntaa,0
"nenu gulab jamun tinnanu, challaa undhi anukunde",0
AI okkka important branch undhi computer science lo,0
Warangal lo transport options improve avunuu metro tho,0
"cooking chesadhu, taste check chesanu, taste check again — by end pongal ledoo broo",1
"Padma chepindi tomorrow test undoo chemistry lo ani, prepare avnu",0
"villain 1000 cr spend chesaadu plan ki, hero okkaa punch lo finish — ROI zero broo",1
Bhimavaram lo weather challaa hot ga undie summers lo generally,0
Ajay chepadu new Dunzo download chesanu try cheyyi ani,0
"Srinu adugadu ekkada undii nuvvu ani, Secunderabad lo undii cheppanu",0
"Chitti assignment last minute chesadhu, font 16, margins wide, 3 pages done — engineering at its peak",1
"naa life Naga Chaitanya movie la undii — interval ki twist, climax ki logic leduu brow",1
"nenu Dinesh ki linear algebra concept explain chesanu, understood annadu",0
"nannagaru WhatsApp lo 'good morning' message forward chesdu, nenu reply ledoo chesanu — generational gap",1
"hostel cricket lo Rakesh out avnu, 'no ball' ani argue chesadhu — classic denial",1
"Sai Lakshmi ki gifts icchaadu, Lakshmi chepindi 'you are like my brother' — return policy ledhu bru",1
"India batting collapse avnu, nenu environmental science notes rasanu — parallel disasters brow",1
"nenu chemistry notes prepare chesanu exam ki, challaa undy material",0
"ammaaa 'oka lawyer ni chadi set avutav' antee, nenu still software engineering clear cheyyalekapotunna",1
"propose chesanu, 'I think of you as a brother' annadi — microprocessors result kanna worse shock brooo",1
Hindupur lo road expansion project start avnu this month,0
butter chicken health benefits chaallu undi nutritional value tho,0
"promotion vasindi — title change avvunuu, work increase avvunuu, salary same — congrats bru",1
"nenu Naga tho microprocessors group study chesaadu, helpful avnu",0
Rajahmundry chaalaa develop avutundi last few years lo,0
"power cut avunuu, phone charge laedu, powerbank ledhu — darkness in every way brooo",1
"reel lo easy recipe chesanu, nenu try chesanu, disaster avvunu — videos lie bro",1
Kurnool lo okaa new Zomato office open avunuu this month,0
"amma 'oka collector ni chadi set avutav' ante, nenu still ML clear cheyyalekapotunna certified L",1
"new startup Anantapur lo start avunuu, local CA opportunities create avvunuu",0
"online exam lo Prasad tab switch chesadhu, 'suspicious activity' alert vasindi — ledu bro just water taaganiki vellanu",1
Dilsukhnagar lo real estate prices increase avunu last year lo,0
"Sanjay cheppadu today class undhi ani, nenu attend chesanu",0
Anna library lo English class attend chesadu morning lo,0
"Suresh adugadu ekkada undi nuvvu ani, Tadipatri lo undoo cheppanu",0
"ammgaru cheppindhi 'doctor avutav' ani, naa marks chusaka 'compounder avnu kadaa' ani update chesdu",1
"Teja laundry okkka month chesadu, room lo mountain avvunuu — Himalayas size brow",1
"India win avunu, Kamal bike lo celebrate chesadu — okaa run ki overreact avunu broo",1
sambar chala healthy option undhi daily diet lo,0
Ramu exam hall lo compilers class attend chesaadhu morning lo,0
savings cheyyadam important undii early age lo start cheyyatam better,0
"ammaa cooking chesthu undhi, nenu help cheyydam try chesanu — 'nuwu poni chadduvuko' annadi rip",1
"villain 1000 cr spend chesaadu plan ki, hero okaa punch lo finish — ROI zero bru",1
Pappu back bench lo undii kani first bencher kanna better marks — back lo wifi strong undoo kaadaa,1
"nannagaru cheppadu 'content creator avvali' ani, nenu cheppanu 'try chestunna' ani — 4 years same conversation brow",1
"night mess lo coconut rice extra undoo, Ravi 5 plates tinnadu — bulk season bro",1
"Ganesh cheppadu today class undii ani, nenu attend chesanu",0
"standup lo 'yesterday same, today same' annanu — honest answer broh, fired avutana anukuntunna",1
"naa TOC valla ML miss ayindii, ML valla TOC miss ayindii — perfect planning",1
Vijayawada lo IT sector chaala grow avutundi past decade lo,0
"engineering colleges chala undi Telangana lo, competition koodaa chala",0
linear algebra nerchukovadam career ki important undi anukunta,0
"Ram Charan dialogue Ravi college lo use chesaadu, professor appreciate chesadu — cinema education works",1
"queue lo okkka hour stand chesanu, naa turn ki 'closed' board — universal suffering bru",1
"Dinesh Suma ki gifts icchaadu, Suma chepindhi 'you are like my brother' — return policy edu brow",1
"amma hostel food check chesaadu, tiffin box tho vasindi — mom knows best broo",1
"Pavan Kavya ki gifts icchaadu, Kavya chepindi 'you are like my brother' — return policy ledu broo",1
communication clearly cheyydam professional data scientist ki essential skill undhi,0
"WhatsApp order cancel ayindi, money 7 days lo refund avnu ani cheppindi — 7 days lo naa hunger wait ledoo",1
"Amazon lo tomato rice order chesanu, wrong item vasindi, hungry avvunuu tinna — hunger defeats ego",1
"peddamma cheppindi 'Nandini ni chuso doctor avnu' ani, Nandini ki MBBS leduu — inspiration from fiction no cap",1
Rajesh library lo data mining chadduvutunnadu evening daka,0
"mail ki 'as per my last mail' chesadu, war started avunu — corporate battlefield brow",1
"meeting schedule avunu, 'this could have been an email' — every time brow",1
"Suma cheppiindi notes share cheyyi ani, share chesanu",0
"Telugu cinema industry chaalaa big undie, annual revenue challa undoo",0
"Lokesh Facebook lo 'checking in' everywhere pettadu, ammaaa ki location track avunu — backfire brooo",1
"nenu Vikram tho DSA doubts discuss chesanu, clear avvunu finally",0
technology chaallu fast ga change avutundi every year,0
"naa wifi challaa fast undoo — speed test lo matrame, actual lo ledoo broh",1
"nenu Gopi ki cheppanu today assignment undoo ani, thanks annadu",0
Sanjay new Ola kinukkunnadu last month Nellore lo,0
"Ravi exam hall lo calculator teesukochadu, linear algebra lo calculations leduu — prepared for wrong subject bruh",1
AI concepts chaallu important undii software engineering ki,0
"Bhaskar Jasmine ki 'hi' text chesadu, 3 days tarvata reply vasindi — chaalaa busy schedule undii bro",1
economics basics strong avunu anti advanced concepts easy avvunuu,0
"Chaitra adugundi canteen ekado undii ani, direction cheppanu",0
"Amulya adugundi canteen ekkadaa undi ani, direction cheppanu",0
Ongole lo water supply schedule change avunuu maintenance ki,0
"naa AI class morning lo undhi, attend chesanu",0
"new startup Tenali lo start avvunuu, local IAS officer opportunities create avvunu",0
"okkka bite pongal tinnanu, finish avunuu entire plate — portion control failed broh",1
"propose chesanu, 'I think of you as a brother' annadi — ML result kanna worse shock broh",1
nenu Mahesh tho Nellore meet avnu ani plan chesdu,0
"Bhaskar placement cell lo attendance ledoo broh, but ammaaa tho 'daily velthunna' antadu — technically edu kaadaa",1
"room mate broh early rise chesdu, alarm 5 AM ki, nenu 5 AM ki sleeping — different schedules broh",1
"Rakesh Yamini ki 'hi' text chesadu, 3 days tarvata reply vasindi — chaala busy schedule undoo bro",1
"room mate bro early rise chesaadu, alarm 5 AM ki, nenu 5 AM ki sleeping — different schedules broh",1
"metro lo seat dorikithe lucky day ani anukunde, next stop lo empty avunu — always like this genius bro",1
"online class lo professor 'unmute avvandi' antaa — 50 fans, 10 dogs, 5 amma voices",1
software jobs chaalaa undhi Vizag lo young graduates ki,0
"nenu Amulya ki cheppanu class time change avnu ani, okay annadi",0
"government IAS officer recruitment notification release avnu, applications start avvunuu",0
"new flyover Hyderabad lo ready avvunu next month, traffic ease avunuu anukuntaa",0
"team outing undie, Sai leave chesadu — anti-social professional brooo",1
Mani cheppadu new Instagram download chesanu try cheyyi ani,0
amma: nuvvu ekada unnav? nenu: library lo. ammaaa: mee college lo library ekada undie daa? seriously,1
"Farida cheppiindi library books return date vasindi ani, return chesanu",0
"new startup Gachibowli lo start avunuu, local accountant opportunities create avunuu",0
today Monday lo Sekhar Ongole ki scooty lo vellaadu,0
"nenu Priya ki cheppanu class time change avvunuu ani, okay annadi",0
Vikram today software engineering assignment submit chesaadu on time,0
"new restaurant undie, expensive menu chusaka water only order chesanu — budget dining broh",1
Ongole lo new metro line start avutundi next year ani announce avvunuu,0
Munna cheppadu new GPay download chesanu try cheyyi ani,0
"Arjun statistics project last night chesadu, works on his laptop, ledoo lab lo — classic seriously",1
"diet chesaadhu, results laedu, garelu eat chesadhu, results edu — same outcome different happiness",1
"Nellore lo different areas undi, each area different culture undoo",0
"peddamma cheppindi 'Radha ni chuso doctor avunu' ani, Radha ki MBBS leduu — inspiration from fiction",1
"today digital circuits lab session undi, experiment complete chesaadhu",0
"nanna cheppadu 'designer avvali' ani, nenu cheppanu 'try chestunna' ani — 4 years same conversation bro",1
"nenu paneer tinnanu, challa undii anukunta",0
today morning lo Ravi Ongole ki Ola lo vellaadu,0
Naidu today networks assignment submit chesdu on time,0
