text,label
"NTR movie lo villain challa try chesadu, hero ki okka scratch laedu — plot armour max level 😭😭",1
nenu networks interesting undhi ante anukuntunna,0
"nenu egg rice tinnanu, chaala undii",0
"nenu Pawan Kalyan movies chustanu, chala undi ante",0
"nenu online class attend chesanu today, notes rasanu 👍",0
Hyderabad chala develop avutundi last few years lo,0
weather today chaalaa hot ga undy Kurnool lo,0
"naa TOC professor chaalaa fast broh, notes ledhu, brain ledhu, hope edu, future ledhu F",1
"Prabhas okka punch lo 10 mandi ni leduu chesadu, nenu okaa OS paper clear cheyyalekapoyanu",1
OS nerchukovadam important undi career ki right,0
group study sometimes helpful avvunu anukunta right,0
healthy ga undadam ki egg rice tinate chaala undhi,0
crush cheppindi 'we are just friends' ani — maths fail kanna painful avvunu broo,1
"Surya broo exam ki prepare ledhu, result vasthe 'paper tough undy' ani blame chesadu",1
"nenu biryani try chesanu first time, okay ga undie",0
healthy ga undadam ki dosa tinate chaalaa undie,0
TOC prepare avvadam ki daily 2 hours chadduvukovadam avunu,0
"amma cooking chesthu undi, nenu help cheyyadam try chesanu — ammaa 'nuvvu poni chadduvuko' annadi",1
"amma 'oka data scientist ni chadi, set avutav' ante, nenu still maths clear cheyyalekapotunna",1
"Yadav Jyothi ki 'hi' text chesadu, 3 days tarvata reply vasindi — chaalaa busy schedule undie 😂",1
"nenu upma try chesanu first time, okay ga undy",0
Nani placement cell lo networks class attend chesaadu 🙂,0
government 'smart city' anti Guntur lo share auto ki roads leduu — very smart,1
"naa wifi chala fast undhi — speed test lo matrame, actual lo ledu broo",1
water chaalaa taagadam health ki chaalaa avnu,0
"naa networks professor challaa fast broo, notes ledhu, brain ledhu, hope laedu, future leduu",1
pesarattu chala healthy ga undie daily tinte sure,0
"Bhaskar Lakshmi tho first date ki Warangal lo sambar tinnaru, bill split chesadu — modern love 😭😭",1
"nenu Vijay Deverakonda movies chustanu, challa undie anti",0
group study sometimes helpful avunuu anukuntunna 🙌,0
"naa phone new update vasindi, install chesanu",0
naa canteen ki walking distance lo undhi,0
"today algorithms lab session undi, prepare avutunna 👍👍",0
new flyover Nellore lo ready avunuu next month,0
electricity rates change avutunnai Rajahmundry lo,0
Teja new bus kinukkunnadu last month,0
"ammaa cheppindi 'doctor avutav' ani, naa DSA marks chusaka 'compounder avvachu' ani update chesindi 😂",1
healthy ga undadam ki pulihora tinate chala undii,0
"nenu Balayya movies chustanu, challaa undie antey",0
nenu Warangal lo WhatsApp use chesthu undhi,0
reading habit chaalaa useful undii long term lo,0
"Allu Arjun dialogue Surya university lo use chesadu, professor appreciate chesdu — cinema education",1
"traffic lo Tirupati lo okka hour stuck, GPS '2 mins away' antu undhi — GPS lying brow lmao",1
"nenu chapati try chesanu first time, okay ga undii",0
"hero bike stunt chesadu, Arjun try chesadu — bike undie, Arjun hospital lo undy",1
"traffic lo Karimnagar lo oka hour stuck, GPS '2 mins away' antu undy — GPS lying broo",1
Ramu college lo networks class attend chesadu,0
family function lo okkka uncle adugadu 'marks entha' ani — nanna topic change chesadu immediately 🤣,1
healthy ga undadam ki egg rice tinate challa undii,0
"barber ki 'thoda trim' annanu — half head gone brooo, lost in translation gg",1
internships chala important undie final year ki 🙂,0
new flyover Kurnool lo ready avnu next month,0
"Rajahmundry lo okaa seat dorikithe lucky day ani anukunta, destination vastundi leduu",1
"naa wifi challa fast undhi — speed test lo matrame, actual lo edu brow",1
Bhaskar new bus kinukkunnadu last month 🤔,0
group study sometimes helpful avunu anukuntunna,0
"Rajesh Mounika tho first date ki Kurnool lo pulihora tinnaru, bill split chesadu — modern love",1
work from home easy ante — Ravi amma background lo upma chesthu meeting lo,1
"valentine's day ki Teja alone undie, chicken curry order chesadu — self love era bruh",1
"nenu gongura rice tinnanu, challa undy",0
biryani challaa healthy ga undhi daily tinte 🙌,0
new flyover Guntur lo ready avunu next month,0
Suresh university lo CN class attend chesadhu 🤔,0
Vijayawada lo water supply schedule change avnu,0
"diet start chesanu — sambar chusaka cancel avunu, health is wealth food is life",1
work from home easy antee — Ramu amma background lo pulihora chesthu meeting lo bruh,1
sambar challaa healthy ga undhi daily tinte 👍,0
technology chaalaa fast ga change avutundi,0
internships challaa important undi final year ki,0
Yadav library lo English chadduvutunnadu,0
networks nerchukovadam important undii career ki,0
"nenu chicken curry try chesanu first time, okay ga undy 🙌",0
online learning convenient ga undy anukuntunna hmm,0
"Swiggy lo order chesanu '30 mins' anti — 2 hours lo gongura rice vasindii, cold ga undii",1
"barber ki 'thoda trim' annanu — half head gone brooo, lost in translation haha",1
"Ravi exam hall lo attendance laedu brow, but amma tho 'daily velthunna' antadu — technically edu lmao",1
government 'smart city' antey Nellore lo share auto ki roads leduu — very smart 🤣,1
"naa maths professor challaa fast broo, notes edu, brain ledu, hope ledhu, future edu finished",1
"Swiggy lo order chesanu '30 mins' ante — 2 hours lo chicken curry vasindi, cold ga undhi 💀",1
"naa wifi challa fast undy — speed test lo matrame, actual lo ledu broo 🤣",1
interview ki formal dress wear cheyyadam better undy,0
"ATM ki poina, cash edu, UPI try chesanu, network ledu — broke in every way 😭😭",1
water chaalaa taagadam health ki chala avvunu,0
"naa ML marks chusaka okkka nimisham silent ga undii, grief kaaduu brooo — pure shock",1
"Chitti assignment last minute chesadu, font 16, margins wide, 3 pages done — engineering genius 😂",1
healthy ga undadam ki sambar tinate challaa undhi,0
"nenu biryani try chesanu first time, okay ga undi",0
IAS officer avvadam chaala kaashtam undii kani worth it hmm,0
"Vikram Jyothi ki 'hi' text chesadu, 3 days tarvata reply vasindi — chaalaa busy schedule undie haha",1
Sai networks assignment complete chesaadu yesterday,0
healthy ga undadam ki dosa tinate chala undie,0
"ammaaa cooking chesthu undy, nenu help cheyyadam try chesanu — amma 'nuvvu poni chadduvuko' annadi 😂",1
"nenu online class attend chesanu today, notes rasanu 🙂",0
"nenu NTR movies chustanu, challa undi antey",0
weather today challaa hot ga undii Vijayawada lo,0
"nenu NTR movies chustanu, challa undhi ante",0
"diet start chesanu — idli chusaka cancel avvunu, health is wealth food is life lol",1
Naidu canteen lo TOC class attend chesdu right,0
work from home easy anti — Yadav amma background lo egg rice chesthu meeting lo,1
pulihora chaalaa healthy ga undhi daily tinte hmm,0
"Prasad university lo attendance leduu brow, but amma tho 'daily velthunna' antadu — technically leduu lol",1
nenu today Vizag ki cycle lo vellanu ok,0
"alarm 5 AM ki pettanu 'productive avutanu' ani, snooze chesanu 6 times — productivity achieved haha",1
nenu Warangal lo YouTube use chesthu undy,0
"'gym join chestanu' ani January 1 ki fee kattanu, January 5 ki forget avunuu — annual tradition",1
"naa phone battery challa fast poothundi, relationships kanna faster 😭",1
"Prabhas movie lo villain challaa try chesadu, hero ki okka scratch ledhu — plot armour max level",1
internships chaalaa important undi final year ki right,0
"nanna bike ki petrol leduu, naaku pocket money ledhu, iddaru same team",1
DBMS nerchukovadam important undhi career ki right,0
"Yadav assignment last minute chesadu, font 16, margins wide, 3 pages done — engineering genius 😂",1
"naa phone new update vasindi, install chesanu ok",0
Kiran new cycle kinukkunnadu last month sure,0
"naa life Allu Arjun movie la undy — interval ki twist, climax ki logic ledu broh 💔",1
technology chaala fast ga change avutundi 👍👍,0
"ex vasindi message 'how are you' ani, nenu DSA fail avutunna — great timing broh lmao",1
"ex vasindi message 'how are you' ani, nenu algorithms fail avutunna — great timing bro",1
college seminar hall lo algorithms class ledhu today anti Babai ammaa ki call chesadu 'holiday' ani — smart move 🤣,1
"supermarket ki okka item ki poina, 10 items tho vasina — market psychology wins bruh",1
"naa phone battery chala fast poothundi, relationships kanna faster F",1
healthy ga undadam ki chapati tinate chala undi,0
Ramu Rajahmundry lo relatives ni chusaadaniki chesadu,0
technology chala fast ga change avutundi right,0
"nenu NTR movies chustanu, challa undii ante",0
doctor avvadam chaala kaashtam undhi kani worth it 👍👍,0
"propose chesanu, 'I think of you as a brother' annadi — DBMS result kanna worse shock",1
"Nellore lo okkka seat dorikithe lucky day ani anukuntaa, destination vastundi laedu 😂",1
regular exercise challa important undii health ki 🙂,0
"today ML lab session undii, prepare avutunna",0
nanaa smartphone istE WhatsApp lo naa result forward chesadu relatives ki — thanks nanaa 💔,1
"internals lo Chitti ki 9/30 vasthe 'grace marks' antadu, grace means 9 ye brow",1
"Haritha 'nuvvu change avvali' annadi, Nani hairstyle change chesadu — nenu try chesanu broh lmao",1
"naa OS marks chusaka oka nimisham silent ga undie, grief kadu brow — pure shock",1
"placement cell lo HR adugadu 'where do you see yourself in 5 years', Babai 'sleeping' annadu — honest answer lol",1
"valentine's day ki Naidu alone undii, biryani order chesadu — self love era",1
"babai cheppadu 'Venky ni chuso chaala undi' — Venky fail avunuu bro, different level inspiration",1
water challaa taagadam health ki chaala avunuu,0
"naaku biryani chaalaa ishtam, ammaa chesindi, vere biryani chesindi — betrayal 🤣",1
family function lo okkka uncle adugadu 'marks entha' ani — nanaa topic change chesadu immediately,1
Hyderabad lo water supply schedule change avnu,0
"Keerthi 'nuwu chala funny' annadi — comedy avunu antey undi bro, naaku telidhu still",1
"Kavya 'nuwu challaa funny' annadi — comedy avunu antey undy bro, naaku telidhu still 😂",1
regular exercise chaalaa important undi health ki 👍👍,0
"Allu Arjun okkka punch lo 10 mandi ni laedu chesadu, nenu okkka maths paper clear cheyyalekapoyanu 🤣",1
"placement cell lo HR adugadu 'where do you see yourself in 5 years', Suresh 'sleeping' annadu — honest answer 😂",1
"naa TOC marks chusaka oka nimisham silent ga undi, grief kaadhu bro — pure shock",1
"valentine's day ki Mahesh alone undii, upma order chesadu — self love era lmao",1
"NTR okka punch lo 10 mandi ni edu chesadu, nenu okka DBMS paper clear cheyyalekapoyanu 💀",1
Suresh ML assignment complete chesdu yesterday,0
water challaa taagadam health ki chala avunu,0
nenu today Rajahmundry ki RTC bus lo vellanu,0
teacher avvadam chaala kaashtam undy kani worth it hmm,0
"Rajahmundry lo okkka seat dorikithe lucky day ani anukunde, destination vastundi leduu 😭😭",1
Kiran library lo ML chadduvutunnadu,0
internet speed improve avunu rural areas lo,0
"Chiranjeevi dialogue Sekhar lab lo use chesadu, professor appreciate chesaadu — cinema education",1
"naa physics marks chusaka okaa nimisham silent ga undi, grief kadu bro — pure shock",1
"challaa thanks brooo, nuvu help chesav — problem challa worse avnu now",1
"babai cheppadu 'Venky ni chuso chala undie' — Venky fail avnu brooo, different level inspiration 🤣",1
"Rajesh Mounika ki good morning text chesadu daily, adi read avunu reply laedu — read receipts cruelty broo",1
Warangal lo traffic problem address cheyyaali anti,0
nenu Kurnool lo Swiggy use chesthu undi,0
"Allu Arjun movie lo villain chaalaa try chesadu, hero ki oka scratch edu — plot armour max level 😂",1
group study sometimes helpful avvunu anukuntunna,0
reading habit challaa useful undii long term lo ok,0
regular exercise chaalaa important undii health ki right,0
Ravi algorithms assignment complete chesadhu yesterday,0
family function lo okaa uncle adugadu 'marks entha' ani — nannaa topic change chesadu immediately 🤣,1
"nanna 'maa time lo challa cheyyadam kashtapaddamu' anti, aatime lo DSA edu brooo — different struggle",1
Warangal chaala develop avutundi last few years lo,0
"diet start chesanu — sambar chusaka cancel chesanu, health is wealth but food is life 🤣",1
"nenu pulihora try chesanu first time, okay ga undy 🙂",0
"naa DSA paper lo okka question kaadhu telivindi, kani confident ga avvunu rasa — confidence bro not knowledge 😭😭",1
"nenu chicken curry try chesanu first time, okay ga undii",0
software engineer avvadam chaalaa kaashtam undhi kani worth it 👍👍,0
water chala taagadam health ki challaa avnu,0
"naa wifi chala fast undi — speed test lo matrame, actual lo ledu brooo",1
"amma cheppindi 'doctor avutav' ani, naa physics marks chusaka 'compounder avvachu' ani update chesindi",1
"movie lo hero okka song lo 5 countries lo dance chesadu, nenu okaa Hyderabad bus stop daateri leduu finished",1
DSA nerchukovadam important undie career ki,0
water chaalaa taagadam health ki challaa avunu,0
nenu chemistry interesting undi antee anukunta,0
"diet start chesanu — pongal chusaka cancel avunu, health is wealth food is life",1
online learning convenient ga undii anukuntaa hmm,0
family function lo okkka uncle adugadu 'marks entha' ani — nanaa topic change chesadu immediately 🤣,1
nenu today Vizag ki Splendor lo vellanu cool,0
"meeting lo mute avnu matladanu, 5 mins tarvata telusindi — everyone saw brooo 🤣",1
naa seminar hall ki walking distance lo undi,0
Sunday night 11 PM ki Monday ki prepare avvadam start chesanu — classic bro 😂,1
college hostel lo chemistry class laedu today anti Vikram amma ki call chesadu 'holiday' ani — smart move 🤣,1
family function lo okka uncle adugadu 'marks entha' ani — nanna topic change chesadu immediately lol,1
physics nerchukovadam important undi career ki,0
"placement cell lo HR adugadu 'where do you see yourself in 5 years', Bunny 'sleeping' annadu — honest answer 😂",1
"naa TOC marks chusaka okka nimisham silent ga undie, grief kadu brow — pure shock",1
group study sometimes helpful avvunu anukunta 🙏,0
"valentine's day ki Gopi alone undhi, biryani order chesadu — self love era",1
"hero bike stunt chesadu, Ravi try chesadu — bike undy, Ravi hospital lo undy",1
"challaa thanks broh, nuvvuu help chesav — problem challa worse avunu now 😂",1
"nenu chapati tinnanu, chaala undi 🤔",0
ML nerchukovadam important undii career ki,0
"Allu Arjun movie review: 'logic ledhu' — fans: 'logic ante em bro, emotion chuso' gg",1
"online class lo professor 'unmute avvandi' ante — 50 fans, 10 dogs, 5 amma voices lmao",1
"Allu Arjun dialogue Babai seminar hall lo use chesadu, professor appreciate chesdu — cinema education lmao",1
Suresh mess lo chemistry class attend chesdu 🙂,0
"nenu Pawan Kalyan movies chustanu, chaalaa undi anti",0
"supermarket ki okaa item ki poina, 10 items tho vasina — market psychology wins 😂",1
Naidu hostel lo OS class attend chesadu,0
Guntur lo traffic problem address cheyyaali antey,0
"online class lo professor 'unmute avvandi' anti — 50 fans, 10 dogs, 5 ammaa voices 😭😭",1
college canteen lo maths class ledu today antee Ramu ammaaa ki call chesadu 'holiday' ani — smart move lmao,1
"Bhaskar Lakshmi ki 'hi' text chesadu, 3 days tarvata reply vasindi — chaalaa busy schedule undy bruh",1
Kiran seminar hall lo ML class attend chesdu,0
"nenu Allu Arjun movies chustanu, challaa undii antee",0
internships chaala important undie final year ki hmm,0
healthy ga undadam ki sambar tinate chala undie,0
professor 'open book exam' ante Venky library motham bag lo pettukochadu lol,1
"ammaaa cooking chesthu undii, nenu help cheyyadam try chesanu — ammaaa 'nuvvu poni chadduvuko' annadi haha",1
"amma WhatsApp status 'my son is my pride' pettindi, naa result vasindhi — delete chesdu haha",1
"morning 6 ki alarm, snooze, 7 ki alarm, snooze, 9 ki ammaaa voice — most effective alarm haha",1
exam lo Vikram pray chesadu 'God MCQ lo A avvani cheyyadham' — specific prayer works haha,1
"nenu biryani try chesanu first time, okay ga undi cool",0
CA avvadam challa kaashtam undi kani worth it 🙌,0
healthy ga undadam ki gongura rice tinate challa undi,0
"Pawan Kalyan movie review: 'logic leduu' — fans: 'logic ante em bro, emotion chuso'",1
online form fill cheyyadaniki documents ready ga pettukovalani,0
government 'smart city' anti Warangal lo auto ki roads leduu — very smart,1
"Suresh Anu tho first date ki Nellore lo dosa tinnaru, bill split chesadu — modern love",1
healthy ga undadam ki chicken curry tinate chala undii,0
Ravi networks assignment complete chesadu yesterday,0
"movie lo hero okkka song lo 5 countries lo dance chesadu, nenu okaa Karimnagar bus stop daateri leduu",1
crush cheppindi 'we are just friends' ani — networks fail kanna painful avvunu brooo,1
online learning convenient ga undie anukuntunna 🙌,0
"Suresh Suma ki 'hi' text chesadu, 3 days tarvata reply vasindi — chaala busy schedule undhi gg",1
work from home easy antey — Nani ammaa background lo pulihora chesthu meeting lo,1
"nannaa bike ki petrol ledu, naaku pocket money laedu, iddaru same team",1
"amma vada chesindi, nenu 'chala undi' annanu — ledhu, pure diplomacy broh 😭😭",1
reading habit chaala useful undy long term lo,0
auto wala 'meter ledu' anti 3x rate adugadu — Hyderabad experience bruh,1
nenu algorithms interesting undhi ante anukunta,0
pongal chaala healthy ga undie daily tinte 🙏,0
college mess lo OS class ledu today anti Gopi ammaa ki call chesadu 'holiday' ani — smart move bruh,1
internships chala important undie final year ki,0
Guntur lo water supply schedule change avunu,0
"nenu gongura rice try chesanu first time, okay ga undie ok",0
nenu today Warangal ki Splendor lo vellanu 🙏,0
group study sometimes helpful avunuu anukunta ok,0
"nenu Pawan Kalyan movies chustanu, chala undhi ante",0
college placement cell lo OS class leduu today antey Vikram ammaa ki call chesadu 'holiday' ani — smart move 💀,1
DBMS prepare avvadam ki daily 2 hours chadduvukovadam avvunu,0
"relatives adugutunnaru 'what are your plans' ani, nenu maths pass avvadam plan broo — small goals lmao",1
nenu Hyderabad lo Swiggy use chesthu undie,0
"today TOC lab session undy, prepare avutunna",0
"nenu roti tinnanu, chala undii",0
nenu ML interesting undii anti anukuntaa,0
"Suresh Suma tho first date ki Tirupati lo pulihora tinnaru, bill split chesadu — modern love gg",1
Chitti new RTC bus kinukkunnadu last month 🙂,0
"internals lo Nani ki 9/30 vasthe 'grace marks' antadu, grace means 9 ye broh 😭😭",1
"ammaa cooking chesthu undie, nenu help cheyyadam try chesanu — amma 'nuvvu poni chadduvuko' annadi bruh",1
Rajahmundry lo traffic problem address cheyyaali ante,0
"naa life Chiranjeevi movie la undy — interval ki twist, climax ki logic ledhu broh",1
biryani chala healthy ga undhi daily tinte 👍👍,0
"YouTube lo order chesanu '30 mins' ante — 2 hours lo pongal vasindhi, cold ga undy haha",1
nenu today Vijayawada ki share auto lo vellanu right,0
chemistry nerchukovadam important undy career ki,0
group study sometimes helpful avunuu anukuntaa 🙌,0
"amma cooking chesthu undii, nenu help cheyyadam try chesanu — ammaa 'nuvvu poni chadduvuko' annadi",1
CN nerchukovadam important undii career ki 👍,0
water chaalaa taagadam health ki chaala avunu,0
internet speed improve avnu rural areas lo,0
"villain 1000 cr spend chesadu plan ki, hero okaa punch lo finish — ROI zero 🤣",1
morning pesarattu breakfast ki chesamu 🙂,0
TOC nerchukovadam important undi career ki,0
gongura rice chaalaa healthy ga undhi daily tinte,0
nenu Vijayawada lo YouTube use chesthu undii,0
regular exercise challaa important undi health ki 🙌,0
"online class lo professor 'unmute avvandi' antee — 50 fans, 10 dogs, 5 ammaaa voices 😂",1
exam lo Babai pray chesadu 'God MCQ lo A avvani cheyyadham' — specific prayer works lol,1
"Venky Deepika ki 'hi' text chesadu, 3 days tarvata reply vasindi — chala busy schedule undy 😂",1
crush cheppindi 'we are just friends' ani — CN fail kanna painful avunuu broo,1
water challaa taagadam health ki chaala avnu,0
Rajahmundry lo traffic problem address cheyyaali anti,0
"nanna bike ki petrol leduu, naaku pocket money ledhu, iddaru same team gone case",1
"amma cooking chesthu undhi, nenu help cheyyadam try chesanu — amma 'nuvvu poni chadduvuko' annadi haha",1
doctor avvadam challa kaashtam undie kani worth it 🤔,0
reading habit chaalaa useful undhi long term lo 🙌,0
"nenu Prabhas movies chustanu, challa undie antee",0
"relatives adugutunnaru 'what are your plans' ani, nenu DSA pass avvadam plan broo — small goals lol",1
"WhatsApp lo biryani order chesanu, wrong item vasindi, hungry avnu tinna — hunger > ego",1
new hospital Guntur lo open avutundi next month,0
"bank account open ki adhar card, photos teesukuravelanu",0
nanna smartphone istE WhatsApp lo naa result forward chesadu relatives ki — thanks nanaa,1
"amma 'oka doctor ni chadi, set avutav' anti, nenu still TOC clear cheyyalekapotunna F",1
"Vijay Deverakonda movie lo villain challa try chesadu, hero ki okaa scratch ledhu — plot armour max level",1
internships challa important undi final year ki sure,0
"movie lo hero oka song lo 5 countries lo dance chesadu, nenu okka Warangal bus stop daateri ledu",1
mass movie ante Pawan Kalyan dialogue ni Bhaskar WhatsApp status lo pettadu — feels undi brooo haha,1
DSA nerchukovadam important undhi career ki,0
auto wala 'meter ledu' antey 3x rate adugadu — Hyderabad experience,1
Vizag chala develop avutundi last few years lo,0
Naveen hostel lo DSA class attend chesaadu,0
online learning convenient ga undie anukunde,0
CN nerchukovadam important undy career ki right,0
group study sometimes helpful avunuu anukunta cool,0
Mahesh library lo algorithms chadduvutunnadu,0
"meeting lo mute avvunu matladanu, 5 mins tarvata telusindi — everyone saw broo lmao",1
"hero bike stunt chesadu, Teja try chesadu — bike undhi, Teja hospital lo undie",1
mass movie ante NTR dialogue ni Srinu WhatsApp status lo pettadu — feels undy brooo,1
"ammaaa WhatsApp status 'my son is my pride' pettindi, naa result vasindhi — delete chesadhu haha",1
Rajahmundry challaa develop avutundi last few years lo,0
"exam ki notes miss avvadam kadu, important undii",0
"naa wifi challa fast undhi — speed test lo matrame, actual lo edu bro 😭😭",1
work from home easy ante — Sai amma background lo idli chesthu meeting lo gg,1
"Chitti Priya ki 'hi' text chesadu, 3 days tarvata reply vasindi — challa busy schedule undhi bruh",1
"Sekhar Sravani ki 'hi' text chesadu, 3 days tarvata reply vasindi — chaala busy schedule undie lol",1
"today OS lab session undii, prepare avutunna",0
online learning convenient ga undie anukuntaa right,0
Vizag lo water supply schedule change avnu,0
"naaku chicken curry chala ishtam, amma chesindi, vere chicken curry chesindi — betrayal 🤣",1
state lo rainfall chaala undy this monsoon,0
"Mahesh Babu movie review: 'logic leduu' — fans: 'logic ante em bro, emotion chuso'",1
Vijayawada lo traffic problem address cheyyaali antee,0
"Naveen Priya tho first date ki Kurnool lo chicken curry tinnaru, bill split chesadu — modern love 💀",1
"placement cell lo HR adugadu 'where do you see yourself in 5 years', Bhaskar 'sleeping' annadu — honest answer 😂",1
water chaala taagadam health ki challaa avunuu,0
"nenu dosa tinnanu, chaala undhi 🙂",0
"naa OS professor challaa fast broo, notes ledhu, brain ledhu, hope laedu, future edu",1
"naa CN professor challaa fast broo, notes ledu, brain leduu, hope edu, future ledu",1
weather today chaalaa hot ga undi Vijayawada lo,0
Kiran Kurnool lo relatives ni chusaadaniki chesadu,0
"ATM ki poina, cash leduu, UPI try chesanu, network laedu — broke in every way",1
nenu Nellore lo PhonePe use chesthu undie,0
Kurnool lo water supply schedule change avunuu,0
"internals lo Chitti ki 9/30 vasthe 'grace marks' antadu, grace means 9 ye bro lol",1
weather today challaa hot ga undi Kurnool lo,0
family function lo okkka uncle adugadu 'marks entha' ani — nanna topic change chesadu immediately bruh,1
"babai cheppadu 'Teja ni chuso challaa undie' — Teja fail avunu broh, different level inspiration lol",1
Vizag chaalaa develop avutundi last few years lo,0
relationship status: physics tho brow — at least it needs me 💀,1
nenu Vizag lo Hotstar use chesthu undi,0
auto wala 'meter edu' antee 3x rate adugadu — Hyderabad experience lol,1
"barber ki 'thoda trim' annanu — half head gone broh, lost in translation",1
chemistry nerchukovadam important undhi career ki 🙂,0
"movie lo hero okkka song lo 5 countries lo dance chesadu, nenu okkka Karimnagar bus stop daateri laedu",1
healthy ga undadam ki pesarattu tinate chala undhi,0
technology chala fast ga change avutundi sure,0
"today networks lab session undy, prepare avutunna",0
"diet start chesanu — dosa chusaka cancel chesanu, health is wealth but food is life lol",1
"nanna bike ki petrol ledhu, naaku pocket money ledu, iddaru same team",1
work from home easy antee — Bhaskar ammaaa background lo gongura rice chesthu meeting lo,1
healthy ga undadam ki upma tinate chaalaa undhi,0
technology challaa fast ga change avutundi right,0
DBMS nerchukovadam important undy career ki,0
Hyderabad chaalaa develop avutundi last few years lo,0
work from home easy ante — Teja ammaa background lo roti chesthu meeting lo,1
exam lo Mahesh pray chesadu 'God MCQ lo A avvani cheyyatam' — specific prayer works,1
"ammaa 'oka software engineer ni chadi, set avutav' anti, nenu still ML clear cheyyalekapotunna",1
"relatives adugutunnaru 'what are your plans' ani, nenu TOC pass avvadam plan brooo — small goals 😭😭",1
internships challaa important undii final year ki,0
Lucky Nellore lo relatives ni chusaadaniki chesadu,0
Ramu physics assignment complete chesadu yesterday,0
pilot avvadam chaalaa kaashtam undi kani worth it,0
"naa phone battery chaalaa fast poothundi, relationships kanna faster 😭",1
"valentine's day ki Vikram alone undhi, idli order chesadu — self love era lmao",1
Sekhar Tirupati lo relatives ni chusaadaniki chesaadu,0
IAS officer avvadam challaa kaashtam undie kani worth it cool,0
"Tirupati lo oka seat dorikithe lucky day ani anukuntaa, destination vastundi leduu 🤣",1
Arjun library lo chemistry chadduvutunnadu,0
naa lab ki walking distance lo undhi,0
"Chiranjeevi dialogue Naveen hostel lo use chesadu, professor appreciate chesdu — cinema education haha",1
Mahesh Kurnool lo relatives ni chusaadaniki chesaadu,0
weather today challa hot ga undie Vizag lo,0
"chaala thanks broo, nuvvuu help chesav — problem challa worse avunuu now 😭😭",1
crush cheppindi 'we are just friends' ani — DBMS fail kanna painful avunu bro,1
"naa life NTR movie la undi — interval ki twist, climax ki logic edu broo 😭",1
"nenu Chiranjeevi movies chustanu, chala undi ante",0
"barber ki 'thoda trim' annanu — half head gone broo, lost in translation 😭😭",1
doctor avvadam chala kaashtam undie kani worth it 👍👍,0
nenu Rajahmundry lo Swiggy use chesthu undy,0
"hero bike stunt chesadu, Bunny try chesadu — bike undy, Bunny hospital lo undie",1
"traffic lo Warangal lo okkka hour stuck, GPS '2 mins away' antu undii — GPS lying brooo lol",1
"Chiranjeevi dialogue Ravi library lo use chesadu, professor appreciate chesadu — cinema education",1
healthy ga undadam ki pongal tinate chaala undy,0
Bunny hostel lo algorithms class attend chesadu 🤔,0
Suresh library lo TOC chadduvutunnadu,0
reading habit challa useful undie long term lo,0
Gopi hostel lo English class attend chesaadu,0
"phone lo 1% battery, charger room lo undi, nenu hall lo undii — impossible distance 💔",1
"Chiranjeevi okaa punch lo 10 mandi ni ledhu chesadu, nenu okaa OS paper clear cheyyalekapoyanu 💀",1
Naveen back bench lo undie kani first bencher kanna better marks — back lo wifi strong undi 🤣,1
Sunday night 11 PM ki Monday ki prepare avvadam start chesanu — classic brooo 💀,1
nenu today Karimnagar ki bike lo vellanu ok,0
"Balayya dialogue Vikram university lo use chesadu, professor appreciate chesdu — cinema education gg",1
"Mahesh seminar hall lo attendance edu broo, but ammaaa tho 'daily velthunna' antadu — technically ledu gg",1
"naaku chapati chala ishtam, ammaa chesindi, vere chapati chesindi — betrayal 😭😭",1
healthy ga undadam ki pesarattu tinate challa undii,0
"ammaa cooking chesthu undy, nenu help cheyyadam try chesanu — ammaaa 'nuvvu poni chadduvuko' annadi 💀",1
Babai new Splendor kinukkunnadu last month,0
Bunny library lo ML chadduvutunnadu,0
professor 'open book exam' antee Chitti library motham bag lo pettukochadu 😂,1
internships challa important undie final year ki cool,0
backup cheyyadam important files ki regular ga,0
"relatives adugutunnaru 'what are your plans' ani, nenu DSA pass avvadam plan brow — small goals lmao",1
biryani chala healthy ga undy daily tinte,0
naa university ki walking distance lo undie,0
"ATM ki poina, cash ledu, UPI try chesanu, network laedu — broke in every way",1
internships challa important undy final year ki 👍,0
Lucky chemistry assignment complete chesadhu yesterday,0
government 'smart city' antee Hyderabad lo cycle ki roads laedu — very smart,1
naa canteen ki walking distance lo undii,0
Srinu Kurnool lo relatives ni chusaadaniki chesaadu,0
mass movie antey Pawan Kalyan dialogue ni Arjun WhatsApp status lo pettadu — feels undi broh,1
new flyover Vijayawada lo ready avnu next month,0
"Hotstar lo order chesanu '30 mins' ante — 2 hours lo pongal vasindy, cold ga undi",1
engineer avvadam challaa kaashtam undhi kani worth it,0
new hospital Kurnool lo open avutundi next month,0
"naa wifi challa fast undhi — speed test lo matrame, actual lo ledhu broh 😭😭",1
morning egg rice breakfast ki chesamu hmm,0
"naa DSA marks chusaka okkka nimisham silent ga undi, grief kadu broo — pure shock",1
"meeting lo mute avunuu matladanu, 5 mins tarvata telusindi — everyone saw brooo",1
"Chitti mess lo attendance laedu brow, but ammaaa tho 'daily velthunna' antadu — technically ledhu",1
"Vijay Deverakonda oka punch lo 10 mandi ni leduu chesadu, nenu oka algorithms paper clear cheyyalekapoyanu lol",1
healthy ga undadam ki chapati tinate challaa undhi,0
"NTR movie review: 'logic ledu' — fans: 'logic ante em brooo, emotion chuso' gg",1
nenu maths interesting undy antee anukunta,0
petrol prices change avunuu this week,0
"diet start chesanu — upma chusaka cancel chesanu, health is wealth but food is life 💀",1
healthy ga undadam ki pesarattu tinate chaala undhi,0
pulihora chaalaa healthy ga undie daily tinte hmm,0
new flyover Tirupati lo ready avvunu next month,0
"Balayya movie lo villain chaalaa try chesadu, hero ki okka scratch ledhu — plot armour max level",1
"Kavya 'nuvvu change avvali' annadi, Prasad hairstyle change chesadu — nenu try chesanu broo",1
"nenu egg rice tinnanu, challaa undie 🙌",0
"Nellore lo oka seat dorikithe lucky day ani anukunde, destination vastundi ledu 😭😭",1
"phone lo 1% battery, charger room lo undii, nenu hall lo undi — impossible distance gone case",1
"Yadav assignment last minute chesadu, font 16, margins wide, 3 pages done — engineering genius 😭😭",1
professor 'open book exam' antey Sai library motham bag lo pettukochadu lmao,1
"phone lo 1% battery, charger room lo undhi, nenu hall lo undie — impossible distance 😭",1
"nannaa bike ki petrol ledhu, naaku pocket money leduu, iddaru same team 💔",1
teacher avvadam chaalaa kaashtam undii kani worth it sure,0
IAS officer avvadam chala kaashtam undie kani worth it right,0
regular exercise chaalaa important undi health ki 👍,0
"nenu vada tinnanu, challaa undhi cool",0
"ammaaa upma chesindi, nenu 'chaala undi' annanu — ledhu, pure diplomacy bro",1
English nerchukovadam important undii career ki,0
"phone lo 1% battery, charger room lo undii, nenu hall lo undhi — impossible distance",1
Srinu new auto kinukkunnadu last month,0
"nenu pulihora tinnanu, chala undii",0
upma chaala healthy ga undie daily tinte 👍,0
"nenu idli try chesanu first time, okay ga undie",0
"nanna bike ki petrol laedu, naaku pocket money leduu, iddaru same team gone case",1
data scientist avvadam chala kaashtam undie kani worth it,0
"internals lo Sai ki 9/30 vasthe 'grace marks' antadu, grace means 9 ye brooo gg",1
Vikram canteen lo TOC class attend chesdu 🙌,0
government 'smart city' antee Rajahmundry lo bus ki roads edu — very smart lol,1
nenu algorithms interesting undie antee anukunta,0
Karimnagar lo traffic problem address cheyyaali ante,0
healthy ga undadam ki pulihora tinate chaala undi,0
internships challaa important undie final year ki right,0
Mahesh new cycle kinukkunnadu last month,0
exam lo Venky pray chesadu 'God MCQ lo A avvani cheyyadam' — specific prayer works,1
Arjun Warangal lo relatives ni chusaadaniki chesadu,0
"nenu chapati try chesanu first time, okay ga undi 👍",0
online learning convenient ga undy anukuntunna,0
"propose chesanu, 'I think of you as a brother' annadi — chemistry result kanna worse shock",1
Sai back bench lo undii kani first bencher kanna better marks — back lo wifi strong undi,1
Sekhar new bike kinukkunnadu last month,0
"amma idli chesindi, nenu 'chala undhi' annanu — ledu, pure diplomacy broh lmao",1
Bunny university lo algorithms class attend chesdu 🙌,0
"Allu Arjun okaa punch lo 10 mandi ni leduu chesadu, nenu okkka CN paper clear cheyyalekapoyanu",1
crush cheppindi 'we are just friends' ani — physics fail kanna painful avvunu broo F,1
"naa ML marks chusaka okka nimisham silent ga undi, grief kaadu brow — pure shock",1
"diet start chesanu — vada chusaka cancel avunuu, health is wealth food is life lmao",1
"Anu 'nuvvu change avvali' annadi, Sekhar hairstyle change chesadu — nenu try chesanu bro lmao",1
"naaku idli chala ishtam, amma chesindi, vere idli chesindi — betrayal lmao",1
technology challaa fast ga change avutundi hmm,0
"ammaa cheppindi 'doctor avutav' ani, naa DSA marks chusaka 'compounder avvachu' ani update chesindi 🤣",1
"naaku idli chaalaa ishtam, amma chesindi, vere idli chesindi — betrayal 😂",1
"nenu biryani try chesanu first time, okay ga undii sure",0
dosa challa healthy ga undy daily tinte 👍👍,0
"internals lo Sekhar ki 9/30 vasthe 'grace marks' antadu, grace means 9 ye brooo 😭😭",1
"today chemistry lab session undie, prepare avutunna 👍",0
"naa chemistry paper lo okka question kaadu telivindi, kani confident ga avvunu rasa — confidence bro not knowledge 😂",1
"Haritha 'nuvvu change avvali' annadi, Ravi hairstyle change chesadu — nenu try chesanu broh",1
"movie lo hero okka song lo 5 countries lo dance chesadu, nenu okka Tirupati bus stop daateri ledu F",1
"movie lo hero okkka song lo 5 countries lo dance chesadu, nenu oka Karimnagar bus stop daateri edu F",1
healthy ga undadam ki gongura rice tinate chaalaa undi,0
"nanna 'maa time lo chala cheyyadam kashtapaddamu' antey, aatime lo maths leduu bro — different struggle",1
morning biryani breakfast ki chesamu 🙂,0
new flyover Karimnagar lo ready avunu next month,0
morning idli breakfast ki chesamu 🙂,0
"naaku vada chaala ishtam, amma chesindi, vere vada chesindi — betrayal lmao",1
Warangal lo new IT park build avutundi,0
"diet start chesanu — pongal chusaka cancel chesanu, health is wealth but food is life haha",1
Sunday night 11 PM ki Monday ki prepare avvadam start chesanu — classic bro,1
nenu DBMS interesting undie antee anukuntaa,0
government 'smart city' anti Tirupati lo bus ki roads edu — very smart,1
upma challa healthy ga undie daily tinte,0
"nenu dosa try chesanu first time, okay ga undie",0
"Swiggy lo roti order chesanu, wrong item vasindii, hungry avvunu tinna — hunger > ego",1
"naa networks paper lo okkka question kaadu telivindi, kani confident ga avvunu rasa — confidence bro not knowledge gg",1
"interview ki 'punctual ga veltanu' annanu, 10 mins late avunuu — traffic blame chesanu obviously",1
healthy ga undadam ki idli tinate challaa undhi,0
morning egg rice breakfast ki chesamu cool,0
new flyover Rajahmundry lo ready avunuu next month,0
engineer avvadam challa kaashtam undie kani worth it ok,0
"Srinu Jyothi ki 'hi' text chesadu, 3 days tarvata reply vasindi — chala busy schedule undii",1
auto wala 'meter ledhu' antey 3x rate adugadu — Hyderabad experience lol,1
"Suresh lab lo attendance leduu brow, but ammaaa tho 'daily velthunna' antadu — technically ledu lol",1
Arjun mess lo maths class attend chesaadu hmm,0
"phone lo 1% battery, charger room lo undie, nenu hall lo undy — impossible distance F",1
weather today chaalaa hot ga undi Nellore lo,0
nenu Karimnagar lo Instagram use chesthu undi,0
"Naveen Suma tho first date ki Vizag lo biryani tinnaru, bill split chesadu — modern love",1
"ATM ki poina, cash laedu, UPI try chesanu, network leduu — broke in every way 💔",1
"naa life Mahesh Babu movie la undii — interval ki twist, climax ki logic edu broo 😭😭",1
professor 'open book exam' antey Lucky library motham bag lo pettukochadu haha,1
morning egg rice breakfast ki chesamu ok,0
"exam ki notes miss avvadam kaadu, important undy",0
"naa DSA professor chaala fast broh, notes edu, brain ledu, hope laedu, future edu",1
"nenu vada try chesanu first time, okay ga undi right",0
"nenu Pawan Kalyan movies chustanu, challa undhi ante",0
Yadav new RTC bus kinukkunnadu last month,0
nanaa smartphone istE WhatsApp lo naa result forward chesadu relatives ki — thanks nanaa finished,1
professor 'open book exam' anti Naidu library motham bag lo pettukochadu 🤣,1
"amma pesarattu chesindi, nenu 'chala undi' annanu — leduu, pure diplomacy brooo 🤣",1
nenu OS interesting undii anti anukuntaa,0
Sunday night 11 PM ki Monday ki prepare avvadam start chesanu — classic brow,1
"Instagram lo order chesanu '30 mins' antee — 2 hours lo gongura rice vasindii, cold ga undii",1
regular exercise challaa important undie health ki 👍👍,0
"nannaa 'maa time lo challa cheyyatam kashtapaddamu' antee, aatime lo physics ledu bro — different struggle",1
"exam ki notes miss avvadam kaaduu, important undhi",0
"Guntur lo okaa seat dorikithe lucky day ani anukuntaa, destination vastundi ledu",1
"propose chesanu, 'I think of you as a brother' annadi — OS result kanna worse shock rip",1
regular exercise challaa important undie health ki 🙏,0
"diet start chesanu — upma chusaka cancel chesanu, health is wealth but food is life 🤣",1
"naa wifi chaalaa fast undie — speed test lo matrame, actual lo leduu bro",1
"ammaa cooking chesthu undi, nenu help cheyyadam try chesanu — ammaaa 'nuvvu poni chadduvuko' annadi 😭😭",1
"Surya Anu ki 'hi' text chesadu, 3 days tarvata reply vasindi — chaalaa busy schedule undhi 😭😭",1
Sai library lo English chadduvutunnadu,0
Kiran placement cell lo ML class attend chesadu 🙏,0
exam lo Venky pray chesadu 'God MCQ lo A avvani cheyyadham' — specific prayer works,1
"Teja broh exam ki prepare ledu, result vasthe 'paper tough undy' ani blame chesadu bruh",1
Gopi chemistry assignment complete chesaadu yesterday,0
"Jyothi 'nuvvu change avvali' annadi, Gopi hairstyle change chesadu — nenu try chesanu brow bruh",1
"traffic lo Tirupati lo okka hour stuck, GPS '2 mins away' antu undie — GPS lying bro bruh",1
"naa TOC marks chusaka okkka nimisham silent ga undie, grief kaadhu brooo — pure shock",1
Ravi back bench lo undi kani first bencher kanna better marks — back lo wifi strong undie bruh,1
"naa phone new update vasindi, install chesanu cool",0
Sai hostel lo CN class attend chesaadu,0
pesarattu chala healthy ga undi daily tinte 🙂,0
online learning convenient ga undii anukuntaa,0
"nenu sambar try chesanu first time, okay ga undy sure",0
pongal chaala healthy ga undy daily tinte 🤔,0
weather today challaa hot ga undie Guntur lo,0
Teja new Splendor kinukkunnadu last month,0
"Naidu library lo attendance leduu brooo, but ammaaa tho 'daily velthunna' antadu — technically ledhu",1
"Pawan Kalyan dialogue Suresh library lo use chesadu, professor appreciate chesadhu — cinema education 😭😭",1
"movie lo hero okka song lo 5 countries lo dance chesadu, nenu okkka Nellore bus stop daateri leduu",1
ammaa: nuwu ekada unnav? nenu: library lo. ammaaa: mee college lo library ekkado undhi ra? caught lol,1
healthy ga undadam ki pesarattu tinate chala undy,0
"today maths lab session undii, prepare avutunna 👍",0
exam lo Srinu pray chesadu 'God MCQ lo A avvani cheyyatam' — specific prayer works,1
"nenu roti try chesanu first time, okay ga undii",0
Teja placement cell lo ML class attend chesadhu 👍👍,0
naa mess ki walking distance lo undie,0
naa hostel ki walking distance lo undii,0
"chaalaa thanks bro, nuvu help chesav — problem challaa worse avunu now lol",1
group study sometimes helpful avunuu anukunde 🙏,0
"Indu 'nuvvu change avvali' annadi, Bunny hairstyle change chesadu — nenu try chesanu brooo 😭😭",1
Venky hostel lo English class attend chesdu,0
IAS officer avvadam chala kaashtam undhi kani worth it ok,0
nenu DBMS interesting undii anti anukuntunna,0
nenu Warangal lo Zomato use chesthu undie,0
"traffic lo Vizag lo oka hour stuck, GPS '2 mins away' antu undy — GPS lying brow 🤣",1
healthy ga undadam ki gongura rice tinate chaala undhi,0
mass movie antee Vijay Deverakonda dialogue ni Ravi WhatsApp status lo pettadu — feels undy brow,1
"meeting lo mute avunuu matladanu, 5 mins tarvata telusindi — everyone saw brow 💀",1
"babai cheppadu 'Prasad ni chuso chaala undhi' — Prasad fail avunuu bro, different level inspiration 😭😭",1
"Keerthi 'nuvu chaalaa funny' annadi — comedy avunuu antee undie broo, naaku telidhu still gg",1
healthy ga undadam ki upma tinate challaa undy,0
"Mahesh broh exam ki prepare laedu, result vasthe 'paper tough undy' ani blame chesadu",1
technology challa fast ga change avutundi 👍👍,0
Nani Nellore lo relatives ni chusaadaniki chesadu,0
"nenu Prabhas movies chustanu, challa undii antey",0
"interview ki 'punctual ga veltanu' annanu, 10 mins late avunuu — traffic blame chesanu obviously bruh",1
"Bhavana 'nuvvu change avvali' annadi, Rajesh hairstyle change chesadu — nenu try chesanu brow 💀",1
weather today chaalaa hot ga undhi Vijayawada lo,0
"ammaa cheppindi 'doctor avutav' ani, naa CN marks chusaka 'compounder avvachu' ani update chesindi bruh",1
Surya canteen lo maths class attend chesadhu,0
nenu TOC interesting undhi antee anukunta,0
"nenu Prabhas movies chustanu, challaa undhi ante",0
relationship status: networks tho broo — at least it needs me lmao,1
"diet start chesanu — sambar chusaka cancel avnu, health is wealth food is life bruh",1
exam lo Ravi pray chesadu 'God MCQ lo A avvani cheyydam' — specific prayer works,1
"Lakshmi 'nuvvu chaala funny' annadi — comedy avunuu antey undii bro, naaku telidhu still",1
"nanna 'maa time lo chaala cheyyadam kashtapaddamu' ante, aatime lo TOC leduu brow — different struggle",1
chapati challaa healthy ga undii daily tinte,0
"propose chesanu, 'I think of you as a brother' annadi — ML result kanna worse shock",1
Naidu back bench lo undi kani first bencher kanna better marks — back lo wifi strong undi lmao,1
weather today chaalaa hot ga undie Warangal lo,0
"meeting lo mute avunu matladanu, 5 mins tarvata telusindi — everyone saw broh 😭😭",1
Gopi Hyderabad lo relatives ni chusaadaniki chesdu,0
"challaa thanks bro, nuwu help chesav — problem chaalaa worse avunu now",1
"nenu dosa tinnanu, chaalaa undhi",0
"amma 'oka software engineer ni chadi, set avutav' anti, nenu still CN clear cheyyalekapotunna",1
"ammaa 'oka teacher ni chadi, set avutav' antey, nenu still networks clear cheyyalekapotunna 😭😭",1
nenu today Vijayawada ki RTC bus lo vellanu,0
family function lo okka uncle adugadu 'marks entha' ani — nanna topic change chesadu immediately bruh,1
"movie lo hero okkka song lo 5 countries lo dance chesadu, nenu okka Guntur bus stop daateri ledhu",1
morning idli breakfast ki chesamu hmm,0
"internals lo Sai ki 9/30 vasthe 'grace marks' antadu, grace means 9 ye broo 💀",1
amma: nuwu ekkado unnav? nenu: library lo. ammaa: mee college lo library ekkadaa undii ra? caught,1
Guntur chaala develop avutundi last few years lo,0
upma chala healthy ga undi daily tinte,0
Prasad Rajahmundry lo relatives ni chusaadaniki chesaadu,0
"naa ML marks chusaka okkka nimisham silent ga undie, grief kaadu broh — pure shock",1
Tirupati lo traffic problem address cheyyaali antey,0
nenu today Hyderabad ki bus lo vellanu sure,0
"naaku roti chala ishtam, ammaaa chesindi, vere roti chesindi — betrayal 🤣",1
"Pawan Kalyan movie lo villain chaala try chesadu, hero ki okaa scratch ledu — plot armour max level gg",1
"nenu gongura rice tinnanu, chaala undie",0
"internals lo Venky ki 9/30 vasthe 'grace marks' antadu, grace means 9 ye brooo haha",1
group study sometimes helpful avnu anukunde hmm,0
internships chala important undi final year ki 🙌,0
"villain 1000 cr spend chesadu plan ki, hero okaa punch lo finish — ROI zero lmao",1
morning upma breakfast ki chesamu 🙏,0
"valentine's day ki Suresh alone undie, egg rice order chesadu — self love era",1
"traffic lo Vijayawada lo okaa hour stuck, GPS '2 mins away' antu undii — GPS lying brow",1
"Ravi Divya tho first date ki Warangal lo dosa tinnaru, bill split chesadu — modern love gg",1
"Sekhar Anu ki good morning text chesadu daily, adi read avunuu reply edu — read receipts cruelty brooo rip",1
Gopi library lo DBMS chadduvutunnadu,0
nenu Nellore lo PhonePe use chesthu undii,0
"naa life Pawan Kalyan movie la undhi — interval ki twist, climax ki logic leduu broo",1
CN nerchukovadam important undhi career ki ok,0
"Surya brow exam ki prepare edu, result vasthe 'paper tough undii' ani blame chesadu 😂",1
group study sometimes helpful avvunu anukunde 🤔,0
"villain 1000 cr spend chesadu plan ki, hero okkka punch lo finish — ROI zero 😂",1
weather today challaa hot ga undy Guntur lo,0
"naaku upma challaa ishtam, ammaa chesindi, vere upma chesindi — betrayal lmao",1
maths nerchukovadam important undie career ki right,0
"Vijayawada lo okka seat dorikithe lucky day ani anukuntaa, destination vastundi leduu",1
Vikram new bus kinukkunnadu last month,0
"placement cell lo HR adugadu 'where do you see yourself in 5 years', Venky 'sleeping' annadu — honest answer 😭😭",1
Sai new Activa kinukkunnadu last month,0
nenu Kurnool lo Zomato use chesthu undii,0
"Hyderabad lo okaa seat dorikithe lucky day ani anukuntunna, destination vastundi leduu 💀",1
online learning convenient ga undi anukuntaa,0
Surya library lo physics chadduvutunnadu,0
"valentine's day ki Rajesh alone undii, vada order chesadu — self love era lol",1
"Balayya movie lo villain challaa try chesadu, hero ki oka scratch ledu — plot armour max level gg",1
"naa wifi challa fast undhi — speed test lo matrame, actual lo laedu brow gg",1
Arjun library lo CN chadduvutunnadu,0
regular exercise chala important undhi health ki,0
DBMS nerchukovadam important undie career ki,0
nenu Rajahmundry lo Swiggy use chesthu undie,0
"movie lo hero okkka song lo 5 countries lo dance chesadu, nenu okkka Vizag bus stop daateri leduu 💔",1
"supermarket ki okkka item ki poina, 10 items tho vasina — market psychology wins bruh",1
physics prepare avvadam ki daily 2 hours chadduvukovadam avunu,0
"nenu idli tinnanu, challaa undi",0
Bhaskar hostel lo ML class attend chesaadu,0
"Prabhas movie review: 'logic ledu' — fans: 'logic ante em brooo, emotion chuso'",1
nenu today Guntur ki bus lo vellanu,0
"naa phone battery chaalaa fast poothundi, relationships kanna faster F",1
nenu today Tirupati ki bike lo vellanu 🤔,0
"online class lo professor 'unmute avvandi' anti — 50 fans, 10 dogs, 5 amma voices lol",1
nenu CN interesting undi ante anukunde,0
regular exercise chaala important undhi health ki 👍👍,0
Ramu new cycle kinukkunnadu last month,0
"nenu Mahesh Babu movies chustanu, challaa undii anti",0
"nenu biryani tinnanu, chaala undii right",0
water chaalaa taagadam health ki chaalaa avunu,0
"Teja brooo exam ki prepare edu, result vasthe 'paper tough undhi' ani blame chesadu",1
"placement cell lo HR adugadu 'where do you see yourself in 5 years', Naidu 'sleeping' annadu — honest answer 🤣",1
"interview ki 'punctual ga veltanu' annanu, 10 mins late avunu — traffic blame chesanu obviously",1
idli chaalaa healthy ga undhi daily tinte hmm,0
Teja library lo physics chadduvutunnadu,0
nenu Karimnagar lo GPay use chesthu undie,0
weather today challa hot ga undi Hyderabad lo,0
"hero bike stunt chesadu, Surya try chesadu — bike undy, Surya hospital lo undi",1
"nenu idli tinnanu, chala undie 👍",0
"relatives adugutunnaru 'what are your plans' ani, nenu algorithms pass avvadam plan broo — small goals",1
work from home easy anti — Rajesh amma background lo chicken curry chesthu meeting lo 💀,1
"nenu Allu Arjun movies chustanu, chaalaa undii antee",0
internships challa important undi final year ki,0
water chala taagadam health ki chaalaa avunu,0
"Suresh Sravani ki 'hi' text chesadu, 3 days tarvata reply vasindi — chala busy schedule undi bruh",1
Lucky back bench lo undy kani first bencher kanna better marks — back lo wifi strong undhi 🤣,1
vada challa healthy ga undhi daily tinte 🙏,0
Bunny Vizag lo relatives ni chusaadaniki chesadu,0
mass movie ante NTR dialogue ni Teja WhatsApp status lo pettadu — feels undie broh 😂,1
technology challaa fast ga change avutundi cool,0
"naa CN marks chusaka oka nimisham silent ga undhi, grief kaadu broh — pure shock",1
engineer avvadam chaalaa kaashtam undie kani worth it,0
"today English lab session undie, prepare avutunna 👍👍",0
"nenu Balayya movies chustanu, challa undhi antey",0
exam lo Naveen pray chesadu 'God MCQ lo A avvani cheyyatam' — specific prayer works 🤣,1
Sai Rajahmundry lo relatives ni chusaadaniki chesdu,0
CA avvadam chaalaa kaashtam undii kani worth it 🤔,0
Tirupati lo traffic problem address cheyyaali anti,0
"diet start chesanu — dosa chusaka cancel chesanu, health is wealth but food is life",1
water challa taagadam health ki challaa avvunu,0
maths nerchukovadam important undii career ki hmm,0
"Suresh broo exam ki prepare laedu, result vasthe 'paper tough undi' ani blame chesadu 🤣",1
"supermarket ki okka item ki poina, 10 items tho vasina — market psychology wins",1
Mahesh library lo TOC chadduvutunnadu,0
"Prabhas movie review: 'logic edu' — fans: 'logic ante em brooo, emotion chuso' 💀",1
"Allu Arjun dialogue Surya exam hall lo use chesadu, professor appreciate chesadhu — cinema education 😭😭",1
"naa OS marks chusaka okkka nimisham silent ga undii, grief kaaduu brow — pure shock",1
"hero bike stunt chesadu, Arjun try chesadu — bike undy, Arjun hospital lo undie",1
"Venky Sravani ki 'hi' text chesadu, 3 days tarvata reply vasindi — chaalaa busy schedule undhi lmao",1
family function lo okaa uncle adugadu 'marks entha' ani — nannaa topic change chesadu immediately haha,1
petrol prices change avunu this week,0
Vikram Nellore lo relatives ni chusaadaniki chesdu,0
"naa life Balayya movie la undhi — interval ki twist, climax ki logic ledhu bro 💔",1
nenu Vijayawada lo Hotstar use chesthu undy,0
"naa wifi chaalaa fast undie — speed test lo matrame, actual lo laedu broh 😂",1
"today physics lab session undi, prepare avutunna hmm",0
"Mahesh Babu oka punch lo 10 mandi ni ledu chesadu, nenu okaa chemistry paper clear cheyyalekapoyanu gg",1
"nenu Prabhas movies chustanu, chala undi antey",0
nenu networks interesting undii anti anukuntunna,0
water challaa taagadam health ki challaa avunuu,0
Karimnagar lo traffic problem address cheyyaali antee,0
"naa ML professor chaalaa fast broh, notes ledhu, brain ledu, hope laedu, future ledhu gone case",1
"naa life Pawan Kalyan movie la undi — interval ki twist, climax ki logic edu brow",1
"Sravani 'nuvvu change avvali' annadi, Surya hairstyle change chesadu — nenu try chesanu brow gg",1
"barber ki 'thoda trim' annanu — half head gone broh, lost in translation haha",1
"naa DBMS marks chusaka okka nimisham silent ga undii, grief kaadhu brow — pure shock",1
"today physics lab session undy, prepare avutunna",0
"naa phone new update vasindi, install chesanu 👍",0
technology challa fast ga change avutundi 🙂,0
relationship status: networks tho brooo — at least it needs me,1
"ex vasindi message 'how are you' ani, nenu physics fail avutunna — great timing broo lmao",1
naa lab ki walking distance lo undie,0
"Mounika 'nuvvu change avvali' annadi, Arjun hairstyle change chesadu — nenu try chesanu broo 😂",1
Sunday night 11 PM ki Monday ki prepare avvadam start chesanu — classic brow lol,1
auto wala 'meter edu' ante 3x rate adugadu — Hyderabad experience gg,1
teacher avvadam challa kaashtam undie kani worth it 🙏,0
family function lo okaa uncle adugadu 'marks entha' ani — nannaa topic change chesadu immediately,1
Nani library lo TOC chadduvutunnadu,0
"nenu vada tinnanu, chaala undhi",0
nenu maths interesting undy antee anukuntaa,0
"meeting lo mute avunuu matladanu, 5 mins tarvata telusindi — everyone saw brow 🤣",1
"Pawan Kalyan movie review: 'logic ledu' — fans: 'logic ante em bro, emotion chuso' lol",1
Surya back bench lo undi kani first bencher kanna better marks — back lo wifi strong undie lol,1
"naaku pulihora chaala ishtam, ammaaa chesindi, vere pulihora chesindi — betrayal gg",1
"morning 6 ki alarm, snooze, 7 ki alarm, snooze, 9 ki amma voice — most effective alarm 😂",1
regular exercise chala important undy health ki cool,0
"Bunny Swathi ki good morning text chesadu daily, adi read avvunu reply ledu — read receipts cruelty broo",1
"nanna bike ki petrol laedu, naaku pocket money laedu, iddaru same team",1
"Balayya movie review: 'logic leduu' — fans: 'logic ante em bro, emotion chuso' gg",1
"nanna 'maa time lo chaala cheyyatam kashtapaddamu' anti, aatime lo DBMS leduu broh — different struggle",1
"internals lo Vikram ki 9/30 vasthe 'grace marks' antadu, grace means 9 ye bro",1
crush cheppindi 'we are just friends' ani — DBMS fail kanna painful avunuu broo,1
"Sekhar assignment last minute chesadu, font 16, margins wide, 3 pages done — engineering genius",1
Rajahmundry lo new metro line start avutundi next year,0
group study sometimes helpful avvunu anukunta hmm,0
"ATM ki poina, cash leduu, UPI try chesanu, network laedu — broke in every way 💔",1
"traffic lo Kurnool lo oka hour stuck, GPS '2 mins away' antu undy — GPS lying broo",1
"barber ki 'thoda trim' annanu — half head gone bro, lost in translation bruh",1
chicken curry challa healthy ga undii daily tinte,0
government 'smart city' antey Kurnool lo Activa ki roads ledhu — very smart,1
"diet start chesanu — egg rice chusaka cancel avunu, health is wealth food is life",1
Gopi Hyderabad lo relatives ni chusaadaniki chesadu,0
"nenu roti try chesanu first time, okay ga undy",0
"naa life Prabhas movie la undii — interval ki twist, climax ki logic laedu bro",1
nenu DSA interesting undie anti anukuntunna,0
Yadav lab lo CN class attend chesadu 🙂,0
"today maths lab session undii, prepare avutunna sure",0
Mahesh algorithms assignment complete chesaadu yesterday,0
"Srinu canteen lo attendance ledu brooo, but ammaa tho 'daily velthunna' antadu — technically ledu haha",1
"nanna 'maa time lo challa cheyyadham kashtapaddamu' anti, aatime lo DSA ledhu brow — different struggle",1
Gopi algorithms assignment complete chesadu yesterday,0
Arjun back bench lo undi kani first bencher kanna better marks — back lo wifi strong undy 😭😭,1
healthy ga undadam ki gongura rice tinate chaalaa undii,0
reading habit challa useful undhi long term lo,0
technology chaala fast ga change avutundi 🙏,0
physics prepare avvadam ki daily 2 hours chadduvukovadam avunuu,0
state lo rainfall challaa undi this monsoon,0
"nenu biryani tinnanu, challaa undii",0
nenu Vizag lo Instagram use chesthu undii,0
"amma cheppindi 'doctor avutav' ani, naa DSA marks chusaka 'compounder avvachu' ani update chesindi gg",1
Babai canteen lo TOC class attend chesaadu cool,0
technology chaala fast ga change avutundi hmm,0
CN nerchukovadam important undy career ki 👍👍,0
"nanna 'maa time lo chaalaa cheyyatam kashtapaddamu' anti, aatime lo physics ledhu bro — different struggle",1
"ATM ki poina, cash ledhu, UPI try chesanu, network ledhu — broke in every way 😭",1
"nanna 'maa time lo chala cheyyadam kashtapaddamu' antee, aatime lo DSA ledu brooo — different struggle",1
reading habit chaala useful undi long term lo sure,0
"naaku gongura rice chala ishtam, amma chesindi, vere gongura rice chesindi — betrayal 🤣",1
"amma 'oka CA ni chadi, set avutav' antey, nenu still physics clear cheyyalekapotunna",1
"ex vasindi message 'how are you' ani, nenu algorithms fail avutunna — great timing bro lmao",1
"hero bike stunt chesadu, Bunny try chesadu — bike undhi, Bunny hospital lo undii",1
engineer avvadam chaala kaashtam undhi kani worth it 🙂,0
"nenu Allu Arjun movies chustanu, chaalaa undii anti",0
crush cheppindi 'we are just friends' ani — physics fail kanna painful avunuu broo 💔,1
"exam ki notes miss avvadam kaaduu, important undie",0
CN prepare avvadam ki daily 2 hours chadduvukovadam avunu,0
ML nerchukovadam important undie career ki,0
Surya new bus kinukkunnadu last month hmm,0
professor 'open book exam' antee Bhaskar library motham bag lo pettukochadu gg,1
weather today challaa hot ga undhi Kurnool lo,0
sambar challaa healthy ga undie daily tinte,0
resume lo DBMS skills mention cheyyadam important,0
"Chiranjeevi movie review: 'logic edu' — fans: 'logic ante em broo, emotion chuso'",1
internships chaala important undi final year ki ok,0
"propose chesanu, 'I think of you as a brother' annadi — physics result kanna worse shock",1
government 'smart city' ante Guntur lo cycle ki roads ledhu — very smart bruh,1
"Nani brooo exam ki prepare ledu, result vasthe 'paper tough undy' ani blame chesadu 😂",1
state lo rainfall chaalaa undhi this monsoon,0
"relatives adugutunnaru 'what are your plans' ani, nenu DSA pass avvadam plan brow — small goals",1
"valentine's day ki Babai alone undy, upma order chesadu — self love era",1
"nenu biryani tinnanu, chaala undi 👍",0
"movie ticket 500 rs, popcorn 300 rs, hero shirtless scene — priceless, worth it 😭😭",1
"PhonePe lo order chesanu '30 mins' antee — 2 hours lo pongal vasindy, cold ga undy 😂",1
exam lo Prasad pray chesadu 'God MCQ lo A avvani cheyyadham' — specific prayer works,1
"naa wifi challa fast undhi — speed test lo matrame, actual lo leduu brow",1
college exam hall lo DSA class leduu today ante Venky ammaa ki call chesadu 'holiday' ani — smart move 🤣,1
family function lo okka uncle adugadu 'marks entha' ani — nanaa topic change chesadu immediately,1
nenu ML interesting undi ante anukunta,0
"internals lo Gopi ki 9/30 vasthe 'grace marks' antadu, grace means 9 ye brooo haha",1
"valentine's day ki Arjun alone undii, chapati order chesadu — self love era 😂",1
nanna smartphone istE WhatsApp lo naa result forward chesadu relatives ki — thanks nanna F,1
reading habit challaa useful undie long term lo sure,0
"ammaaa cheppindi 'doctor avutav' ani, naa TOC marks chusaka 'compounder avvachu' ani update chesindi",1
new flyover Warangal lo ready avunuu next month,0
"naa life Pawan Kalyan movie la undi — interval ki twist, climax ki logic edu broo finished",1
"nenu Chiranjeevi movies chustanu, chaala undhi ante",0
crush cheppindi 'we are just friends' ani — physics fail kanna painful avnu broo,1
nenu today Karimnagar ki auto lo vellanu,0
regular exercise chaalaa important undie health ki ok,0
regular exercise chala important undhi health ki right,0
Babai back bench lo undy kani first bencher kanna better marks — back lo wifi strong undi,1
"Balayya movie lo villain chaalaa try chesadu, hero ki okkka scratch ledu — plot armour max level",1
"Pawan Kalyan movie review: 'logic edu' — fans: 'logic ante em brooo, emotion chuso' 😭😭",1
"Deepika 'nuvu chaalaa funny' annadi — comedy avunu ante undie brooo, naaku telidhu still",1
"online class lo professor 'unmute avvandi' anti — 50 fans, 10 dogs, 5 amma voices bruh",1
online learning convenient ga undi anukunde 🙂,0
nenu today Rajahmundry ki Splendor lo vellanu 🙂,0
internships chaala important undi final year ki right,0
"naa life Mahesh Babu movie la undie — interval ki twist, climax ki logic edu broo 😭😭",1
"ex vasindi message 'how are you' ani, nenu algorithms fail avutunna — great timing bro 😂",1
reading habit challaa useful undy long term lo,0
Chitti Nellore lo relatives ni chusaadaniki chesdu,0
"Pawan Kalyan dialogue Naveen university lo use chesadu, professor appreciate chesadhu — cinema education",1
nenu ML interesting undhi antee anukuntaa,0
Guntur challaa develop avutundi last few years lo,0
"nenu Mahesh Babu movies chustanu, chaala undi ante",0
morning biryani breakfast ki chesamu,0
Chitti OS assignment complete chesadu yesterday,0
group study sometimes helpful avunuu anukunde,0
"nenu gongura rice try chesanu first time, okay ga undii",0
regular exercise challaa important undi health ki 👍👍,0
"ammaa WhatsApp status 'my son is my pride' pettindi, naa result vasindy — delete chesdu haha",1
Rajahmundry lo new IT park build avutundi,0
Srinu new Activa kinukkunnadu last month,0
Kurnool chaala develop avutundi last few years lo,0
"Deepika 'nuvu chala funny' annadi — comedy avunu ante undhi broh, naaku telidhu still",1
Kiran library lo physics chadduvutunnadu,0
"nenu Balayya movies chustanu, chaalaa undy ante",0
"nenu dosa try chesanu first time, okay ga undy",0
online learning convenient ga undy anukuntunna ok,0
Naveen college lo chemistry class attend chesaadu 👍,0
"nanaa 'maa time lo chaala cheyyadam kashtapaddamu' anti, aatime lo algorithms edu brooo — different struggle",1
"ammaa WhatsApp status 'my son is my pride' pettindi, naa result vasindii — delete chesadu bruh",1
"amma WhatsApp status 'my son is my pride' pettindi, naa result vasindhi — delete chesaadu lmao",1
weather today chala hot ga undii Vizag lo,0
college seminar hall lo DBMS class ledu today antey Arjun amma ki call chesadu 'holiday' ani — smart move,1
auto wala 'meter edu' anti 3x rate adugadu — Hyderabad experience,1
Naveen back bench lo undie kani first bencher kanna better marks — back lo wifi strong undy,1
"Suresh Deepika ki 'hi' text chesadu, 3 days tarvata reply vasindi — chaalaa busy schedule undhi haha",1
"naa DBMS marks chusaka oka nimisham silent ga undi, grief kaaduu bro — pure shock",1
healthy ga undadam ki idli tinate chaala undie,0
nenu today Rajahmundry ki RTC bus lo vellanu 👍,0
weather today chaala hot ga undi Nellore lo,0
government 'smart city' ante Karimnagar lo cycle ki roads leduu — very smart gg,1
reading habit chala useful undii long term lo 🙌,0
"Swiggy lo order chesanu '30 mins' ante — 2 hours lo dosa vasindy, cold ga undy 😭😭",1
"ex vasindi message 'how are you' ani, nenu OS fail avutunna — great timing bro bruh",1
auto wala 'meter ledhu' antee 3x rate adugadu — Hyderabad experience gg,1
family function lo okaa uncle adugadu 'marks entha' ani — nanna topic change chesadu immediately,1
relationship status: DBMS tho brooo — at least it needs me 😭😭,1
family function lo okka uncle adugadu 'marks entha' ani — nanna topic change chesadu immediately,1
"placement cell lo HR adugadu 'where do you see yourself in 5 years', Ramu 'sleeping' annadu — honest answer 🤣",1
"Bhavana 'nuvvu change avvali' annadi, Kiran hairstyle change chesadu — nenu try chesanu broo bruh",1
new hospital Vijayawada lo open avutundi next month,0
idli challaa healthy ga undie daily tinte hmm,0
"ATM ki poina, cash edu, UPI try chesanu, network edu — broke in every way F",1
pilot avvadam challaa kaashtam undii kani worth it sure,0
"interview ki 'punctual ga veltanu' annanu, 10 mins late avnu — traffic blame chesanu obviously 💀",1
Nellore challaa develop avutundi last few years lo,0
Srinu library lo algorithms chadduvutunnadu,0
"supermarket ki okaa item ki poina, 10 items tho vasina — market psychology wins gg",1
"nanna bike ki petrol laedu, naaku pocket money ledhu, iddaru same team 💔",1
"nenu idli tinnanu, challa undi",0
"ammaa WhatsApp status 'my son is my pride' pettindi, naa result vasindi — delete chesadhu bruh",1
"Allu Arjun movie review: 'logic ledu' — fans: 'logic ante em broo, emotion chuso'",1
Nellore lo water supply schedule change avvunu,0
"Gopi Divya ki 'hi' text chesadu, 3 days tarvata reply vasindi — chaalaa busy schedule undie",1
nenu today Karimnagar ki bike lo vellanu 🙂,0
"Sekhar assignment last minute chesadu, font 16, margins wide, 3 pages done — engineering genius 🤣",1
naa placement cell ki walking distance lo undy,0
CA avvadam chaala kaashtam undi kani worth it,0
"Sekhar Keerthi ki good morning text chesadu daily, adi read avunu reply leduu — read receipts cruelty broh",1
healthy ga undadam ki gongura rice tinate challaa undy,0
"babai cheppadu 'Mahesh ni chuso chala undi' — Mahesh fail avnu brooo, different level inspiration bruh",1
"challaa thanks bro, nuvu help chesav — problem chaalaa worse avunuu now",1
nenu today Vizag ki Activa lo vellanu,0
reading habit challa useful undii long term lo 👍,0
"hero bike stunt chesadu, Srinu try chesadu — bike undi, Srinu hospital lo undy gg",1
"Babai Jyothi ki 'hi' text chesadu, 3 days tarvata reply vasindi — chaalaa busy schedule undii 🤣",1
professor 'open book exam' antey Surya library motham bag lo pettukochadu lmao,1
"PhonePe lo order chesanu '30 mins' antee — 2 hours lo dosa vasindi, cold ga undi 💀",1
"phone lo 1% battery, charger room lo undy, nenu hall lo undy — impossible distance 💔",1
weather today challa hot ga undii Guntur lo,0
Gopi university lo physics class attend chesadu 👍,0
professor 'open book exam' antee Venky library motham bag lo pettukochadu,1
CN nerchukovadam important undie career ki,0
"Mahesh Babu movie review: 'logic leduu' — fans: 'logic ante em bro, emotion chuso' bruh",1
"naa life NTR movie la undy — interval ki twist, climax ki logic ledhu brow",1
"Suma 'nuvvu change avvali' annadi, Gopi hairstyle change chesadu — nenu try chesanu brooo bruh",1
biryani chaalaa healthy ga undii daily tinte 👍👍,0
"'gym join chestanu' ani January 1 ki fee kattanu, January 5 ki forget avunuu — annual tradition haha",1
regular exercise chaala important undy health ki sure,0
healthy ga undadam ki sambar tinate chaalaa undi,0
"diet start chesanu — biryani chusaka cancel chesanu, health is wealth but food is life lol",1
Gopi university lo ML class attend chesaadu cool,0
"ATM ki poina, cash ledhu, UPI try chesanu, network edu — broke in every way finished",1
"Chitti brow exam ki prepare laedu, result vasthe 'paper tough undhi' ani blame chesadu lol",1
upma chaala healthy ga undii daily tinte,0
online learning convenient ga undii anukunta 🙏,0
"placement cell lo HR adugadu 'where do you see yourself in 5 years', Ramu 'sleeping' annadu — honest answer 💀",1
"today chemistry lab session undy, prepare avutunna",0
"nanna bike ki petrol ledu, naaku pocket money ledhu, iddaru same team",1
group study sometimes helpful avunu anukuntunna sure,0
nanaa smartphone istE WhatsApp lo naa result forward chesadu relatives ki — thanks nannaa gone case,1
nanna smartphone istE WhatsApp lo naa result forward chesadu relatives ki — thanks nanna 😭,1
Chitti OS assignment complete chesaadu yesterday,0
"hero bike stunt chesadu, Arjun try chesadu — bike undie, Arjun hospital lo undie",1
"Ramu broh exam ki prepare ledhu, result vasthe 'paper tough undi' ani blame chesadu haha",1
government 'smart city' antee Karimnagar lo auto ki roads ledu — very smart,1
Lucky library lo DSA chadduvutunnadu,0
"naa wifi chala fast undii — speed test lo matrame, actual lo edu bro gg",1
"ATM ki poina, cash edu, UPI try chesanu, network ledu — broke in every way F",1
teacher avvadam challaa kaashtam undie kani worth it hmm,0
"babai cheppadu 'Naidu ni chuso chaalaa undi' — Naidu fail avunuu bro, different level inspiration haha",1
Naveen Rajahmundry lo relatives ni chusaadaniki chesaadu,0
Sai library lo TOC chadduvutunnadu,0
CA avvadam challa kaashtam undie kani worth it,0
Mahesh DSA assignment complete chesaadu yesterday,0
"nenu sambar tinnanu, chala undie 🙂",0
"challa thanks broh, nuvvu help chesav — problem challaa worse avvunu now 💀",1
resume lo chemistry skills mention cheyyadam important,0
"challa thanks brow, nuvu help chesav — problem chala worse avnu now",1
"Bhavana 'nuwu challaa funny' annadi — comedy avnu anti undii brooo, naaku telidhu still",1
"amma idli chesindi, nenu 'challaa undi' annanu — ledu, pure diplomacy broo bruh",1
"valentine's day ki Chitti alone undie, chicken curry order chesadu — self love era lmao",1
"Pawan Kalyan movie review: 'logic laedu' — fans: 'logic ante em broh, emotion chuso' 😭😭",1
gongura rice challaa healthy ga undi daily tinte 🤔,0
"relatives adugutunnaru 'what are your plans' ani, nenu OS pass avvadam plan brow — small goals 💀",1
"Suresh broo exam ki prepare ledhu, result vasthe 'paper tough undhi' ani blame chesadu 😂",1
"supermarket ki oka item ki poina, 10 items tho vasina — market psychology wins 💀",1
Surya TOC assignment complete chesdu yesterday,0
internships chaala important undii final year ki hmm,0
"Ravi Haritha tho first date ki Tirupati lo chicken curry tinnaru, bill split chesadu — modern love haha",1
IAS officer avvadam challa kaashtam undy kani worth it 👍👍,0
Ramu new bike kinukkunnadu last month ok,0
"naaku roti chaalaa ishtam, amma chesindi, vere roti chesindi — betrayal",1
technology chala fast ga change avutundi 🙏,0
"Balayya movie lo villain challa try chesadu, hero ki okkka scratch leduu — plot armour max level 😂",1
IAS officer avvadam challa kaashtam undi kani worth it 👍👍,0
"movie ticket 500 rs, popcorn 300 rs, hero shirtless scene — priceless, worth it haha",1
state lo rainfall challa undii this monsoon,0
Ravi back bench lo undii kani first bencher kanna better marks — back lo wifi strong undhi bruh,1
"Nani assignment last minute chesadu, font 16, margins wide, 3 pages done — engineering genius 😭😭",1
"Deepika 'nuvvu chaalaa funny' annadi — comedy avvunu antee undy broo, naaku telidhu still",1
Warangal lo water supply schedule change avvunu,0
"nanaa bike ki petrol edu, naaku pocket money leduu, iddaru same team finished",1
"naa life Vijay Deverakonda movie la undi — interval ki twist, climax ki logic leduu bro",1
naa college ki walking distance lo undhi,0
"naa life Balayya movie la undi — interval ki twist, climax ki logic leduu brow rip",1
nanaa smartphone istE WhatsApp lo naa result forward chesadu relatives ki — thanks nannaa,1
"today CN lab session undie, prepare avutunna 🤔",0
"nenu online class attend chesanu today, notes rasanu 🙏",0
Naveen exam hall lo English class attend chesadu,0
"Naidu bro exam ki prepare leduu, result vasthe 'paper tough undhi' ani blame chesadu haha",1
"Chiranjeevi okaa punch lo 10 mandi ni laedu chesadu, nenu okka physics paper clear cheyyalekapoyanu 🤣",1
morning sambar breakfast ki chesamu 👍,0
"Lakshmi 'nuvvuu challa funny' annadi — comedy avunuu antey undy bro, naaku telidhu still",1
Yadav back bench lo undhi kani first bencher kanna better marks — back lo wifi strong undhi,1
"relatives adugutunnaru 'what are your plans' ani, nenu maths pass avvadam plan broh — small goals haha",1
"Babai Indu ki good morning text chesadu daily, adi read avunuu reply edu — read receipts cruelty brow",1
"Gopi Keerthi ki 'hi' text chesadu, 3 days tarvata reply vasindi — chaala busy schedule undy",1
nenu today Rajahmundry ki bus lo vellanu 🤔,0
regular exercise challaa important undy health ki,0
Chitti Warangal lo relatives ni chusaadaniki chesadhu,0
idli challa healthy ga undy daily tinte cool,0
college library lo TOC class ledhu today antee Rajesh ammaa ki call chesadu 'holiday' ani — smart move 🤣,1
"naa DBMS professor challa fast brow, notes laedu, brain ledu, hope leduu, future ledu",1
"naa algorithms professor challa fast brooo, notes leduu, brain ledu, hope edu, future laedu rip",1
college college lo physics class ledhu today antee Venky ammaa ki call chesadu 'holiday' ani — smart move,1
reading habit chala useful undhi long term lo ok,0
"today CN lab session undy, prepare avutunna hmm",0
"internals lo Yadav ki 9/30 vasthe 'grace marks' antadu, grace means 9 ye bro lmao",1
professor 'open book exam' antee Mahesh library motham bag lo pettukochadu 🤣,1
"Warangal lo oka seat dorikithe lucky day ani anukunta, destination vastundi edu 🤣",1
"Swiggy lo biryani order chesanu, wrong item vasindi, hungry avunu tinna — hunger > ego",1
"nenu dosa tinnanu, chala undhi",0
pulihora chaalaa healthy ga undhi daily tinte 👍👍,0
nenu Warangal lo Instagram use chesthu undhi,0
data scientist avvadam chaala kaashtam undii kani worth it,0
weather today challaa hot ga undii Hyderabad lo,0
Rajesh lab lo maths class attend chesaadu,0
"today OS lab session undie, prepare avutunna 🤔",0
nenu today Guntur ki bike lo vellanu cool,0
"nenu sambar try chesanu first time, okay ga undy",0
"Jyothi 'nuvvu change avvali' annadi, Sai hairstyle change chesadu — nenu try chesanu broh",1
bus timings change chesaru Rajahmundry lo recently,0
Naveen ML assignment complete chesadhu yesterday,0
reading habit challaa useful undie long term lo hmm,0
naa mess ki walking distance lo undhi,0
"Vikram Jyothi ki good morning text chesadu daily, adi read avvunu reply laedu — read receipts cruelty broh 😭",1
regular exercise challaa important undie health ki,0
healthy ga undadam ki chapati tinate challa undy,0
Rajesh Rajahmundry lo relatives ni chusaadaniki chesaadu,0
Rajahmundry lo water supply schedule change avnu,0
"Deepika 'nuvvu change avvali' annadi, Teja hairstyle change chesadu — nenu try chesanu brow bruh",1
pesarattu chala healthy ga undii daily tinte 👍👍,0
"naa TOC marks chusaka okkka nimisham silent ga undi, grief kaadhu brow — pure shock",1
internships chaalaa important undi final year ki,0
weather today chaala hot ga undii Rajahmundry lo,0
"amma 'oka data scientist ni chadi, set avutav' antee, nenu still DBMS clear cheyyalekapotunna",1
nenu TOC interesting undy ante anukuntunna,0
"amma WhatsApp status 'my son is my pride' pettindi, naa result vasindy — delete chesaadu",1
"placement cell lo HR adugadu 'where do you see yourself in 5 years', Naidu 'sleeping' annadu — honest answer haha",1
government 'smart city' ante Hyderabad lo bus ki roads edu — very smart lol,1
Suresh Rajahmundry lo relatives ni chusaadaniki chesadu,0
nenu Kurnool lo Swiggy use chesthu undii,0
egg rice chala healthy ga undie daily tinte cool,0
professor 'open book exam' antey Rajesh library motham bag lo pettukochadu gg,1
crush cheppindi 'we are just friends' ani — maths fail kanna painful avunu bro 😭😭,1
"Teja Kavya tho first date ki Hyderabad lo dosa tinnaru, bill split chesadu — modern love",1
group study sometimes helpful avnu anukuntunna,0
"propose chesanu, 'I think of you as a brother' annadi — CN result kanna worse shock",1
online learning convenient ga undy anukunde 👍,0
healthy ga undadam ki idli tinate challa undi,0
online learning convenient ga undi anukuntaa 🙏,0
"Sai Priya tho first date ki Tirupati lo chicken curry tinnaru, bill split chesadu — modern love",1
weather today chaala hot ga undy Karimnagar lo,0
data scientist avvadam chala kaashtam undii kani worth it,0
"supermarket ki oka item ki poina, 10 items tho vasina — market psychology wins",1
nenu CN interesting undi anti anukunta,0
"ATM ki poina, cash laedu, UPI try chesanu, network ledhu — broke in every way",1
"naa life Chiranjeevi movie la undie — interval ki twist, climax ki logic laedu bro",1
relationship status: ML tho brow — at least it needs me gg,1
doctor avvadam chaala kaashtam undhi kani worth it,0
regular exercise chaala important undii health ki hmm,0
nenu today Vijayawada ki Splendor lo vellanu,0
"nanna 'maa time lo chaala cheyyadam kashtapaddamu' ante, aatime lo maths laedu brooo — different struggle",1
"movie lo hero okaa song lo 5 countries lo dance chesadu, nenu oka Tirupati bus stop daateri laedu",1
online learning convenient ga undy anukuntaa ok,0
nenu OS interesting undy antey anukuntunna,0
"ammaaa cooking chesthu undhi, nenu help cheyyadam try chesanu — amma 'nuvvu poni chadduvuko' annadi bruh",1
"Mounika 'nuvu chaalaa funny' annadi — comedy avvunu antey undii broo, naaku telidhu still lol",1
"Swiggy lo order chesanu '30 mins' anti — 2 hours lo idli vasindy, cold ga undie gg",1
"Vijayawada lo okka seat dorikithe lucky day ani anukunta, destination vastundi leduu 😭😭",1
"internals lo Bunny ki 9/30 vasthe 'grace marks' antadu, grace means 9 ye broh lol",1
Bhaskar Rajahmundry lo relatives ni chusaadaniki chesdu,0
Yadav library lo physics class attend chesaadu right,0
"online class lo professor 'unmute avvandi' antee — 50 fans, 10 dogs, 5 ammaa voices 💀",1
"diet start chesanu — chapati chusaka cancel chesanu, health is wealth but food is life 😂",1
Rajesh library lo CN chadduvutunnadu,0
DSA nerchukovadam important undhi career ki cool,0
water challaa taagadam health ki challa avunuu,0
Prasad library lo ML chadduvutunnadu,0
Bhaskar library lo algorithms chadduvutunnadu,0
sambar chala healthy ga undie daily tinte cool,0
"Allu Arjun okaa punch lo 10 mandi ni edu chesadu, nenu oka networks paper clear cheyyalekapoyanu lol",1
crush cheppindi 'we are just friends' ani — DSA fail kanna painful avunuu brow,1
reading habit chaalaa useful undii long term lo 🙌,0
"Swathi 'nuwu chala funny' annadi — comedy avvunu ante undie bro, naaku telidhu still 🤣",1
chemistry nerchukovadam important undy career ki ok,0
weather today chaalaa hot ga undy Karimnagar lo,0
bike maintain cheyyadaniki regular service important undii,0
Sai university lo OS class attend chesaadu 🙏,0
"Rajesh assignment last minute chesadu, font 16, margins wide, 3 pages done — engineering genius 🤣",1
"Arjun assignment last minute chesadu, font 16, margins wide, 3 pages done — engineering genius",1
regular exercise challa important undie health ki 👍👍,0
weather today chala hot ga undii Kurnool lo,0
Nani maths assignment complete chesaadu yesterday,0
water challa taagadam health ki challa avunu,0
"nenu Balayya movies chustanu, chala undii antey",0
regular exercise challa important undii health ki sure,0
nenu Nellore lo GPay use chesthu undi,0
"diet start chesanu — pesarattu chusaka cancel chesanu, health is wealth but food is life bruh",1
Rajesh Kurnool lo relatives ni chusaadaniki chesadhu,0
"Ramu exam hall lo attendance laedu brow, but ammaaa tho 'daily velthunna' antadu — technically ledu",1
reading habit chala useful undie long term lo cool,0
nenu Vijayawada lo PhonePe use chesthu undi,0
ammaaa: nuvvuu ekkada unnav? nenu: library lo. amma: mee college lo library ekado undy ra? caught lmao,1
"villain 1000 cr spend chesadu plan ki, hero oka punch lo finish — ROI zero lmao",1
"barber ki 'thoda trim' annanu — half head gone broh, lost in translation 😭😭",1
weather today chaalaa hot ga undie Vizag lo,0
online learning convenient ga undhi anukunde hmm,0
nenu Tirupati lo GPay use chesthu undii,0
"Balayya movie lo villain chaala try chesadu, hero ki oka scratch laedu — plot armour max level lol",1
water challaa taagadam health ki chala avunuu,0
college exam hall lo ML class ledhu today ante Naveen amma ki call chesadu 'holiday' ani — smart move 💀,1
"Jyothi 'nuwu chaalaa funny' annadi — comedy avnu antey undhi bro, naaku telidhu still 😂",1
exam lo Bhaskar pray chesadu 'God MCQ lo A avvani cheyyatam' — specific prayer works bruh,1
"nenu Pawan Kalyan movies chustanu, challa undhi antey",0
ML nerchukovadam important undhi career ki ok,0
exam lo Sai pray chesadu 'God MCQ lo A avvani cheyyatam' — specific prayer works,1
"Lakshmi 'nuvvu change avvali' annadi, Surya hairstyle change chesadu — nenu try chesanu brow 🤣",1
morning chapati breakfast ki chesamu,0
"movie lo hero okaa song lo 5 countries lo dance chesadu, nenu okaa Nellore bus stop daateri edu 😭",1
professor 'open book exam' antey Ravi library motham bag lo pettukochadu 💀,1
naa canteen ki walking distance lo undie,0
"Kiran Bhavana ki good morning text chesadu daily, adi read avunu reply ledhu — read receipts cruelty brooo F",1
English nerchukovadam important undy career ki,0
"nenu Vijay Deverakonda movies chustanu, challa undy antey",0
"NTR movie review: 'logic edu' — fans: 'logic ante em broo, emotion chuso' 🤣",1
"hero bike stunt chesadu, Sai try chesadu — bike undy, Sai hospital lo undhi",1
chicken curry challaa healthy ga undi daily tinte right,0
internships challa important undy final year ki,0
new flyover Hyderabad lo ready avnu next month,0
"nenu pongal tinnanu, challaa undi",0
healthy ga undadam ki idli tinate chaalaa undy,0
"GPay lo biryani order chesanu, wrong item vasindhi, hungry avnu tinna — hunger > ego",1
Lucky canteen lo DSA class attend chesadu right,0
Sekhar Hyderabad lo relatives ni chusaadaniki chesadu,0
mass movie antey NTR dialogue ni Ramu WhatsApp status lo pettadu — feels undii bro 😂,1
"Chitti Divya tho first date ki Guntur lo biryani tinnaru, bill split chesadu — modern love 💀",1
"naa life Allu Arjun movie la undi — interval ki twist, climax ki logic ledu brow",1
"ex vasindi message 'how are you' ani, nenu ML fail avutunna — great timing brooo lmao",1
"Chitti Indu ki 'hi' text chesadu, 3 days tarvata reply vasindi — challa busy schedule undhi",1
"Suresh assignment last minute chesadu, font 16, margins wide, 3 pages done — engineering genius",1
"hero bike stunt chesadu, Arjun try chesadu — bike undhi, Arjun hospital lo undi",1
"diet start chesanu — idli chusaka cancel chesanu, health is wealth but food is life bruh",1
"supermarket ki okkka item ki poina, 10 items tho vasina — market psychology wins 🤣",1
"nanna bike ki petrol leduu, naaku pocket money leduu, iddaru same team",1
"propose chesanu, 'I think of you as a brother' annadi — DBMS result kanna worse shock 😭😭",1
"naa wifi challa fast undi — speed test lo matrame, actual lo laedu bro",1
"nenu Balayya movies chustanu, challa undhi anti",0
chemistry prepare avvadam ki daily 2 hours chadduvukovadam avnu,0
"amma 'oka IAS officer ni chadi, set avutav' antee, nenu still algorithms clear cheyyalekapotunna gone case",1
"exam ki notes miss avvadam kaadu, important undhi",0
"naa wifi chala fast undie — speed test lo matrame, actual lo laedu broh",1
Kurnool lo new IT park build avutundi,0
"villain 1000 cr spend chesadu plan ki, hero okkka punch lo finish — ROI zero haha",1
healthy ga undadam ki egg rice tinate chaalaa undy,0
"today DSA lab session undii, prepare avutunna",0
CN nerchukovadam important undi career ki,0
Vijayawada lo water supply schedule change avunu,0
"naa physics marks chusaka okaa nimisham silent ga undi, grief kaadhu bro — pure shock",1
"relatives adugutunnaru 'what are your plans' ani, nenu English pass avvadam plan broo — small goals",1
Guntur chaalaa develop avutundi last few years lo,0
Rajesh library lo networks chadduvutunnadu,0
internships chaalaa important undie final year ki hmm,0
professor 'open book exam' anti Chitti library motham bag lo pettukochadu haha,1
"naa physics marks chusaka oka nimisham silent ga undii, grief kaadu brow — pure shock",1
work from home easy antee — Mahesh amma background lo biryani chesthu meeting lo,1
Venky library lo OS chadduvutunnadu,0
"amma 'oka teacher ni chadi, set avutav' antey, nenu still English clear cheyyalekapotunna F",1
"amma 'oka engineer ni chadi, set avutav' antee, nenu still ML clear cheyyalekapotunna",1
Rajesh Karimnagar lo relatives ni chusaadaniki chesadu,0
"Chiranjeevi dialogue Yadav exam hall lo use chesadu, professor appreciate chesdu — cinema education haha",1
Rajesh TOC assignment complete chesadhu yesterday,0
"naa life NTR movie la undie — interval ki twist, climax ki logic ledhu brow",1
"Sai canteen lo attendance laedu brow, but amma tho 'daily velthunna' antadu — technically edu bruh",1
group study sometimes helpful avunuu anukuntunna cool,0
college college lo physics class edu today anti Surya ammaa ki call chesadu 'holiday' ani — smart move gg,1
Kurnool lo traffic problem address cheyyaali antey,0
"today DBMS lab session undy, prepare avutunna",0
nenu today Kurnool ki Activa lo vellanu,0
internships chaala important undhi final year ki,0
nenu today Nellore ki share auto lo vellanu ok,0
reading habit challa useful undi long term lo,0
software engineer avvadam chaala kaashtam undy kani worth it,0
engineer avvadam challaa kaashtam undy kani worth it sure,0
"today TOC lab session undie, prepare avutunna right",0
physics prepare avvadam ki daily 2 hours chadduvukovadam avnu,0
"naa phone new update vasindi, install chesanu 🙏",0
regular exercise challa important undie health ki,0
nenu TOC interesting undhi ante anukuntunna,0
"nenu idli tinnanu, challa undie 👍👍",0
college lab lo maths class ledhu today ante Sai ammaaa ki call chesadu 'holiday' ani — smart move,1
"babai cheppadu 'Ravi ni chuso challa undie' — Ravi fail avunu broo, different level inspiration haha",1
regular exercise chala important undi health ki,0
ammaa: nuvvu ekada unnav? nenu: library lo. ammaa: mee college lo library ekado undii ra? caught haha,1
"Mounika 'nuvvuu challaa funny' annadi — comedy avnu anti undy brow, naaku telidhu still gg",1
data scientist avvadam challaa kaashtam undie kani worth it,0
"movie lo hero okaa song lo 5 countries lo dance chesadu, nenu okkka Hyderabad bus stop daateri ledhu",1
online learning convenient ga undy anukuntaa,0
"naa wifi challa fast undy — speed test lo matrame, actual lo leduu broh",1
college college lo CN class leduu today ante Venky amma ki call chesadu 'holiday' ani — smart move 😂,1
biryani challa healthy ga undhi daily tinte 🙏,0
exam lo Lucky pray chesadu 'God MCQ lo A avvani cheyyatam' — specific prayer works 😭😭,1
resume lo TOC skills mention cheyyadam important,0
nenu Warangal lo Instagram use chesthu undy,0
nenu Nellore lo YouTube use chesthu undy,0
naa exam hall ki walking distance lo undie,0
Guntur lo new IT park build avutundi,0
"placement cell lo HR adugadu 'where do you see yourself in 5 years', Ravi 'sleeping' annadu — honest answer lol",1
"hero bike stunt chesadu, Ravi try chesadu — bike undy, Ravi hospital lo undii",1
"Nani Deepika tho first date ki Warangal lo roti tinnaru, bill split chesadu — modern love bruh",1
regular exercise chala important undy health ki 🤔,0
online learning convenient ga undhi anukunta,0
new flyover Vizag lo ready avunuu next month,0
Tirupati lo water supply schedule change avunu,0
"Lakshmi 'nuvvu change avvali' annadi, Naveen hairstyle change chesadu — nenu try chesanu broo lmao",1
"Surya exam hall lo attendance edu bro, but ammaa tho 'daily velthunna' antadu — technically edu",1
Kurnool lo new metro line start avutundi next year,0
"naa phone battery chala fast poothundi, relationships kanna faster gone case",1
internships chaala important undie final year ki,0
"Yadav Divya ki good morning text chesadu daily, adi read avvunu reply edu — read receipts cruelty broo",1
"Keerthi 'nuvvuu chaala funny' annadi — comedy avunuu antee undi broh, naaku telidhu still bruh",1
state lo rainfall chaala undie this monsoon,0
"villain 1000 cr spend chesadu plan ki, hero okkka punch lo finish — ROI zero 💀",1
Lucky new RTC bus kinukkunnadu last month,0
"nenu Vijay Deverakonda movies chustanu, challaa undhi anti",0
"naa TOC marks chusaka okaa nimisham silent ga undi, grief kaadhu broh — pure shock",1
Nani Rajahmundry lo relatives ni chusaadaniki chesadu,0
"meeting lo mute avunu matladanu, 5 mins tarvata telusindi — everyone saw brooo bruh",1
"movie ticket 500 rs, popcorn 300 rs, hero shirtless scene — priceless, worth it lmao",1
physics nerchukovadam important undii career ki 🙏,0
amma: nuwu ekado unnav? nenu: library lo. ammaa: mee college lo library ekkada undi ra? caught,1
"naa ML paper lo okaa question kaadu telivindi, kani confident ga avnu rasa — confidence bro not knowledge lmao",1
"Vijay Deverakonda dialogue Nani mess lo use chesadu, professor appreciate chesadhu — cinema education 💀",1
reading habit challaa useful undy long term lo ok,0
Venky new bike kinukkunnadu last month,0
"amma cheppindi 'doctor avutav' ani, naa DBMS marks chusaka 'compounder avvachu' ani update chesindi lmao",1
"'gym join chestanu' ani January 1 ki fee kattanu, January 5 ki forget avvunu — annual tradition lol",1
"nenu biryani try chesanu first time, okay ga undii 🤔",0
"nenu Balayya movies chustanu, chaalaa undhi antee",0
weather today challa hot ga undy Vijayawada lo,0
mass movie antey Pawan Kalyan dialogue ni Arjun WhatsApp status lo pettadu — feels undi brooo,1
"ammaa cooking chesthu undhi, nenu help cheyyadam try chesanu — amma 'nuvvu poni chadduvuko' annadi",1
"nenu pulihora tinnanu, challaa undy",0
Ramu library lo TOC class attend chesdu 🙌,0
"propose chesanu, 'I think of you as a brother' annadi — ML result kanna worse shock F",1
"propose chesanu, 'I think of you as a brother' annadi — networks result kanna worse shock 😭",1
"supermarket ki okka item ki poina, 10 items tho vasina — market psychology wins 😭😭",1
relationship status: ML tho broo — at least it needs me,1
"valentine's day ki Naidu alone undie, gongura rice order chesadu — self love era 🤣",1
"placement cell lo HR adugadu 'where do you see yourself in 5 years', Lucky 'sleeping' annadu — honest answer haha",1
"Ramu Bhavana ki 'hi' text chesadu, 3 days tarvata reply vasindi — chala busy schedule undie 💀",1
"movie lo hero okkka song lo 5 countries lo dance chesadu, nenu okka Kurnool bus stop daateri laedu 💔",1
"naa life NTR movie la undhi — interval ki twist, climax ki logic laedu brow",1
relationship status: algorithms tho broh — at least it needs me haha,1
Babai physics assignment complete chesdu yesterday,0
"traffic lo Warangal lo okaa hour stuck, GPS '2 mins away' antu undii — GPS lying broo 💀",1
"Pawan Kalyan movie review: 'logic leduu' — fans: 'logic ante em broh, emotion chuso'",1
"Mounika 'nuvvu change avvali' annadi, Srinu hairstyle change chesadu — nenu try chesanu brow gg",1
Sai library lo OS chadduvutunnadu,0
healthy ga undadam ki roti tinate chaalaa undie,0
Vizag challaa develop avutundi last few years lo,0
technology chala fast ga change avutundi,0
reading habit challaa useful undie long term lo 🙂,0
regular exercise challaa important undie health ki right,0
"movie lo hero okka song lo 5 countries lo dance chesadu, nenu okaa Rajahmundry bus stop daateri edu",1
nenu English interesting undie ante anukuntunna,0
"barber ki 'thoda trim' annanu — half head gone brooo, lost in translation 😂",1
"Suresh library lo attendance ledu broh, but amma tho 'daily velthunna' antadu — technically ledhu 😭😭",1
relationship status: maths tho broo — at least it needs me 💀,1
"babai cheppadu 'Nani ni chuso chala undi' — Nani fail avvunu broo, different level inspiration",1
"Prabhas dialogue Prasad library lo use chesadu, professor appreciate chesaadu — cinema education 😂",1
"diet start chesanu — biryani chusaka cancel chesanu, health is wealth but food is life",1
relationship status: CN tho broh — at least it needs me 🤣,1
Arjun new cycle kinukkunnadu last month,0
reading habit chaala useful undii long term lo right,0
regular exercise chaalaa important undhi health ki,0
"ammaa cooking chesthu undii, nenu help cheyyadam try chesanu — ammaa 'nuvvu poni chadduvuko' annadi haha",1
"amma cooking chesthu undhi, nenu help cheyyadam try chesanu — amma 'nuvvu poni chadduvuko' annadi",1
family function lo okaa uncle adugadu 'marks entha' ani — nanaa topic change chesadu immediately lol,1
Bunny new Activa kinukkunnadu last month,0
DSA prepare avvadam ki daily 2 hours chadduvukovadam avunuu,0
"today DSA lab session undy, prepare avutunna 👍👍",0
reading habit challaa useful undi long term lo cool,0
group study sometimes helpful avunu anukuntunna 🤔,0
weather today challa hot ga undii Tirupati lo,0
exam lo Srinu pray chesadu 'God MCQ lo A avvani cheyyadam' — specific prayer works 😭😭,1
"nanna bike ki petrol laedu, naaku pocket money ledu, iddaru same team",1
"Balayya movie lo villain chaalaa try chesadu, hero ki oka scratch leduu — plot armour max level",1
Surya Karimnagar lo relatives ni chusaadaniki chesadu,0
"meeting lo mute avunu matladanu, 5 mins tarvata telusindi — everyone saw brooo 🤣",1
"phone lo 1% battery, charger room lo undhi, nenu hall lo undii — impossible distance",1
"movie lo hero oka song lo 5 countries lo dance chesadu, nenu oka Hyderabad bus stop daateri edu",1
group study sometimes helpful avunuu anukunta sure,0
"Venky Divya ki good morning text chesadu daily, adi read avunuu reply leduu — read receipts cruelty broh 😭😭",1
pilot avvadam chala kaashtam undhi kani worth it,0
"morning 6 ki alarm, snooze, 7 ki alarm, snooze, 9 ki ammaaa voice — most effective alarm lmao",1
"ATM ki poina, cash edu, UPI try chesanu, network ledhu — broke in every way",1
Prasad maths assignment complete chesadhu yesterday,0
vegetables daily tinte immunity improve avunuu,0
"meeting lo mute avunuu matladanu, 5 mins tarvata telusindi — everyone saw brooo 😭😭",1
"Mounika 'nuvvu change avvali' annadi, Rajesh hairstyle change chesadu — nenu try chesanu bro",1
"traffic lo Vizag lo okaa hour stuck, GPS '2 mins away' antu undie — GPS lying broh 😭😭",1
technology chaalaa fast ga change avutundi right,0
"meeting lo mute avvunu matladanu, 5 mins tarvata telusindi — everyone saw broo 🤣",1
"amma sambar chesindi, nenu 'challaa undi' annanu — edu, pure diplomacy broo haha",1
"naa DBMS marks chusaka okkka nimisham silent ga undii, grief kaaduu bro — pure shock",1
weather today chaala hot ga undie Karimnagar lo,0
morning biryani breakfast ki chesamu 🤔,0
"movie lo hero okkka song lo 5 countries lo dance chesadu, nenu okaa Hyderabad bus stop daateri leduu",1
government 'smart city' anti Tirupati lo auto ki roads leduu — very smart 😭😭,1
"today algorithms lab session undie, prepare avutunna",0
naa mess ki walking distance lo undy,0
"naaku idli chala ishtam, ammaa chesindi, vere idli chesindi — betrayal",1
"meeting lo mute avvunu matladanu, 5 mins tarvata telusindi — everyone saw bro 😭😭",1
Sai Warangal lo relatives ni chusaadaniki chesadhu,0
nenu Vijayawada lo WhatsApp use chesthu undii,0
"supermarket ki okaa item ki poina, 10 items tho vasina — market psychology wins lmao",1
"Vijay Deverakonda movie review: 'logic ledhu' — fans: 'logic ante em broo, emotion chuso' 😭😭",1
college hostel lo physics class ledhu today anti Prasad amma ki call chesadu 'holiday' ani — smart move,1
Sunday night 11 PM ki Monday ki prepare avvadam start chesanu — classic broh 😭😭,1
healthy ga undadam ki dosa tinate challa undy,0
"nanna 'maa time lo chaalaa cheyyadham kashtapaddamu' anti, aatime lo OS ledhu broo — different struggle",1
"nenu Mahesh Babu movies chustanu, chaalaa undhi antey",0
"Yadav Kavya tho first date ki Guntur lo pongal tinnaru, bill split chesadu — modern love 😭😭",1
Gopi algorithms assignment complete chesadhu yesterday,0
online learning convenient ga undii anukuntunna right,0
"Keerthi 'nuvvu change avvali' annadi, Bhaskar hairstyle change chesadu — nenu try chesanu bro 😭😭",1
crush cheppindi 'we are just friends' ani — chemistry fail kanna painful avunuu brow finished,1
Rajesh exam hall lo algorithms class attend chesadu 🤔,0
"Lucky Sravani ki 'hi' text chesadu, 3 days tarvata reply vasindi — chaala busy schedule undii",1
"propose chesanu, 'I think of you as a brother' annadi — OS result kanna worse shock",1
Nellore lo traffic problem address cheyyaali anti,0
"exam ki notes miss avvadam kaadu, important undi",0
"ammaa cooking chesthu undie, nenu help cheyyadam try chesanu — ammaaa 'nuvvu poni chadduvuko' annadi 😭😭",1
"ammaa WhatsApp status 'my son is my pride' pettindi, naa result vasindi — delete chesadhu haha",1
"Vikram Mounika ki 'hi' text chesadu, 3 days tarvata reply vasindi — chaalaa busy schedule undy 🤣",1
"amma WhatsApp status 'my son is my pride' pettindi, naa result vasindi — delete chesaadu lmao",1
healthy ga undadam ki pongal tinate chala undi,0
Sai library lo ML class attend chesadhu ok,0
"meeting lo mute avunuu matladanu, 5 mins tarvata telusindi — everyone saw bro 🤣",1
"nenu chapati try chesanu first time, okay ga undhi 👍👍",0
ML prepare avvadam ki daily 2 hours chadduvukovadam avnu,0
upma chala healthy ga undy daily tinte ok,0
Nani English assignment complete chesaadu yesterday,0
"nenu Chiranjeevi movies chustanu, challaa undi antee",0
"naa life NTR movie la undi — interval ki twist, climax ki logic ledhu bro",1
amma: nuvvuu ekado unnav? nenu: library lo. ammaaa: mee college lo library ekada undy ra? caught,1
"GPay lo order chesanu '30 mins' ante — 2 hours lo biryani vasindy, cold ga undii lol",1
"naa ML professor challaa fast bro, notes edu, brain edu, hope ledu, future leduu F",1
"nenu Prabhas movies chustanu, challaa undie antee",0
water chaala taagadam health ki chaalaa avunuu,0
"today physics lab session undhi, prepare avutunna",0
Sunday night 11 PM ki Monday ki prepare avvadam start chesanu — classic brooo 😭😭,1
nenu Rajahmundry lo WhatsApp use chesthu undie,0
amma: nuvvu ekada unnav? nenu: library lo. ammaa: mee college lo library ekkado undhi ra? caught lmao,1
reading habit chala useful undy long term lo,0
Lucky algorithms assignment complete chesadhu yesterday,0
"online class lo professor 'unmute avvandi' anti — 50 fans, 10 dogs, 5 ammaaa voices gg",1
pulihora chaala healthy ga undie daily tinte cool,0
"online class lo professor 'unmute avvandi' ante — 50 fans, 10 dogs, 5 amma voices",1
"ATM ki poina, cash ledu, UPI try chesanu, network edu — broke in every way F",1
"nenu roti tinnanu, chaala undy",0
"Chitti Sravani ki 'hi' text chesadu, 3 days tarvata reply vasindi — challa busy schedule undi",1
nenu English interesting undii anti anukunta,0
"online class lo professor 'unmute avvandi' anti — 50 fans, 10 dogs, 5 amma voices 🤣",1
"Nani Suma ki 'hi' text chesadu, 3 days tarvata reply vasindi — challa busy schedule undi 😂",1
mass movie antey Balayya dialogue ni Gopi WhatsApp status lo pettadu — feels undie bro,1
petrol prices change avnu this week,0
"Allu Arjun dialogue Venky seminar hall lo use chesadu, professor appreciate chesadhu — cinema education gg",1
"villain 1000 cr spend chesadu plan ki, hero okaa punch lo finish — ROI zero",1
online learning convenient ga undi anukuntunna 🙌,0
Sai new RTC bus kinukkunnadu last month,0
"diet start chesanu — sambar chusaka cancel chesanu, health is wealth but food is life",1
nenu Vijayawada lo WhatsApp use chesthu undi,0
Prasad university lo TOC class attend chesadhu,0
"Bhavana 'nuvvuu chaala funny' annadi — comedy avunu ante undhi brooo, naaku telidhu still",1
"Balayya movie lo villain chaala try chesadu, hero ki okaa scratch leduu — plot armour max level",1
"Allu Arjun dialogue Babai university lo use chesadu, professor appreciate chesadhu — cinema education",1
"naa life Pawan Kalyan movie la undy — interval ki twist, climax ki logic laedu brooo 💔",1
Prasad new bus kinukkunnadu last month,0
"diet start chesanu — vada chusaka cancel avvunu, health is wealth food is life bruh",1
"Kiran broo exam ki prepare leduu, result vasthe 'paper tough undy' ani blame chesadu",1
sleep 8 hours complete cheyyadam brain ki important,0
state lo rainfall challaa undie this monsoon,0
Kurnool lo water supply schedule change avunu,0
online learning convenient ga undy anukuntaa 👍,0
Rajahmundry chala develop avutundi last few years lo,0
"Prabhas dialogue Kiran college lo use chesadu, professor appreciate chesdu — cinema education lol",1
Sai new RTC bus kinukkunnadu last month ok,0
"Ramu Swathi ki 'hi' text chesadu, 3 days tarvata reply vasindi — chaalaa busy schedule undhi",1
Naidu TOC assignment complete chesadu yesterday,0
"nenu Allu Arjun movies chustanu, challa undi ante",0
naa college ki walking distance lo undy,0
"Chiranjeevi movie review: 'logic ledu' — fans: 'logic ante em bro, emotion chuso' haha",1
Srinu university lo physics class attend chesaadu right,0
teacher avvadam challaa kaashtam undi kani worth it,0
"today DSA lab session undhi, prepare avutunna right",0
"traffic lo Hyderabad lo oka hour stuck, GPS '2 mins away' antu undhi — GPS lying brow",1
internships chala important undii final year ki 👍,0
crush cheppindi 'we are just friends' ani — English fail kanna painful avunuu broo F,1
"Vizag lo oka seat dorikithe lucky day ani anukunta, destination vastundi edu 😂",1
"Haritha 'nuvvu challa funny' annadi — comedy avunu ante undy bro, naaku telidhu still gg",1
"ammaa 'oka data scientist ni chadi, set avutav' anti, nenu still DBMS clear cheyyalekapotunna F",1
"nenu Prabhas movies chustanu, challaa undii ante",0
Lucky TOC assignment complete chesadhu yesterday,0
Venky mess lo DSA class attend chesadhu,0
pongal chaala healthy ga undhi daily tinte,0
"Sekhar seminar hall lo attendance laedu broh, but ammaaa tho 'daily velthunna' antadu — technically edu",1
"nenu egg rice try chesanu first time, okay ga undy",0
new flyover Warangal lo ready avvunu next month,0
"naa wifi chala fast undy — speed test lo matrame, actual lo ledu broo",1
relationship status: OS tho broh — at least it needs me 😂,1
Chitti Rajahmundry lo relatives ni chusaadaniki chesdu,0
Chitti new bus kinukkunnadu last month,0
"nenu Vijay Deverakonda movies chustanu, chaalaa undhi antey",0
"today algorithms lab session undi, prepare avutunna 🙌",0
nenu today Karimnagar ki bus lo vellanu,0
weather today challaa hot ga undi Warangal lo,0
weather today challaa hot ga undii Guntur lo,0
"Ravi Divya ki 'hi' text chesadu, 3 days tarvata reply vasindi — challa busy schedule undhi gg",1
"Bhaskar Divya ki good morning text chesadu daily, adi read avunu reply leduu — read receipts cruelty broo",1
"Bhaskar Mounika ki good morning text chesadu daily, adi read avunuu reply edu — read receipts cruelty bro",1
pilot avvadam chaalaa kaashtam undy kani worth it,0
Arjun library lo OS chadduvutunnadu,0
college lab lo English class ledhu today ante Yadav ammaa ki call chesadu 'holiday' ani — smart move lmao,1
Rajahmundry lo traffic problem address cheyyaali antey,0
"naa CN paper lo oka question kaadhu telivindi, kani confident ga avnu rasa — confidence bro not knowledge haha",1
Sekhar library lo maths chadduvutunnadu,0
"ex vasindi message 'how are you' ani, nenu algorithms fail avutunna — great timing broo bruh",1
"amma cheppindi 'doctor avutav' ani, naa physics marks chusaka 'compounder avvachu' ani update chesindi bruh",1
government 'smart city' anti Guntur lo bus ki roads laedu — very smart,1
"Ravi assignment last minute chesadu, font 16, margins wide, 3 pages done — engineering genius",1
Suresh algorithms assignment complete chesdu yesterday,0
"valentine's day ki Rajesh alone undii, pesarattu order chesadu — self love era lol",1
"naa phone battery chaalaa fast poothundi, relationships kanna faster gone case",1
internships challaa important undie final year ki 🙏,0
pilot avvadam chala kaashtam undy kani worth it,0
"online class lo professor 'unmute avvandi' antey — 50 fans, 10 dogs, 5 ammaaa voices",1
"chaalaa thanks bro, nuvvu help chesav — problem chaala worse avvunu now",1
"internals lo Prasad ki 9/30 vasthe 'grace marks' antadu, grace means 9 ye brow bruh",1
technology challaa fast ga change avutundi 👍👍,0
"online class lo professor 'unmute avvandi' antee — 50 fans, 10 dogs, 5 ammaaa voices lol",1
reading habit chala useful undie long term lo 🙂,0
college seminar hall lo OS class leduu today antey Bunny ammaa ki call chesadu 'holiday' ani — smart move bruh,1
nenu today Vizag ki Splendor lo vellanu,0
Vijayawada lo traffic problem address cheyyaali ante,0
Ramu new Activa kinukkunnadu last month,0
DSA nerchukovadam important undy career ki,0
healthy ga undadam ki chicken curry tinate challaa undi,0
amma: nuwu ekkada unnav? nenu: library lo. ammaaa: mee college lo library ekkada undii ra? caught,1
"nanaa 'maa time lo challa cheyyadham kashtapaddamu' ante, aatime lo CN laedu broo — different struggle",1
Sekhar mess lo OS class attend chesadhu,0
"naa phone battery chala fast poothundi, relationships kanna faster",1
"nenu chapati tinnanu, chaala undy 👍",0
nenu Hyderabad lo PhonePe use chesthu undi,0
"naa CN professor chaala fast bro, notes laedu, brain edu, hope edu, future edu gone case",1
nenu today Vijayawada ki bus lo vellanu sure,0
"naa DSA marks chusaka okkka nimisham silent ga undi, grief kaaduu brooo — pure shock",1
family function lo oka uncle adugadu 'marks entha' ani — nanna topic change chesadu immediately 💀,1
"movie ticket 500 rs, popcorn 300 rs, hero shirtless scene — priceless, worth it bruh",1
water chala taagadam health ki challa avunuu,0
auto wala 'meter laedu' anti 3x rate adugadu — Hyderabad experience gg,1
government 'smart city' antey Vizag lo bus ki roads edu — very smart gg,1
"naa ML marks chusaka oka nimisham silent ga undie, grief kaadu brooo — pure shock",1
"phone lo 1% battery, charger room lo undie, nenu hall lo undhi — impossible distance rip",1
algorithms nerchukovadam important undie career ki,0
Ravi library lo English chadduvutunnadu,0
"ammaaa vada chesindi, nenu 'challaa undhi' annanu — leduu, pure diplomacy bro",1
"ammaaa 'oka doctor ni chadi, set avutav' ante, nenu still maths clear cheyyalekapotunna 😭😭",1
"phone lo 1% battery, charger room lo undie, nenu hall lo undi — impossible distance",1
"chaalaa thanks brow, nuvu help chesav — problem chaalaa worse avunuu now",1
"naa OS marks chusaka okkka nimisham silent ga undy, grief kaadhu brow — pure shock",1
"nenu chapati try chesanu first time, okay ga undie",0
family function lo okkka uncle adugadu 'marks entha' ani — nanaa topic change chesadu immediately 😂,1
"nenu chicken curry try chesanu first time, okay ga undie 🙂",0
internships challaa important undie final year ki,0
auto wala 'meter edu' antee 3x rate adugadu — Hyderabad experience gg,1
Guntur lo traffic problem address cheyyaali ante,0
water chaala taagadam health ki chala avnu,0
group study sometimes helpful avvunu anukunde 👍👍,0
"today physics lab session undie, prepare avutunna 👍",0
"nenu online class attend chesanu today, notes rasanu 👍👍",0
"naa life Chiranjeevi movie la undi — interval ki twist, climax ki logic leduu brooo",1
reading habit chaala useful undi long term lo 👍,0
"nenu vada tinnanu, chaala undi",0
"today ML lab session undi, prepare avutunna ok",0
"babai cheppadu 'Gopi ni chuso challa undie' — Gopi fail avvunu brow, different level inspiration",1
"nenu pongal try chesanu first time, okay ga undi",0
"nenu vada tinnanu, chala undie",0
"naa wifi chaala fast undi — speed test lo matrame, actual lo leduu broh gg",1
weather today challa hot ga undie Hyderabad lo,0
Yadav library lo chemistry chadduvutunnadu,0
"internals lo Bunny ki 9/30 vasthe 'grace marks' antadu, grace means 9 ye broo gg",1
vegetables daily tinte immunity improve avunu,0
dosa chaala healthy ga undhi daily tinte,0
"meeting lo mute avvunu matladanu, 5 mins tarvata telusindi — everyone saw brow haha",1
Yadav new Activa kinukkunnadu last month cool,0
"movie lo hero okkka song lo 5 countries lo dance chesadu, nenu okaa Kurnool bus stop daateri ledhu",1
"Pawan Kalyan movie lo villain chaala try chesadu, hero ki okaa scratch edu — plot armour max level",1
"movie lo hero okkka song lo 5 countries lo dance chesadu, nenu okaa Karimnagar bus stop daateri ledhu 😭😭",1
nanaa smartphone istE WhatsApp lo naa result forward chesadu relatives ki — thanks nanna gone case,1
government 'smart city' anti Tirupati lo Activa ki roads laedu — very smart lmao,1
"Vizag lo okka seat dorikithe lucky day ani anukunde, destination vastundi edu",1
Chitti CN assignment complete chesaadu yesterday,0
"YouTube lo order chesanu '30 mins' ante — 2 hours lo upma vasindhi, cold ga undi haha",1
crush cheppindi 'we are just friends' ani — chemistry fail kanna painful avunu brow 😭,1
"placement cell lo HR adugadu 'where do you see yourself in 5 years', Gopi 'sleeping' annadu — honest answer 😭😭",1
Gopi college lo TOC class attend chesaadu,0
"Sai library lo attendance laedu broh, but amma tho 'daily velthunna' antadu — technically ledhu lmao",1
mass movie anti Allu Arjun dialogue ni Mahesh WhatsApp status lo pettadu — feels undii brooo gg,1
Nellore lo water supply schedule change avunu,0
crush cheppindi 'we are just friends' ani — chemistry fail kanna painful avunuu brooo,1
"amma cooking chesthu undy, nenu help cheyyadam try chesanu — amma 'nuvvu poni chadduvuko' annadi lmao",1
"chaalaa thanks bro, nuvu help chesav — problem challaa worse avvunu now",1
weather today chaala hot ga undi Rajahmundry lo,0
engineer avvadam chaala kaashtam undii kani worth it,0
"nenu pulihora tinnanu, chala undhi",0
morning vada breakfast ki chesamu,0
doctor avvadam challaa kaashtam undii kani worth it 🙏,0
teacher avvadam challa kaashtam undhi kani worth it 🙂,0
"babai cheppadu 'Ramu ni chuso challa undii' — Ramu fail avunuu brooo, different level inspiration 😭😭",1
"nenu Pawan Kalyan movies chustanu, chaalaa undhi ante",0
"nenu pulihora try chesanu first time, okay ga undii",0
auto wala 'meter edu' ante 3x rate adugadu — Hyderabad experience 😂,1
exam lo Sekhar pray chesadu 'God MCQ lo A avvani cheyyatam' — specific prayer works,1
healthy ga undadam ki gongura rice tinate chala undi,0
"amma cooking chesthu undy, nenu help cheyyadam try chesanu — amma 'nuvvu poni chadduvuko' annadi 💀",1
DBMS nerchukovadam important undhi career ki 🙏,0
Vijayawada chaala develop avutundi last few years lo,0
nenu today Nellore ki Splendor lo vellanu,0
healthy ga undadam ki chicken curry tinate chala undy,0
"nenu idli try chesanu first time, okay ga undii 👍👍",0
"PhonePe lo order chesanu '30 mins' antey — 2 hours lo biryani vasindi, cold ga undii",1
Ravi new bus kinukkunnadu last month,0
"naa life Vijay Deverakonda movie la undii — interval ki twist, climax ki logic ledhu broh",1
"naa life Prabhas movie la undy — interval ki twist, climax ki logic ledhu brooo rip",1
"Yadav Suma ki 'hi' text chesadu, 3 days tarvata reply vasindi — challa busy schedule undy",1
"relatives adugutunnaru 'what are your plans' ani, nenu algorithms pass avvadam plan broh — small goals 😂",1
healthy ga undadam ki idli tinate challa undy,0
"nenu pesarattu try chesanu first time, okay ga undii right",0
healthy ga undadam ki egg rice tinate challaa undi,0
"relatives adugutunnaru 'what are your plans' ani, nenu DBMS pass avvadam plan brow — small goals",1
water chaala taagadam health ki chaala avnu,0
group study sometimes helpful avnu anukuntunna 👍👍,0
Naidu networks assignment complete chesdu yesterday,0
water chaala taagadam health ki chaalaa avnu,0
"Naidu Sravani ki 'hi' text chesadu, 3 days tarvata reply vasindi — challa busy schedule undii",1
"nenu pongal try chesanu first time, okay ga undie",0
"Nani college lo attendance laedu brow, but ammaaa tho 'daily velthunna' antadu — technically leduu 🤣",1
"Kiran Jyothi ki good morning text chesadu daily, adi read avunuu reply edu — read receipts cruelty bro",1
"Sai Suma ki good morning text chesadu daily, adi read avunuu reply edu — read receipts cruelty broh 😭",1
"Allu Arjun movie lo villain challa try chesadu, hero ki oka scratch leduu — plot armour max level",1
"amma WhatsApp status 'my son is my pride' pettindi, naa result vasindhi — delete chesaadu",1
"Balayya movie lo villain chala try chesadu, hero ki oka scratch leduu — plot armour max level",1
"Mahesh Babu dialogue Rajesh mess lo use chesadu, professor appreciate chesaadu — cinema education",1
"nenu Balayya movies chustanu, chaala undhi ante",0
Kurnool lo water supply schedule change avvunu,0
Rajahmundry chaalaa develop avutundi last few years lo,0
Prasad hostel lo TOC class attend chesadu right,0
"nenu dosa tinnanu, chala undhi hmm",0
nenu Warangal lo Instagram use chesthu undii,0
"meeting lo mute avunuu matladanu, 5 mins tarvata telusindi — everyone saw bro",1
"Vikram Mounika ki good morning text chesadu daily, adi read avunuu reply ledhu — read receipts cruelty bro F",1
healthy ga undadam ki pongal tinate chaala undii,0
regular exercise chala important undy health ki,0
pilot avvadam challa kaashtam undhi kani worth it,0
Suresh mess lo DSA class attend chesadhu,0
"traffic lo Rajahmundry lo okaa hour stuck, GPS '2 mins away' antu undi — GPS lying brow bruh",1
Mahesh physics assignment complete chesdu yesterday,0
"Warangal lo okkka seat dorikithe lucky day ani anukunde, destination vastundi edu",1
"internals lo Chitti ki 9/30 vasthe 'grace marks' antadu, grace means 9 ye brooo lol",1
group study sometimes helpful avnu anukuntaa,0
Karimnagar chaalaa develop avutundi last few years lo,0
"Naidu library lo attendance ledu bro, but ammaa tho 'daily velthunna' antadu — technically edu",1
"traffic lo Kurnool lo oka hour stuck, GPS '2 mins away' antu undy — GPS lying broo 😂",1
nenu DSA interesting undie anti anukunde,0
"Prabhas okkka punch lo 10 mandi ni laedu chesadu, nenu okaa ML paper clear cheyyalekapoyanu lmao",1
technology chala fast ga change avutundi 🤔,0
"ammaaa chicken curry chesindi, nenu 'chaalaa undy' annanu — edu, pure diplomacy bro lmao",1
"nanaa 'maa time lo challaa cheyydam kashtapaddamu' antey, aatime lo ML leduu broh — different struggle",1
"nenu NTR movies chustanu, challaa undhi anti",0
Warangal lo traffic problem address cheyyaali ante,0
Teja TOC assignment complete chesadhu yesterday,0
nenu today Warangal ki share auto lo vellanu,0
college university lo maths class leduu today antey Mahesh ammaa ki call chesadu 'holiday' ani — smart move,1
"naa TOC professor challa fast brooo, notes edu, brain laedu, hope ledu, future ledu",1
weather today chaalaa hot ga undy Rajahmundry lo,0
online learning convenient ga undi anukunta 👍,0
"Zomato lo pongal order chesanu, wrong item vasindii, hungry avunuu tinna — hunger > ego gg",1
healthy ga undadam ki chicken curry tinate chala undhi,0
reading habit chala useful undi long term lo hmm,0
"nanna bike ki petrol laedu, naaku pocket money ledhu, iddaru same team gone case",1
"phone lo 1% battery, charger room lo undhi, nenu hall lo undhi — impossible distance",1
new flyover Kurnool lo ready avvunu next month,0
"Gopi bro exam ki prepare edu, result vasthe 'paper tough undy' ani blame chesadu",1
online learning convenient ga undi anukunde,0
"traffic lo Tirupati lo okaa hour stuck, GPS '2 mins away' antu undi — GPS lying broh bruh",1
morning pulihora breakfast ki chesamu 👍👍,0
"babai cheppadu 'Surya ni chuso challa undhi' — Surya fail avunuu brooo, different level inspiration",1
"Sai Divya ki good morning text chesadu daily, adi read avnu reply ledu — read receipts cruelty brooo",1
"phone lo 1% battery, charger room lo undie, nenu hall lo undy — impossible distance gone case",1
healthy ga undadam ki dosa tinate chaalaa undi,0
"Teja Jyothi ki 'hi' text chesadu, 3 days tarvata reply vasindi — chaalaa busy schedule undy 😂",1
internships challaa important undhi final year ki,0
"nanaa 'maa time lo challa cheyyadham kashtapaddamu' antee, aatime lo OS ledu brooo — different struggle",1
"babai cheppadu 'Rajesh ni chuso chaalaa undy' — Rajesh fail avunu brow, different level inspiration bruh",1
"diet start chesanu — chicken curry chusaka cancel chesanu, health is wealth but food is life",1
work from home easy antey — Sai amma background lo dosa chesthu meeting lo haha,1
"Naidu assignment last minute chesadu, font 16, margins wide, 3 pages done — engineering genius lmao",1
"naa maths paper lo okkka question kaadhu telivindi, kani confident ga avunu rasa — confidence bro not knowledge",1
"nenu biryani tinnanu, chaala undhi cool",0
"ammaaa pulihora chesindi, nenu 'challaa undi' annanu — edu, pure diplomacy brooo",1
"Sai Mounika tho first date ki Nellore lo roti tinnaru, bill split chesadu — modern love 🤣",1
"barber ki 'thoda trim' annanu — half head gone brooo, lost in translation bruh",1
"traffic lo Tirupati lo okkka hour stuck, GPS '2 mins away' antu undii — GPS lying bro 🤣",1
"NTR movie lo villain chaalaa try chesadu, hero ki okaa scratch laedu — plot armour max level",1
"nanna 'maa time lo chaalaa cheyyatam kashtapaddamu' ante, aatime lo OS ledhu brow — different struggle",1
"nannaa bike ki petrol leduu, naaku pocket money laedu, iddaru same team 💔",1
"relatives adugutunnaru 'what are your plans' ani, nenu algorithms pass avvadam plan brooo — small goals",1
teacher avvadam challaa kaashtam undie kani worth it,0
nenu today Hyderabad ki RTC bus lo vellanu,0
"ATM ki poina, cash ledu, UPI try chesanu, network ledu — broke in every way",1
online learning convenient ga undi anukunta cool,0
college hostel lo TOC class edu today ante Surya ammaa ki call chesadu 'holiday' ani — smart move 😂,1
government 'smart city' anti Hyderabad lo bus ki roads ledu — very smart lol,1
"naa phone battery challa fast poothundi, relationships kanna faster 💔",1
Sunday night 11 PM ki Monday ki prepare avvadam start chesanu — classic broo haha,1
relationship status: DBMS tho brow — at least it needs me gg,1
state lo rainfall chaalaa undi this monsoon,0
"Instagram lo vada order chesanu, wrong item vasindhi, hungry avunuu tinna — hunger > ego",1
"internals lo Prasad ki 9/30 vasthe 'grace marks' antadu, grace means 9 ye brooo",1
Vizag challa develop avutundi last few years lo,0
"ex vasindi message 'how are you' ani, nenu networks fail avutunna — great timing brow bruh",1
"Ravi Bhavana tho first date ki Hyderabad lo chicken curry tinnaru, bill split chesadu — modern love lmao",1
weather today challa hot ga undie Kurnool lo,0
Nani Vizag lo relatives ni chusaadaniki chesadhu,0
Venky library lo English chadduvutunnadu,0
crush cheppindi 'we are just friends' ani — DBMS fail kanna painful avvunu bro,1
state lo rainfall chaalaa undy this monsoon,0
"nenu roti try chesanu first time, okay ga undy cool",0
TOC nerchukovadam important undhi career ki 👍,0
Surya exam hall lo OS class attend chesadu 🙏,0
Lucky lab lo networks class attend chesdu 🙌,0
"ex vasindi message 'how are you' ani, nenu DBMS fail avutunna — great timing brooo gg",1
Bunny library lo CN chadduvutunnadu,0
"diet start chesanu — dosa chusaka cancel chesanu, health is wealth but food is life 🤣",1
"hero bike stunt chesadu, Yadav try chesadu — bike undy, Yadav hospital lo undhi lmao",1
"Chitti assignment last minute chesadu, font 16, margins wide, 3 pages done — engineering genius lmao",1
Prasad library lo TOC chadduvutunnadu,0
exam lo Babai pray chesadu 'God MCQ lo A avvani cheyyadam' — specific prayer works 😭😭,1
"online class lo professor 'unmute avvandi' anti — 50 fans, 10 dogs, 5 ammaa voices 😂",1
mass movie ante Pawan Kalyan dialogue ni Gopi WhatsApp status lo pettadu — feels undii brow lmao,1
pulihora chala healthy ga undhi daily tinte hmm,0
Hyderabad lo traffic problem address cheyyaali antey,0
"valentine's day ki Bunny alone undii, idli order chesadu — self love era bruh",1
"naa life Prabhas movie la undy — interval ki twist, climax ki logic edu broh 😭",1
Ravi Guntur lo relatives ni chusaadaniki chesadu,0
"movie lo hero oka song lo 5 countries lo dance chesadu, nenu oka Karimnagar bus stop daateri leduu",1
Mahesh maths assignment complete chesadu yesterday,0
"internals lo Rajesh ki 9/30 vasthe 'grace marks' antadu, grace means 9 ye brow",1
nanaa smartphone istE WhatsApp lo naa result forward chesadu relatives ki — thanks nanna,1
Ravi networks assignment complete chesaadu yesterday,0
healthy ga undadam ki pulihora tinate challaa undy,0
"naa maths paper lo oka question kadu telivindi, kani confident ga avunuu rasa — confidence bro not knowledge",1
"ex vasindi message 'how are you' ani, nenu networks fail avutunna — great timing brooo",1
"nanna bike ki petrol ledu, naaku pocket money ledu, iddaru same team",1
weather today challaa hot ga undi Karimnagar lo,0
"Lakshmi 'nuvvu change avvali' annadi, Yadav hairstyle change chesadu — nenu try chesanu broo",1
algorithms nerchukovadam important undy career ki 👍👍,0
Suresh seminar hall lo networks class attend chesaadu 🙌,0
"diet start chesanu — upma chusaka cancel chesanu, health is wealth but food is life 😭😭",1
"nenu sambar tinnanu, chaalaa undhi",0
"movie lo hero okaa song lo 5 countries lo dance chesadu, nenu okkka Kurnool bus stop daateri laedu",1
nenu today Nellore ki bike lo vellanu,0
"Vijay Deverakonda oka punch lo 10 mandi ni ledu chesadu, nenu okaa DBMS paper clear cheyyalekapoyanu 😭😭",1
"Zomato lo chicken curry order chesanu, wrong item vasindii, hungry avunuu tinna — hunger > ego bruh",1
"naa ML professor chala fast broh, notes laedu, brain ledhu, hope edu, future ledhu",1
Teja new Activa kinukkunnadu last month,0
technology challa fast ga change avutundi 🙏,0
"Bhaskar Keerthi tho first date ki Vijayawada lo gongura rice tinnaru, bill split chesadu — modern love",1
"naa algorithms professor challaa fast brow, notes ledhu, brain edu, hope ledhu, future leduu",1
"naa phone battery chala fast poothundi, relationships kanna faster 💔",1
"nenu idli tinnanu, chaala undy",0
Hyderabad challa develop avutundi last few years lo,0
"valentine's day ki Chitti alone undy, dosa order chesadu — self love era 😭😭",1
"meeting lo mute avnu matladanu, 5 mins tarvata telusindi — everyone saw broo",1
nenu chemistry interesting undi antee anukuntunna,0
auto wala 'meter leduu' antee 3x rate adugadu — Hyderabad experience,1
Lucky back bench lo undie kani first bencher kanna better marks — back lo wifi strong undii,1
Karimnagar lo new metro line start avutundi next year,0
Mahesh library lo physics chadduvutunnadu,0
internships chala important undi final year ki,0
"nenu egg rice try chesanu first time, okay ga undii",0
"valentine's day ki Prasad alone undie, sambar order chesadu — self love era haha",1
"nanaa 'maa time lo challa cheyydam kashtapaddamu' anti, aatime lo networks ledhu brooo — different struggle",1
naa canteen ki walking distance lo undy,0
"nanna bike ki petrol leduu, naaku pocket money ledu, iddaru same team F",1
engineer avvadam challa kaashtam undy kani worth it 👍👍,0
Bhaskar Rajahmundry lo relatives ni chusaadaniki chesaadu,0
state lo rainfall chala undhi this monsoon,0
teacher avvadam chaalaa kaashtam undi kani worth it,0
Nani new cycle kinukkunnadu last month,0
"nenu Pawan Kalyan movies chustanu, challa undie ante",0
technology chala fast ga change avutundi ok,0
"Swathi 'nuvu chaalaa funny' annadi — comedy avunu ante undii brow, naaku telidhu still",1
doctor avvadam challa kaashtam undy kani worth it,0
Rajesh back bench lo undii kani first bencher kanna better marks — back lo wifi strong undie,1
"diet start chesanu — roti chusaka cancel chesanu, health is wealth but food is life",1
reading habit chaalaa useful undi long term lo,0
state budget lo education ki more funds allocate chesaru,0
"Sekhar Jyothi ki good morning text chesadu daily, adi read avnu reply ledu — read receipts cruelty brooo rip",1
"meeting lo mute avunuu matladanu, 5 mins tarvata telusindi — everyone saw brooo bruh",1
Rajahmundry lo water supply schedule change avunu,0
morning dosa breakfast ki chesamu ok,0
"Naidu assignment last minute chesadu, font 16, margins wide, 3 pages done — engineering genius bruh",1
nenu CN interesting undii antee anukuntunna,0
Gopi placement cell lo physics class attend chesaadu,0
"placement cell lo HR adugadu 'where do you see yourself in 5 years', Vikram 'sleeping' annadu — honest answer bruh",1
nenu maths interesting undi antey anukuntunna,0
new flyover Guntur lo ready avvunu next month,0
"nenu pulihora try chesanu first time, okay ga undii 🙌",0
Sekhar library lo English chadduvutunnadu,0
"today maths lab session undhi, prepare avutunna right",0
Arjun English assignment complete chesaadu yesterday,0
exam lo Arjun pray chesadu 'God MCQ lo A avvani cheyyadam' — specific prayer works 😭😭,1
Mahesh physics assignment complete chesadhu yesterday,0
"Naveen Suma ki good morning text chesadu daily, adi read avunuu reply laedu — read receipts cruelty bro 💔",1
"naa phone battery challaa fast poothundi, relationships kanna faster",1
"naa TOC professor chaala fast broo, notes edu, brain laedu, hope ledu, future laedu",1
Naidu back bench lo undi kani first bencher kanna better marks — back lo wifi strong undie 😭😭,1
regular exercise challaa important undi health ki,0
"movie lo hero okaa song lo 5 countries lo dance chesadu, nenu oka Hyderabad bus stop daateri leduu",1
healthy ga undadam ki vada tinate challa undii,0
"naa life Chiranjeevi movie la undii — interval ki twist, climax ki logic ledhu broo",1
"amma WhatsApp status 'my son is my pride' pettindi, naa result vasindhi — delete chesadhu 😭😭",1
"relatives adugutunnaru 'what are your plans' ani, nenu DSA pass avvadam plan broh — small goals gg",1
water chaalaa taagadam health ki challa avunu,0
"ATM ki poina, cash laedu, UPI try chesanu, network ledhu — broke in every way gone case",1
"amma pesarattu chesindi, nenu 'chala undii' annanu — leduu, pure diplomacy brow",1
"internals lo Lucky ki 9/30 vasthe 'grace marks' antadu, grace means 9 ye brow lol",1
online learning convenient ga undii anukunta,0
amma: nuvu ekado unnav? nenu: library lo. ammaaa: mee college lo library ekkada undhi ra? caught 🤣,1
Surya library lo algorithms chadduvutunnadu,0
"morning 6 ki alarm, snooze, 7 ki alarm, snooze, 9 ki ammaaa voice — most effective alarm 💀",1
"diet start chesanu — vada chusaka cancel avnu, health is wealth food is life",1
"ammaa vada chesindi, nenu 'challaa undhi' annanu — edu, pure diplomacy broo 💀",1
exam lo Kiran pray chesadu 'God MCQ lo A avvani cheyyadam' — specific prayer works lmao,1
Teja library lo TOC chadduvutunnadu,0
"nenu chapati tinnanu, chaalaa undie",0
Surya back bench lo undii kani first bencher kanna better marks — back lo wifi strong undi,1
Ravi Vijayawada lo relatives ni chusaadaniki chesadhu,0
"interview ki 'punctual ga veltanu' annanu, 10 mins late avunu — traffic blame chesanu obviously 😭😭",1
"Deepika 'nuvvu challaa funny' annadi — comedy avnu antey undi broo, naaku telidhu still",1
teacher avvadam chaalaa kaashtam undie kani worth it,0
healthy ga undadam ki pulihora tinate chaalaa undie,0
"relatives adugutunnaru 'what are your plans' ani, nenu maths pass avvadam plan broh — small goals 🤣",1
OS nerchukovadam important undii career ki,0
Bhaskar hostel lo maths class attend chesdu 🙌,0
group study sometimes helpful avvunu anukuntunna right,0
"ex vasindi message 'how are you' ani, nenu maths fail avutunna — great timing broo 😂",1
"ex vasindi message 'how are you' ani, nenu DSA fail avutunna — great timing brooo lol",1
"Prabhas movie review: 'logic laedu' — fans: 'logic ante em bro, emotion chuso'",1
"internals lo Naveen ki 9/30 vasthe 'grace marks' antadu, grace means 9 ye brow lol",1
relationship status: English tho brow — at least it needs me 🤣,1
"propose chesanu, 'I think of you as a brother' annadi — OS result kanna worse shock 😭😭",1
naa library ki walking distance lo undii,0
"placement cell lo HR adugadu 'where do you see yourself in 5 years', Rajesh 'sleeping' annadu — honest answer",1
"nenu sambar tinnanu, chaala undhi",0
"propose chesanu, 'I think of you as a brother' annadi — English result kanna worse shock gone case",1
"nenu Mahesh Babu movies chustanu, chaalaa undy ante",0
"Jyothi 'nuvvu change avvali' annadi, Ravi hairstyle change chesadu — nenu try chesanu broh",1
"nannaa bike ki petrol laedu, naaku pocket money ledu, iddaru same team gone case",1
"Lucky assignment last minute chesadu, font 16, margins wide, 3 pages done — engineering genius",1
"Balayya movie lo villain chaala try chesadu, hero ki okka scratch leduu — plot armour max level 💀",1
"nannaa 'maa time lo chaalaa cheyydam kashtapaddamu' antee, aatime lo DSA ledhu broo — different struggle",1
"supermarket ki oka item ki poina, 10 items tho vasina — market psychology wins bruh",1
"hero bike stunt chesadu, Bunny try chesadu — bike undi, Bunny hospital lo undy 😂",1
"exam ki notes miss avvadam kadu, important undi",0
chicken curry challaa healthy ga undi daily tinte,0
Mahesh university lo physics class attend chesdu,0
internships chala important undhi final year ki sure,0
"naa phone new update vasindi, install chesanu 🙂",0
regular exercise chaala important undie health ki 🙌,0
Surya library lo ML class attend chesdu sure,0
water chaalaa taagadam health ki chaalaa avunuu,0
exam lo Naidu pray chesadu 'God MCQ lo A avvani cheyyatam' — specific prayer works,1
"naa phone battery challaa fast poothundi, relationships kanna faster 😭",1
regular exercise challaa important undhi health ki,0
Naveen back bench lo undy kani first bencher kanna better marks — back lo wifi strong undy 💀,1
"propose chesanu, 'I think of you as a brother' annadi — English result kanna worse shock 😭",1
mass movie antee Pawan Kalyan dialogue ni Kiran WhatsApp status lo pettadu — feels undii brooo,1
relationship status: algorithms tho broh — at least it needs me,1
healthy ga undadam ki dosa tinate challaa undii,0
regular exercise chaala important undii health ki 👍,0
"today networks lab session undi, prepare avutunna",0
"relatives adugutunnaru 'what are your plans' ani, nenu DSA pass avvadam plan broo — small goals",1
Suresh exam hall lo networks class attend chesadhu,0
nenu today Guntur ki RTC bus lo vellanu,0
nenu algorithms interesting undii antee anukunde,0
"babai cheppadu 'Srinu ni chuso chaala undy' — Srinu fail avvunu brooo, different level inspiration lol",1
"babai cheppadu 'Naidu ni chuso chaala undie' — Naidu fail avunu brooo, different level inspiration 😂",1
"amma cooking chesthu undi, nenu help cheyyadam try chesanu — ammaaa 'nuvvu poni chadduvuko' annadi 🤣",1
Suresh library lo ML chadduvutunnadu,0
"diet start chesanu — pongal chusaka cancel chesanu, health is wealth but food is life 😂",1
"movie lo hero okaa song lo 5 countries lo dance chesadu, nenu okkka Tirupati bus stop daateri edu finished",1
Surya seminar hall lo English class attend chesadhu 🤔,0
Arjun new RTC bus kinukkunnadu last month,0
"nenu pulihora tinnanu, chala undy",0
nanaa smartphone istE WhatsApp lo naa result forward chesadu relatives ki — thanks nanna 😭😭,1
"Naidu assignment last minute chesadu, font 16, margins wide, 3 pages done — engineering genius lol",1
"babai cheppadu 'Kiran ni chuso challa undii' — Kiran fail avunuu broo, different level inspiration",1
"nenu chapati tinnanu, chaalaa undii",0
nenu today Tirupati ki cycle lo vellanu,0
Yadav Karimnagar lo relatives ni chusaadaniki chesdu,0
"meeting lo mute avnu matladanu, 5 mins tarvata telusindi — everyone saw bro 😂",1
"internals lo Lucky ki 9/30 vasthe 'grace marks' antadu, grace means 9 ye brow 💀",1
"movie lo hero oka song lo 5 countries lo dance chesadu, nenu oka Tirupati bus stop daateri laedu finished",1
nenu physics interesting undhi ante anukuntunna,0
engineer avvadam challaa kaashtam undii kani worth it hmm,0
sambar challa healthy ga undii daily tinte,0
healthy ga undadam ki idli tinate chaalaa undi,0
"hero bike stunt chesadu, Ravi try chesadu — bike undii, Ravi hospital lo undie",1
"Chiranjeevi okkka punch lo 10 mandi ni leduu chesadu, nenu oka maths paper clear cheyyalekapoyanu",1
nenu today Vizag ki bus lo vellanu cool,0
college lab lo algorithms class laedu today ante Suresh ammaaa ki call chesadu 'holiday' ani — smart move haha,1
relationship status: ML tho broh — at least it needs me,1
"Hotstar lo order chesanu '30 mins' anti — 2 hours lo upma vasindi, cold ga undhi 😂",1
relationship status: chemistry tho bro — at least it needs me 😭😭,1
group study sometimes helpful avvunu anukuntaa 🙏,0
"ammaaa 'oka software engineer ni chadi, set avutav' antey, nenu still maths clear cheyyalekapotunna",1
OS prepare avvadam ki daily 2 hours chadduvukovadam avunu,0
family function lo okkka uncle adugadu 'marks entha' ani — nannaa topic change chesadu immediately 💀,1
"Vikram broo exam ki prepare leduu, result vasthe 'paper tough undie' ani blame chesadu 🤣",1
weather today chala hot ga undy Rajahmundry lo,0
morning chicken curry breakfast ki chesamu cool,0
doctor avvadam chaalaa kaashtam undy kani worth it,0
"Mounika 'nuwu chaala funny' annadi — comedy avnu antey undy broh, naaku telidhu still bruh",1
"movie ticket 500 rs, popcorn 300 rs, hero shirtless scene — priceless, worth it lol",1
water chala taagadam health ki challaa avvunu,0
nenu physics interesting undie antee anukunta,0
relationship status: networks tho bro — at least it needs me haha,1
professor 'open book exam' ante Vikram library motham bag lo pettukochadu 😭😭,1
Chitti chemistry assignment complete chesaadu yesterday,0
healthy ga undadam ki chapati tinate chaala undhi,0
algorithms prepare avvadam ki daily 2 hours chadduvukovadam avnu,0
"chala thanks brooo, nuvu help chesav — problem chaala worse avvunu now 😭😭",1
weather today chala hot ga undie Vizag lo,0
water challa taagadam health ki chaalaa avnu,0
"today TOC lab session undhi, prepare avutunna",0
vada challa healthy ga undi daily tinte,0
data scientist avvadam chaalaa kaashtam undii kani worth it,0
"supermarket ki oka item ki poina, 10 items tho vasina — market psychology wins haha",1
"nenu roti tinnanu, chaalaa undi right",0
regular exercise challa important undhi health ki 🤔,0
"naa wifi chala fast undii — speed test lo matrame, actual lo edu brooo",1
Rajesh library lo DSA chadduvutunnadu,0
nenu maths interesting undie antey anukunde,0
mass movie antey NTR dialogue ni Suresh WhatsApp status lo pettadu — feels undhi bro 🤣,1
relationship status: TOC tho bro — at least it needs me,1
nenu Guntur lo Instagram use chesthu undhi,0
"nenu Balayya movies chustanu, chaalaa undii antee",0
"chala thanks bro, nuvu help chesav — problem chaala worse avvunu now bruh",1
relationship status: DBMS tho broo — at least it needs me lol,1
"Pawan Kalyan movie review: 'logic edu' — fans: 'logic ante em broo, emotion chuso' 🤣",1
"barber ki 'thoda trim' annanu — half head gone brooo, lost in translation 🤣",1
Srinu placement cell lo DBMS class attend chesdu 🙌,0
technology challaa fast ga change avutundi,0
nenu Nellore lo Swiggy use chesthu undi,0
"nenu pulihora try chesanu first time, okay ga undi",0
"naa physics professor challa fast bro, notes edu, brain ledu, hope laedu, future leduu",1
nenu ML interesting undhi ante anukuntunna,0
group study sometimes helpful avnu anukuntaa hmm,0
"amma WhatsApp status 'my son is my pride' pettindi, naa result vasindii — delete chesadu",1
nenu ML interesting undie antey anukuntaa,0
"villain 1000 cr spend chesadu plan ki, hero oka punch lo finish — ROI zero 🤣",1
reading habit challaa useful undi long term lo sure,0
Suresh seminar hall lo algorithms class attend chesaadu,0
weather today chaala hot ga undii Kurnool lo,0
"barber ki 'thoda trim' annanu — half head gone broh, lost in translation 😂",1
"Bhaskar Anu tho first date ki Hyderabad lo sambar tinnaru, bill split chesadu — modern love",1
"Chiranjeevi movie lo villain challaa try chesadu, hero ki okaa scratch edu — plot armour max level",1
"babai cheppadu 'Chitti ni chuso challaa undhi' — Chitti fail avunuu brooo, different level inspiration gg",1
"naa phone battery chaala fast poothundi, relationships kanna faster",1
regular exercise challa important undie health ki 🙂,0
"ex vasindi message 'how are you' ani, nenu ML fail avutunna — great timing bro",1
Yadav new bus kinukkunnadu last month,0
data scientist avvadam chala kaashtam undhi kani worth it 🙂,0
Suresh new bus kinukkunnadu last month,0
"diet start chesanu — gongura rice chusaka cancel chesanu, health is wealth but food is life 💀",1
Kiran DBMS assignment complete chesadhu yesterday,0
Suresh library lo OS chadduvutunnadu,0
doctor avvadam chaala kaashtam undhi kani worth it sure,0
"naa ML marks chusaka okaa nimisham silent ga undie, grief kaadhu broo — pure shock",1
"barber ki 'thoda trim' annanu — half head gone brow, lost in translation lmao",1
"Vikram Haritha ki 'hi' text chesadu, 3 days tarvata reply vasindi — chaala busy schedule undii lmao",1
nenu DSA interesting undy anti anukunta,0
Babai back bench lo undie kani first bencher kanna better marks — back lo wifi strong undhi bruh,1
Tirupati lo water supply schedule change avvunu,0
Rajesh Karimnagar lo relatives ni chusaadaniki chesadhu,0
online learning convenient ga undii anukunta 👍👍,0
"naa algorithms paper lo okka question kaadu telivindi, kani confident ga avnu rasa — confidence bro not knowledge 😭😭",1
technology chaala fast ga change avutundi sure,0
government 'smart city' ante Hyderabad lo RTC bus ki roads leduu — very smart lmao,1
nenu chemistry interesting undii antey anukunde,0
pulihora challa healthy ga undie daily tinte 👍,0
new flyover Warangal lo ready avunu next month,0
Kurnool lo water supply schedule change avnu,0
morning pongal breakfast ki chesamu right,0
"nanaa bike ki petrol laedu, naaku pocket money edu, iddaru same team 😭",1
"diet start chesanu — idli chusaka cancel chesanu, health is wealth but food is life 😂",1
nenu English interesting undhi antey anukunde,0
"Tirupati lo okaa seat dorikithe lucky day ani anukunta, destination vastundi edu haha",1
family function lo okka uncle adugadu 'marks entha' ani — nanna topic change chesadu immediately lmao,1
technology chala fast ga change avutundi 👍👍,0
"diet start chesanu — egg rice chusaka cancel avvunu, health is wealth food is life",1
"naa wifi chaala fast undi — speed test lo matrame, actual lo ledu brow",1
nenu today Kurnool ki share auto lo vellanu 👍👍,0
family function lo okka uncle adugadu 'marks entha' ani — nannaa topic change chesadu immediately,1
weather today challa hot ga undi Vizag lo,0
healthy ga undadam ki chapati tinate challa undi,0
"Kavya 'nuvvu change avvali' annadi, Ramu hairstyle change chesadu — nenu try chesanu broh 💀",1
relationship status: chemistry tho brow — at least it needs me haha,1
nenu today Hyderabad ki bike lo vellanu 🙌,0
"meeting lo mute avnu matladanu, 5 mins tarvata telusindi — everyone saw brooo haha",1
English prepare avvadam ki daily 2 hours chadduvukovadam avunuu,0
Ramu exam hall lo English class attend chesdu,0
nenu today Nellore ki cycle lo vellanu,0
crush cheppindi 'we are just friends' ani — English fail kanna painful avunu bro,1
"phone lo 1% battery, charger room lo undi, nenu hall lo undy — impossible distance finished",1
"nanna bike ki petrol edu, naaku pocket money edu, iddaru same team 😭😭",1
"naa maths professor chaalaa fast broo, notes laedu, brain laedu, hope laedu, future ledu",1
"barber ki 'thoda trim' annanu — half head gone bro, lost in translation gg",1
"Chitti Mounika ki good morning text chesadu daily, adi read avunu reply leduu — read receipts cruelty brow",1
physics nerchukovadam important undie career ki,0
"naa networks marks chusaka okkka nimisham silent ga undy, grief kadu brow — pure shock",1
"amma WhatsApp status 'my son is my pride' pettindi, naa result vasindy — delete chesadhu",1
"movie lo hero oka song lo 5 countries lo dance chesadu, nenu okkka Rajahmundry bus stop daateri laedu",1
amma: nuvvuu ekkado unnav? nenu: library lo. amma: mee college lo library ekada undi ra? caught,1
"naa phone battery chaala fast poothundi, relationships kanna faster 😭😭",1
"Allu Arjun movie lo villain chaalaa try chesadu, hero ki okka scratch ledhu — plot armour max level gg",1
Nani new RTC bus kinukkunnadu last month hmm,0
"movie lo hero okka song lo 5 countries lo dance chesadu, nenu okka Karimnagar bus stop daateri laedu",1
"nenu dosa tinnanu, challaa undie ok",0
"nenu Mahesh Babu movies chustanu, challa undi antee",0
"diet start chesanu — gongura rice chusaka cancel chesanu, health is wealth but food is life gg",1
regular exercise chaalaa important undy health ki 🙂,0
pulihora challa healthy ga undy daily tinte 🙏,0
English prepare avvadam ki daily 2 hours chadduvukovadam avunu,0
"ammaaa cooking chesthu undhi, nenu help cheyyadam try chesanu — ammaa 'nuvvu poni chadduvuko' annadi 🤣",1
Surya Hyderabad lo relatives ni chusaadaniki chesdu,0
Prasad new Splendor kinukkunnadu last month,0
Naveen canteen lo algorithms class attend chesdu,0
Teja new RTC bus kinukkunnadu last month,0
"movie lo hero okka song lo 5 countries lo dance chesadu, nenu okaa Tirupati bus stop daateri edu",1
group study sometimes helpful avunuu anukunta 🙌,0
nannaa smartphone istE WhatsApp lo naa result forward chesadu relatives ki — thanks nanaa F,1
teacher avvadam challaa kaashtam undii kani worth it,0
nenu today Warangal ki share auto lo vellanu cool,0
"nanna 'maa time lo chala cheyydam kashtapaddamu' ante, aatime lo physics ledu brow — different struggle",1
"nenu roti tinnanu, chaalaa undii",0
dosa chala healthy ga undy daily tinte 👍👍,0
nenu TOC interesting undi antey anukuntaa,0
"amma WhatsApp status 'my son is my pride' pettindi, naa result vasindi — delete chesadhu 😂",1
college college lo maths class laedu today antey Bhaskar ammaa ki call chesadu 'holiday' ani — smart move,1
"Mounika 'nuvvuu challaa funny' annadi — comedy avvunu ante undi brow, naaku telidhu still lmao",1
internships chala important undy final year ki 👍,0
"nenu chicken curry tinnanu, challa undie 👍",0
"Bunny Divya tho first date ki Karimnagar lo vada tinnaru, bill split chesadu — modern love",1
data scientist avvadam chaala kaashtam undhi kani worth it,0
water challa taagadam health ki chala avunuu,0
Suresh new bike kinukkunnadu last month,0
group study sometimes helpful avunuu anukunta,0
physics nerchukovadam important undy career ki,0
morning gongura rice breakfast ki chesamu,0
exam lo Bhaskar pray chesadu 'God MCQ lo A avvani cheyydam' — specific prayer works 🤣,1
"ammaa gongura rice chesindi, nenu 'challa undie' annanu — ledu, pure diplomacy broo",1
"today OS lab session undie, prepare avutunna hmm",0
Babai Tirupati lo relatives ni chusaadaniki chesdu,0
"ATM ki poina, cash leduu, UPI try chesanu, network leduu — broke in every way",1
nenu Vijayawada lo Instagram use chesthu undy,0
"Zomato lo chicken curry order chesanu, wrong item vasindii, hungry avnu tinna — hunger > ego bruh",1
Gopi exam hall lo TOC class attend chesdu 👍👍,0
doctor avvadam challaa kaashtam undy kani worth it 🤔,0
"nenu upma try chesanu first time, okay ga undi 🙌",0
crush cheppindi 'we are just friends' ani — TOC fail kanna painful avunu brow,1
"Mahesh Babu dialogue Sekhar mess lo use chesadu, professor appreciate chesaadu — cinema education",1
nenu Guntur lo Zomato use chesthu undhi,0
Karimnagar chala develop avutundi last few years lo,0
"Bunny Mounika tho first date ki Guntur lo gongura rice tinnaru, bill split chesadu — modern love gg",1
"Indu 'nuvvu change avvali' annadi, Teja hairstyle change chesadu — nenu try chesanu brooo",1
internships chaalaa important undi final year ki cool,0
auto wala 'meter ledhu' anti 3x rate adugadu — Hyderabad experience bruh,1
pulihora chala healthy ga undhi daily tinte 🤔,0
regular exercise challa important undi health ki hmm,0
"today physics lab session undi, prepare avutunna",0
nenu Karimnagar lo YouTube use chesthu undhi,0
online learning convenient ga undi anukuntaa 🤔,0
"nenu gongura rice tinnanu, chala undi",0
Suresh maths assignment complete chesadhu yesterday,0
"nenu Vijay Deverakonda movies chustanu, chaalaa undy anti",0
"morning 6 ki alarm, snooze, 7 ki alarm, snooze, 9 ki amma voice — most effective alarm 😭😭",1
Srinu library lo English chadduvutunnadu,0
"Swiggy lo sambar order chesanu, wrong item vasindii, hungry avunu tinna — hunger > ego",1
"nenu biryani try chesanu first time, okay ga undie right",0
"naa wifi chaalaa fast undie — speed test lo matrame, actual lo edu brooo lmao",1
"naa OS professor challaa fast brooo, notes laedu, brain ledu, hope ledhu, future ledhu",1
"Suresh Deepika ki good morning text chesadu daily, adi read avunuu reply ledu — read receipts cruelty brow 😭",1
"ex vasindi message 'how are you' ani, nenu CN fail avutunna — great timing broh 😂",1
Bunny hostel lo OS class attend chesaadu,0
Warangal lo traffic problem address cheyyaali antee,0
"morning 6 ki alarm, snooze, 7 ki alarm, snooze, 9 ki amma voice — most effective alarm gg",1
group study sometimes helpful avunuu anukuntaa,0
"ex vasindi message 'how are you' ani, nenu maths fail avutunna — great timing brooo",1
"Vizag lo oka seat dorikithe lucky day ani anukuntaa, destination vastundi leduu 😭😭",1
Yadav OS assignment complete chesdu yesterday,0
naa library ki walking distance lo undie,0
doctor avvadam challa kaashtam undii kani worth it 🙌,0
"nenu pulihora tinnanu, challaa undhi",0
weather today chala hot ga undie Hyderabad lo,0
college mess lo networks class ledu today antey Naidu ammaa ki call chesadu 'holiday' ani — smart move 😭😭,1
Nani mess lo algorithms class attend chesaadu,0
"naa life Vijay Deverakonda movie la undii — interval ki twist, climax ki logic ledu broo",1
"movie lo hero okkka song lo 5 countries lo dance chesadu, nenu okaa Vijayawada bus stop daateri ledu F",1
"naa maths marks chusaka okka nimisham silent ga undii, grief kaadu broo — pure shock",1
"Hotstar lo order chesanu '30 mins' anti — 2 hours lo vada vasindi, cold ga undy 🤣",1
Ravi library lo CN chadduvutunnadu,0
English prepare avvadam ki daily 2 hours chadduvukovadam avnu,0
"naa CN paper lo okkka question kadu telivindi, kani confident ga avunuu rasa — confidence bro not knowledge lmao",1
"challaa thanks broo, nuvvuu help chesav — problem challa worse avunu now",1
mass movie antey Chiranjeevi dialogue ni Naidu WhatsApp status lo pettadu — feels undii broh gg,1
"Babai assignment last minute chesadu, font 16, margins wide, 3 pages done — engineering genius 💀",1
"internals lo Mahesh ki 9/30 vasthe 'grace marks' antadu, grace means 9 ye brow haha",1
"nenu gongura rice tinnanu, chaala undhi 👍👍",0
Vizag chaala develop avutundi last few years lo,0
"Mahesh canteen lo attendance laedu brow, but amma tho 'daily velthunna' antadu — technically edu bruh",1
"propose chesanu, 'I think of you as a brother' annadi — TOC result kanna worse shock finished",1
"nenu upma try chesanu first time, okay ga undii 🙂",0
"relatives adugutunnaru 'what are your plans' ani, nenu DSA pass avvadam plan broh — small goals",1
morning idli breakfast ki chesamu 👍👍,0
"Rajesh assignment last minute chesadu, font 16, margins wide, 3 pages done — engineering genius",1
maths nerchukovadam important undi career ki 🙌,0
"ammaaa cooking chesthu undii, nenu help cheyyadam try chesanu — ammaa 'nuvvu poni chadduvuko' annadi gg",1
"nenu Balayya movies chustanu, challaa undii ante",0
healthy ga undadam ki sambar tinate chaala undie,0
healthy ga undadam ki chicken curry tinate chaala undii,0
internships challa important undie final year ki hmm,0
electricity rates change avutunnai Guntur lo,0
"movie lo hero okkka song lo 5 countries lo dance chesadu, nenu oka Vizag bus stop daateri laedu finished",1
"today chemistry lab session undhi, prepare avutunna",0
ML nerchukovadam important undie career ki cool,0
"naaku egg rice challaa ishtam, amma chesindi, vere egg rice chesindi — betrayal 💀",1
"nenu upma try chesanu first time, okay ga undii",0
Yadav university lo DBMS class attend chesadhu 🙂,0
healthy ga undadam ki dosa tinate chala undy,0
"babai cheppadu 'Ramu ni chuso chaala undii' — Ramu fail avvunu brow, different level inspiration",1
"Bunny bro exam ki prepare ledu, result vasthe 'paper tough undii' ani blame chesadu 🤣",1
amma: nuwu ekado unnav? nenu: library lo. amma: mee college lo library ekkadaa undhi ra? caught,1
Yadav Kurnool lo relatives ni chusaadaniki chesadu,0
"today CN lab session undy, prepare avutunna",0
government 'smart city' anti Karimnagar lo bus ki roads edu — very smart,1
egg rice chaalaa healthy ga undhi daily tinte,0
"today chemistry lab session undie, prepare avutunna hmm",0
"naa life Chiranjeevi movie la undie — interval ki twist, climax ki logic leduu brooo 😭",1
"propose chesanu, 'I think of you as a brother' annadi — English result kanna worse shock",1
"ammaaa cheppindi 'doctor avutav' ani, naa chemistry marks chusaka 'compounder avvachu' ani update chesindi",1
Gopi library lo CN chadduvutunnadu,0
maths nerchukovadam important undy career ki hmm,0
Venky new share auto kinukkunnadu last month,0
electricity rates change avutunnai Hyderabad lo,0
group study sometimes helpful avunu anukunta,0
"Mahesh Babu dialogue Yadav exam hall lo use chesadu, professor appreciate chesdu — cinema education 🤣",1
"exam ki notes miss avvadam kaaduu, important undi",0
"Zomato lo pongal order chesanu, wrong item vasindii, hungry avnu tinna — hunger > ego",1
reading habit challaa useful undy long term lo hmm,0
"Vijayawada lo okaa seat dorikithe lucky day ani anukunde, destination vastundi ledhu haha",1
online learning convenient ga undhi anukunde 🙌,0
"nenu dosa tinnanu, chaala undi 👍👍",0
regular exercise chaala important undhi health ki hmm,0
"nanna bike ki petrol ledhu, naaku pocket money laedu, iddaru same team",1
"supermarket ki okka item ki poina, 10 items tho vasina — market psychology wins lol",1
"nenu roti try chesanu first time, okay ga undii 🙂",0
"WhatsApp lo order chesanu '30 mins' antee — 2 hours lo sambar vasindy, cold ga undi bruh",1
weather today chaala hot ga undie Warangal lo,0
healthy ga undadam ki gongura rice tinate chaalaa undie,0
regular exercise challaa important undhi health ki 🤔,0
work from home easy antee — Naveen amma background lo chicken curry chesthu meeting lo,1
"diet start chesanu — upma chusaka cancel chesanu, health is wealth but food is life haha",1
"nenu vada try chesanu first time, okay ga undy",0
"naa maths professor chaalaa fast broo, notes ledhu, brain edu, hope leduu, future edu",1
"diet start chesanu — upma chusaka cancel chesanu, health is wealth but food is life lmao",1
"barber ki 'thoda trim' annanu — half head gone brow, lost in translation 😭😭",1
nenu DBMS interesting undie antey anukunta,0
"'gym join chestanu' ani January 1 ki fee kattanu, January 5 ki forget avnu — annual tradition",1
"Srinu Kavya tho first date ki Rajahmundry lo gongura rice tinnaru, bill split chesadu — modern love",1
"naa networks marks chusaka okka nimisham silent ga undy, grief kadu broo — pure shock",1
nenu today Warangal ki RTC bus lo vellanu right,0
teacher avvadam chala kaashtam undy kani worth it 🙌,0
"meeting lo mute avvunu matladanu, 5 mins tarvata telusindi — everyone saw brow 💀",1
college lo new courses start avutunnai this semester,0
internships challa important undii final year ki hmm,0
Teja OS assignment complete chesdu yesterday,0
new flyover Rajahmundry lo ready avvunu next month,0
nenu maths interesting undi ante anukunta,0
"naa physics professor challaa fast broo, notes laedu, brain laedu, hope ledu, future ledhu F",1
Naveen library lo English chadduvutunnadu,0
"naaku sambar chaalaa ishtam, amma chesindi, vere sambar chesindi — betrayal lmao",1
"interview ki 'punctual ga veltanu' annanu, 10 mins late avunuu — traffic blame chesanu obviously gg",1
English prepare avvadam ki daily 2 hours chadduvukovadam avvunu,0
"amma WhatsApp status 'my son is my pride' pettindi, naa result vasindii — delete chesaadu",1
"naa DSA marks chusaka okkka nimisham silent ga undi, grief kadu brow — pure shock",1
auto wala 'meter leduu' ante 3x rate adugadu — Hyderabad experience lmao,1
nenu TOC interesting undhi antey anukuntaa,0
Teja library lo maths chadduvutunnadu,0
teacher avvadam chaala kaashtam undi kani worth it,0
Rajesh back bench lo undii kani first bencher kanna better marks — back lo wifi strong undy,1
internships challa important undii final year ki ok,0
Babai Vizag lo relatives ni chusaadaniki chesadu,0
morning gongura rice breakfast ki chesamu 🙌,0
professor 'open book exam' antee Naveen library motham bag lo pettukochadu,1
"nenu upma try chesanu first time, okay ga undy ok",0
"naa physics professor challa fast broh, notes ledhu, brain leduu, hope leduu, future ledhu gone case",1
"nenu roti try chesanu first time, okay ga undi hmm",0
Ravi library lo networks chadduvutunnadu,0
idli chaala healthy ga undy daily tinte,0
"nanaa 'maa time lo challa cheyyadham kashtapaddamu' antee, aatime lo CN ledhu broo — different struggle",1
"Sekhar Kavya tho first date ki Karimnagar lo idli tinnaru, bill split chesadu — modern love haha",1
online learning convenient ga undhi anukunde 🙂,0
amma: nuwu ekkadaa unnav? nenu: library lo. ammaa: mee college lo library ekkado undi ra? caught 🤣,1
"Prabhas movie review: 'logic leduu' — fans: 'logic ante em broo, emotion chuso'",1
work from home easy ante — Vikram amma background lo upma chesthu meeting lo,1
college university lo physics class ledu today ante Venky amma ki call chesadu 'holiday' ani — smart move,1
English nerchukovadam important undii career ki 🤔,0
"ammaa 'oka IAS officer ni chadi, set avutav' ante, nenu still ML clear cheyyalekapotunna",1
"morning 6 ki alarm, snooze, 7 ki alarm, snooze, 9 ki ammaa voice — most effective alarm lmao",1
"Nellore lo okka seat dorikithe lucky day ani anukuntaa, destination vastundi leduu 🤣",1
nenu Hyderabad lo YouTube use chesthu undi,0
professor 'open book exam' anti Bunny library motham bag lo pettukochadu bruh,1
"Priya 'nuvvu change avvali' annadi, Ravi hairstyle change chesadu — nenu try chesanu brooo 😂",1
"nenu upma tinnanu, challa undi",0
Ravi college lo chemistry class attend chesdu ok,0
"amma 'oka teacher ni chadi, set avutav' anti, nenu still DSA clear cheyyalekapotunna",1
healthy ga undadam ki dosa tinate challa undi,0
"nenu Allu Arjun movies chustanu, challaa undi anti",0
Rajesh exam hall lo CN class attend chesadu,0
"GPay lo order chesanu '30 mins' ante — 2 hours lo upma vasindhi, cold ga undhi bruh",1
"nanaa 'maa time lo challaa cheyydam kashtapaddamu' ante, aatime lo physics edu brow — different struggle",1
nenu today Guntur ki share auto lo vellanu,0
"NTR movie review: 'logic edu' — fans: 'logic ante em brooo, emotion chuso' 😂",1
"nenu vada try chesanu first time, okay ga undii",0
family function lo okka uncle adugadu 'marks entha' ani — nanaa topic change chesadu immediately bruh,1
Srinu college lo CN class attend chesdu 👍👍,0
"ammaa biryani chesindi, nenu 'challa undi' annanu — edu, pure diplomacy broo",1
weather today chaalaa hot ga undy Hyderabad lo,0
exam lo Nani pray chesadu 'God MCQ lo A avvani cheyyadam' — specific prayer works 😂,1
"placement cell lo HR adugadu 'where do you see yourself in 5 years', Suresh 'sleeping' annadu — honest answer",1
"nannaa 'maa time lo chaala cheyyadham kashtapaddamu' ante, aatime lo chemistry ledu broh — different struggle",1
"supermarket ki oka item ki poina, 10 items tho vasina — market psychology wins 😭😭",1
"valentine's day ki Srinu alone undy, idli order chesadu — self love era bruh",1
Hyderabad lo new metro line start avutundi next year,0
"WhatsApp lo order chesanu '30 mins' antee — 2 hours lo egg rice vasindi, cold ga undie 🤣",1
"Priya 'nuvu challa funny' annadi — comedy avnu antee undi broh, naaku telidhu still 😂",1
chapati challaa healthy ga undhi daily tinte 🙏,0
"nenu sambar tinnanu, challaa undi 🙏",0
networks nerchukovadam important undy career ki 👍👍,0
Bunny new bus kinukkunnadu last month sure,0
Chitti DBMS assignment complete chesadhu yesterday,0
electricity rates change avutunnai Karimnagar lo,0
"nenu pesarattu try chesanu first time, okay ga undhi 🙂",0
"Bhaskar Jyothi tho first date ki Guntur lo sambar tinnaru, bill split chesadu — modern love haha",1
"WhatsApp lo order chesanu '30 mins' anti — 2 hours lo egg rice vasindy, cold ga undi 🤣",1
"Teja Indu tho first date ki Vijayawada lo chicken curry tinnaru, bill split chesadu — modern love",1
Gopi back bench lo undhi kani first bencher kanna better marks — back lo wifi strong undhi,1
"Mounika 'nuvvu change avvali' annadi, Venky hairstyle change chesadu — nenu try chesanu bro gg",1
Yadav ML assignment complete chesadu yesterday,0
"ammaa cooking chesthu undie, nenu help cheyyadam try chesanu — ammaa 'nuvvu poni chadduvuko' annadi bruh",1
"Instagram lo order chesanu '30 mins' antee — 2 hours lo sambar vasindi, cold ga undy 😭😭",1
"naa wifi challa fast undhi — speed test lo matrame, actual lo ledhu broo",1
work from home easy antee — Kiran ammaaa background lo idli chesthu meeting lo gg,1
water chala taagadam health ki chala avnu,0
government 'smart city' anti Guntur lo RTC bus ki roads ledhu — very smart lol,1
"Sravani 'nuvvu change avvali' annadi, Bhaskar hairstyle change chesadu — nenu try chesanu brooo",1
internships chala important undy final year ki,0
internships chaalaa important undi final year ki sure,0
weather today chaala hot ga undi Karimnagar lo,0
new flyover Tirupati lo ready avunu next month,0
nenu today Nellore ki share auto lo vellanu 👍👍,0
"nenu upma try chesanu first time, okay ga undhi",0
"propose chesanu, 'I think of you as a brother' annadi — TOC result kanna worse shock F",1
"nenu NTR movies chustanu, challa undi antee",0
Bhaskar library lo English chadduvutunnadu,0
"Nani lab lo attendance leduu brooo, but amma tho 'daily velthunna' antadu — technically laedu 😭😭",1
Ramu Nellore lo relatives ni chusaadaniki chesadhu,0
Chitti exam hall lo chemistry class attend chesadu,0
"Allu Arjun movie review: 'logic laedu' — fans: 'logic ante em brow, emotion chuso' 💀",1
nenu DSA interesting undi ante anukunta,0
naa lab ki walking distance lo undii,0
"chala thanks broh, nuvu help chesav — problem chala worse avvunu now",1
Tirupati chaalaa develop avutundi last few years lo,0
"chaala thanks bro, nuvvuu help chesav — problem chaalaa worse avunu now",1
"morning 6 ki alarm, snooze, 7 ki alarm, snooze, 9 ki amma voice — most effective alarm lmao",1
online learning convenient ga undy anukuntunna 👍👍,0
"chaala thanks brooo, nuvvu help chesav — problem chaala worse avunuu now",1
"today TOC lab session undie, prepare avutunna",0
Nellore lo new IT park build avutundi,0
"naa wifi chaala fast undhi — speed test lo matrame, actual lo edu broh",1
nenu Rajahmundry lo Hotstar use chesthu undi,0
"challa thanks brooo, nuvvu help chesav — problem chaalaa worse avunuu now 🤣",1
algorithms prepare avvadam ki daily 2 hours chadduvukovadam avunuu,0
Gopi Vizag lo relatives ni chusaadaniki chesadhu,0
"Allu Arjun dialogue Prasad exam hall lo use chesadu, professor appreciate chesadhu — cinema education gg",1
time management important undii students ki,0
"nanaa bike ki petrol edu, naaku pocket money ledu, iddaru same team F",1
"movie ticket 500 rs, popcorn 300 rs, hero shirtless scene — priceless, worth it 😂",1
bus timings change chesaru Tirupati lo recently,0
"barber ki 'thoda trim' annanu — half head gone brow, lost in translation",1
"valentine's day ki Babai alone undii, pesarattu order chesadu — self love era",1
"Lucky assignment last minute chesadu, font 16, margins wide, 3 pages done — engineering genius 😂",1
chapati chaala healthy ga undhi daily tinte cool,0
"ex vasindi message 'how are you' ani, nenu networks fail avutunna — great timing broo 🤣",1
"nenu NTR movies chustanu, challaa undii ante",0
healthy ga undadam ki idli tinate challa undie,0
college canteen lo physics class laedu today antey Nani ammaa ki call chesadu 'holiday' ani — smart move,1
"villain 1000 cr spend chesadu plan ki, hero okaa punch lo finish — ROI zero 😭😭",1
"diet start chesanu — pulihora chusaka cancel chesanu, health is wealth but food is life haha",1
technology chaalaa fast ga change avutundi 🙌,0
gongura rice chaala healthy ga undie daily tinte right,0
"traffic lo Hyderabad lo oka hour stuck, GPS '2 mins away' antu undhi — GPS lying bro gg",1
"nenu upma try chesanu first time, okay ga undii 🤔",0
"propose chesanu, 'I think of you as a brother' annadi — networks result kanna worse shock",1
weather today chala hot ga undie Karimnagar lo,0
chemistry prepare avvadam ki daily 2 hours chadduvukovadam avvunu,0
morning pulihora breakfast ki chesamu sure,0
Hyderabad challaa develop avutundi last few years lo,0
mass movie antey Vijay Deverakonda dialogue ni Ravi WhatsApp status lo pettadu — feels undy bro,1
"nannaa bike ki petrol edu, naaku pocket money leduu, iddaru same team 😭😭",1
"nenu pesarattu try chesanu first time, okay ga undy 🙏",0
Ravi hostel lo ML class attend chesaadu,0
morning sambar breakfast ki chesamu,0
"nenu Prabhas movies chustanu, chaala undie antey",0
"movie ticket 500 rs, popcorn 300 rs, hero shirtless scene — priceless, worth it 🤣",1
"WhatsApp lo order chesanu '30 mins' antee — 2 hours lo roti vasindy, cold ga undii bruh",1
Kiran seminar hall lo maths class attend chesaadu,0
nanaa smartphone istE WhatsApp lo naa result forward chesadu relatives ki — thanks nanaa,1
"today CN lab session undi, prepare avutunna",0
nenu ML interesting undie antey anukunta,0
"chaala thanks broo, nuvvuu help chesav — problem challa worse avvunu now haha",1
"ex vasindi message 'how are you' ani, nenu DBMS fail avutunna — great timing brooo haha",1
"nenu online class attend chesanu today, notes rasanu cool",0
mass movie antey Mahesh Babu dialogue ni Srinu WhatsApp status lo pettadu — feels undie broh,1
exam lo Sekhar pray chesadu 'God MCQ lo A avvani cheyyatam' — specific prayer works haha,1
"nenu Vijay Deverakonda movies chustanu, challaa undhi antey",0
"movie lo hero okka song lo 5 countries lo dance chesadu, nenu okkka Karimnagar bus stop daateri laedu F",1
Sai back bench lo undi kani first bencher kanna better marks — back lo wifi strong undy gg,1
nenu Nellore lo YouTube use chesthu undii,0
online learning convenient ga undie anukunta hmm,0
nenu today Vizag ki share auto lo vellanu 🙏,0
"barber ki 'thoda trim' annanu — half head gone bro, lost in translation 🤣",1
Hyderabad chaala develop avutundi last few years lo,0
water chala taagadam health ki chaalaa avnu,0
"Suresh Haritha ki 'hi' text chesadu, 3 days tarvata reply vasindi — challaa busy schedule undie",1
"alarm 5 AM ki pettanu 'productive avutanu' ani, snooze chesanu 6 times — productivity achieved",1
technology challa fast ga change avutundi sure,0
new flyover Kurnool lo ready avunu next month,0
naa lab ki walking distance lo undy,0
group study sometimes helpful avunu anukuntaa,0
"traffic lo Warangal lo okka hour stuck, GPS '2 mins away' antu undii — GPS lying brow",1
reading habit chaala useful undhi long term lo 🙂,0
Bhaskar new share auto kinukkunnadu last month,0
college canteen lo CN class laedu today anti Sekhar amma ki call chesadu 'holiday' ani — smart move,1
new flyover Kurnool lo ready avunuu next month,0
"nenu Allu Arjun movies chustanu, chaala undie ante",0
Yadav back bench lo undie kani first bencher kanna better marks — back lo wifi strong undhi 😂,1
"barber ki 'thoda trim' annanu — half head gone broo, lost in translation 💀",1
"diet start chesanu — upma chusaka cancel avunu, health is wealth food is life gg",1
"Allu Arjun dialogue Babai canteen lo use chesadu, professor appreciate chesadu — cinema education gg",1
"nenu NTR movies chustanu, chala undhi anti",0
"nenu chapati tinnanu, chaala undi",0
Surya new cycle kinukkunnadu last month,0
crush cheppindi 'we are just friends' ani — English fail kanna painful avunuu broh 😭😭,1
"Prabhas oka punch lo 10 mandi ni edu chesadu, nenu okaa ML paper clear cheyyalekapoyanu bruh",1
professor 'open book exam' ante Bhaskar library motham bag lo pettukochadu bruh,1
Prasad Nellore lo relatives ni chusaadaniki chesadhu,0
water chaala taagadam health ki chala avvunu,0
sambar chaalaa healthy ga undhi daily tinte hmm,0
nenu networks interesting undi antee anukunta,0
"Vikram assignment last minute chesadu, font 16, margins wide, 3 pages done — engineering genius",1
morning gongura rice breakfast ki chesamu 🙏,0
nenu today Warangal ki Activa lo vellanu sure,0
"movie lo hero okaa song lo 5 countries lo dance chesadu, nenu okkka Tirupati bus stop daateri laedu 😭😭",1
"nanna bike ki petrol laedu, naaku pocket money ledhu, iddaru same team",1
Surya new RTC bus kinukkunnadu last month,0
Babai Hyderabad lo relatives ni chusaadaniki chesadu,0
relationship status: physics tho brooo — at least it needs me,1
reading habit chaala useful undie long term lo,0
group study sometimes helpful avvunu anukuntaa,0
healthy ga undadam ki upma tinate chaalaa undy,0
auto wala 'meter ledu' ante 3x rate adugadu — Hyderabad experience 💀,1
"'gym join chestanu' ani January 1 ki fee kattanu, January 5 ki forget avvunu — annual tradition",1
"naa ML professor chaala fast broh, notes ledhu, brain ledhu, hope laedu, future edu finished",1
"naa physics marks chusaka okka nimisham silent ga undhi, grief kaaduu brow — pure shock",1
dosa challa healthy ga undie daily tinte right,0
nenu today Hyderabad ki bike lo vellanu,0
Lucky OS assignment complete chesadu yesterday,0
weather today chala hot ga undy Vizag lo,0
"traffic lo Kurnool lo oka hour stuck, GPS '2 mins away' antu undie — GPS lying brooo",1
auto wala 'meter ledu' anti 3x rate adugadu — Hyderabad experience haha,1
morning pesarattu breakfast ki chesamu 🙏,0
"online class lo professor 'unmute avvandi' ante — 50 fans, 10 dogs, 5 amma voices 💀",1
data scientist avvadam chala kaashtam undhi kani worth it,0
"naa wifi chaala fast undii — speed test lo matrame, actual lo leduu broo bruh",1
pongal challaa healthy ga undhi daily tinte,0
networks nerchukovadam important undie career ki,0
"supermarket ki okaa item ki poina, 10 items tho vasina — market psychology wins 💀",1
"amma pulihora chesindi, nenu 'chaala undii' annanu — laedu, pure diplomacy broh bruh",1
"amma chapati chesindi, nenu 'challaa undy' annanu — ledu, pure diplomacy broo lmao",1
"nenu biryani tinnanu, challa undhi",0
nenu today Vizag ki cycle lo vellanu 🤔,0
reading habit challa useful undi long term lo 👍👍,0
"nenu idli tinnanu, challa undii",0
"Anu 'nuvvuu chala funny' annadi — comedy avunu ante undhi bro, naaku telidhu still",1
"nenu online class attend chesanu today, notes rasanu ok",0
"challa thanks brooo, nuvu help chesav — problem chaala worse avnu now",1
"morning 6 ki alarm, snooze, 7 ki alarm, snooze, 9 ki ammaaa voice — most effective alarm bruh",1
"supermarket ki oka item ki poina, 10 items tho vasina — market psychology wins lol",1
"movie lo hero oka song lo 5 countries lo dance chesadu, nenu okaa Rajahmundry bus stop daateri laedu",1
nenu today Tirupati ki Splendor lo vellanu 🙌,0
"nenu dosa tinnanu, chala undi",0
"naa wifi challa fast undie — speed test lo matrame, actual lo ledu broo",1
Gopi new Activa kinukkunnadu last month sure,0
nenu today Nellore ki RTC bus lo vellanu 👍👍,0
"diet start chesanu — biryani chusaka cancel avunuu, health is wealth food is life haha",1
"ammaa WhatsApp status 'my son is my pride' pettindi, naa result vasindii — delete chesadu haha",1
reading habit challaa useful undii long term lo,0
"Jyothi 'nuvu chala funny' annadi — comedy avnu antey undie broh, naaku telidhu still haha",1
"naa networks paper lo oka question kaaduu telivindi, kani confident ga avnu rasa — confidence bro not knowledge bruh",1
"Naidu brooo exam ki prepare leduu, result vasthe 'paper tough undie' ani blame chesadu haha",1
"villain 1000 cr spend chesadu plan ki, hero oka punch lo finish — ROI zero 💀",1
"interview ki 'punctual ga veltanu' annanu, 10 mins late avunuu — traffic blame chesanu obviously 😭😭",1
DSA nerchukovadam important undi career ki,0
pesarattu chala healthy ga undi daily tinte 👍👍,0
weather today chaala hot ga undi Tirupati lo,0
"Balayya movie lo villain challa try chesadu, hero ki okaa scratch laedu — plot armour max level gg",1
"Chitti broo exam ki prepare edu, result vasthe 'paper tough undie' ani blame chesadu",1
"movie lo hero okka song lo 5 countries lo dance chesadu, nenu okaa Nellore bus stop daateri ledhu",1
group study sometimes helpful avvunu anukuntaa 🙌,0
auto wala 'meter laedu' anti 3x rate adugadu — Hyderabad experience haha,1
"amma 'oka pilot ni chadi, set avutav' antey, nenu still algorithms clear cheyyalekapotunna finished",1
crush cheppindi 'we are just friends' ani — algorithms fail kanna painful avunu broh 😭😭,1
"amma WhatsApp status 'my son is my pride' pettindi, naa result vasindi — delete chesadu",1
"amma WhatsApp status 'my son is my pride' pettindi, naa result vasindhi — delete chesdu 😭😭",1
"nenu gongura rice tinnanu, challaa undi",0
"ammaaa cooking chesthu undi, nenu help cheyyadam try chesanu — ammaa 'nuvvu poni chadduvuko' annadi bruh",1
Naveen library lo CN chadduvutunnadu,0
"nenu pesarattu try chesanu first time, okay ga undi",0
nenu today Karimnagar ki auto lo vellanu cool,0
"today networks lab session undi, prepare avutunna cool",0
online learning convenient ga undii anukuntunna 🙂,0
Mahesh exam hall lo CN class attend chesdu,0
healthy ga undadam ki pesarattu tinate chaalaa undie,0
internships chaala important undii final year ki ok,0
"nenu Chiranjeevi movies chustanu, chaalaa undie antee",0
"naaku chapati chala ishtam, ammaaa chesindi, vere chapati chesindi — betrayal 😂",1
morning pongal breakfast ki chesamu sure,0
Nellore lo new metro line start avutundi next year,0
healthy ga undadam ki biryani tinate chala undii,0
ammaa: nuvu ekada unnav? nenu: library lo. ammaa: mee college lo library ekkadaa undi ra? caught lmao,1
"Naveen Suma ki good morning text chesadu daily, adi read avunuu reply leduu — read receipts cruelty brow 💔",1
"chaala thanks broo, nuvu help chesav — problem chaalaa worse avunuu now 😂",1
"babai cheppadu 'Bunny ni chuso challa undi' — Bunny fail avnu bro, different level inspiration 😂",1
Nellore chaala develop avutundi last few years lo,0
"chaala thanks broo, nuwu help chesav — problem challa worse avunuu now 🤣",1
"valentine's day ki Teja alone undie, upma order chesadu — self love era 😂",1
"ammaa cheppindi 'doctor avutav' ani, naa DSA marks chusaka 'compounder avvachu' ani update chesindi gg",1
Bunny placement cell lo networks class attend chesaadu right,0
"nenu online class attend chesanu today, notes rasanu 🙌",0
online learning convenient ga undie anukunta,0
"Mahesh Sravani ki good morning text chesadu daily, adi read avvunu reply ledu — read receipts cruelty broh",1
"Prasad broo exam ki prepare ledu, result vasthe 'paper tough undy' ani blame chesadu 😂",1
"naa life Balayya movie la undie — interval ki twist, climax ki logic edu brow 😭😭",1
"morning 6 ki alarm, snooze, 7 ki alarm, snooze, 9 ki ammaaa voice — most effective alarm 😂",1
"placement cell lo HR adugadu 'where do you see yourself in 5 years', Vikram 'sleeping' annadu — honest answer 😂",1
Nani back bench lo undy kani first bencher kanna better marks — back lo wifi strong undhi haha,1
"babai cheppadu 'Nani ni chuso challa undii' — Nani fail avunuu brooo, different level inspiration",1
nenu today Guntur ki Activa lo vellanu right,0
"ammaa 'oka engineer ni chadi, set avutav' anti, nenu still ML clear cheyyalekapotunna finished",1
"nenu dosa try chesanu first time, okay ga undi cool",0
gongura rice challa healthy ga undie daily tinte 🙂,0
"Balayya movie review: 'logic leduu' — fans: 'logic ante em brooo, emotion chuso' lol",1
"nenu egg rice try chesanu first time, okay ga undi",0
pesarattu challaa healthy ga undhi daily tinte 👍👍,0
"exam ki notes miss avvadam kaadu, important undie",0
"naaku pongal chaalaa ishtam, ammaa chesindi, vere pongal chesindi — betrayal lol",1
"Haritha 'nuvvu change avvali' annadi, Naidu hairstyle change chesadu — nenu try chesanu brooo lol",1
teacher avvadam challa kaashtam undii kani worth it,0
"valentine's day ki Nani alone undie, dosa order chesadu — self love era",1
Srinu DSA assignment complete chesdu yesterday,0
"ammaa 'oka IAS officer ni chadi, set avutav' antee, nenu still OS clear cheyyalekapotunna",1
Venky new auto kinukkunnadu last month,0
"online class lo professor 'unmute avvandi' ante — 50 fans, 10 dogs, 5 ammaa voices 💀",1
"relatives adugutunnaru 'what are your plans' ani, nenu chemistry pass avvadam plan broh — small goals",1
nenu today Nellore ki auto lo vellanu 🙏,0
Vijayawada lo new metro line start avutundi next year,0
"WhatsApp lo order chesanu '30 mins' anti — 2 hours lo gongura rice vasindi, cold ga undi lol",1
Srinu English assignment complete chesaadu yesterday,0
"Yadav Jyothi ki 'hi' text chesadu, 3 days tarvata reply vasindi — chaalaa busy schedule undy",1
"naa life Chiranjeevi movie la undi — interval ki twist, climax ki logic ledhu broo",1
nenu Tirupati lo Instagram use chesthu undhi,0
"today chemistry lab session undy, prepare avutunna 🙌",0
"Sekhar assignment last minute chesadu, font 16, margins wide, 3 pages done — engineering genius gg",1
"Swathi 'nuvvu change avvali' annadi, Nani hairstyle change chesadu — nenu try chesanu bro",1
"Tirupati lo okaa seat dorikithe lucky day ani anukunta, destination vastundi edu 😭😭",1
"alarm 5 AM ki pettanu 'productive avutanu' ani, snooze chesanu 6 times — productivity achieved 😂",1
"nanna 'maa time lo chaala cheyyadam kashtapaddamu' anti, aatime lo physics ledhu bro — different struggle",1
"nenu sambar tinnanu, challa undhi",0
"today networks lab session undii, prepare avutunna 🙂",0
"Arjun Anu ki good morning text chesadu daily, adi read avvunu reply laedu — read receipts cruelty brooo rip",1
Arjun TOC assignment complete chesadu yesterday,0
"Chiranjeevi movie review: 'logic edu' — fans: 'logic ante em brooo, emotion chuso' 😂",1
software engineer avvadam challaa kaashtam undhi kani worth it,0
online learning convenient ga undii anukuntunna,0
"internals lo Naidu ki 9/30 vasthe 'grace marks' antadu, grace means 9 ye brow 🤣",1
Vikram new RTC bus kinukkunnadu last month,0
"Karimnagar lo okkka seat dorikithe lucky day ani anukunde, destination vastundi laedu 💀",1
nenu today Karimnagar ki Activa lo vellanu,0
"naa chemistry marks chusaka okaa nimisham silent ga undie, grief kaadhu broh — pure shock",1
OS prepare avvadam ki daily 2 hours chadduvukovadam avunuu,0
regular exercise challaa important undii health ki 🙏,0
exam lo Suresh pray chesadu 'God MCQ lo A avvani cheyyatam' — specific prayer works 🤣,1
technology chaala fast ga change avutundi,0
Hyderabad lo traffic problem address cheyyaali antee,0
"GPay lo dosa order chesanu, wrong item vasindhi, hungry avunuu tinna — hunger > ego gg",1
Nellore challa develop avutundi last few years lo,0
healthy ga undadam ki gongura rice tinate chaala undi,0
new flyover Karimnagar lo ready avunuu next month,0
Teja new share auto kinukkunnadu last month 🙌,0
Gopi library lo algorithms chadduvutunnadu,0
Srinu new Splendor kinukkunnadu last month,0
"villain 1000 cr spend chesadu plan ki, hero okkka punch lo finish — ROI zero gg",1
nenu networks interesting undii ante anukuntaa,0
ammaaa: nuvvu ekkadaa unnav? nenu: library lo. amma: mee college lo library ekkada undi ra? caught,1
family function lo oka uncle adugadu 'marks entha' ani — nanna topic change chesadu immediately,1
reading habit chaalaa useful undy long term lo right,0
government new scholarship scheme announce chesindi students ki,0
amma: nuwu ekkada unnav? nenu: library lo. amma: mee college lo library ekada undie ra? caught 🤣,1
software engineer avvadam chaala kaashtam undhi kani worth it,0
Suresh new share auto kinukkunnadu last month,0
doctor avvadam challaa kaashtam undie kani worth it,0
"today ML lab session undie, prepare avutunna",0
nenu today Tirupati ki auto lo vellanu ok,0
"propose chesanu, 'I think of you as a brother' annadi — DSA result kanna worse shock rip",1
Kiran new bike kinukkunnadu last month 👍👍,0
"naa phone new update vasindi, install chesanu sure",0
"nenu dosa try chesanu first time, okay ga undii",0
Kiran new share auto kinukkunnadu last month,0
"naa life Vijay Deverakonda movie la undi — interval ki twist, climax ki logic ledhu bro",1
"diet start chesanu — dosa chusaka cancel avnu, health is wealth food is life 😂",1
"naa wifi chaala fast undii — speed test lo matrame, actual lo edu bro",1
"diet start chesanu — egg rice chusaka cancel chesanu, health is wealth but food is life bruh",1
Bhaskar library lo networks chadduvutunnadu,0
Kurnool challa develop avutundi last few years lo,0
nenu English interesting undy antey anukunta,0
"ammaa cooking chesthu undhi, nenu help cheyyadam try chesanu — ammaaa 'nuvvu poni chadduvuko' annadi gg",1
mass movie antey Prabhas dialogue ni Babai WhatsApp status lo pettadu — feels undii bro gg,1
"Yadav hostel lo attendance edu bro, but ammaa tho 'daily velthunna' antadu — technically edu 💀",1
Tirupati challa develop avutundi last few years lo,0
reading habit chaala useful undi long term lo 🙌,0
"naa algorithms professor chaala fast bro, notes ledu, brain edu, hope leduu, future ledu",1
data scientist avvadam challaa kaashtam undii kani worth it 🙂,0
nenu today Karimnagar ki cycle lo vellanu,0
nenu CN interesting undie anti anukunde,0
Vijayawada lo traffic problem address cheyyaali anti,0
"ammaa cooking chesthu undhi, nenu help cheyyadam try chesanu — ammaa 'nuvvu poni chadduvuko' annadi 💀",1
"ammaaa 'oka IAS officer ni chadi, set avutav' antee, nenu still CN clear cheyyalekapotunna",1
"nenu Allu Arjun movies chustanu, challaa undy antee",0
Sekhar DBMS assignment complete chesdu yesterday,0
"NTR movie lo villain chaala try chesadu, hero ki okaa scratch ledu — plot armour max level",1
"Prasad broo exam ki prepare laedu, result vasthe 'paper tough undie' ani blame chesadu 🤣",1
crush cheppindi 'we are just friends' ani — algorithms fail kanna painful avunuu bro,1
"internals lo Ramu ki 9/30 vasthe 'grace marks' antadu, grace means 9 ye bro lol",1
nenu OS interesting undhi antee anukuntunna,0
"Swathi 'nuvvu change avvali' annadi, Mahesh hairstyle change chesadu — nenu try chesanu bro 💀",1
"Chiranjeevi movie review: 'logic leduu' — fans: 'logic ante em broo, emotion chuso' 💀",1
Arjun back bench lo undii kani first bencher kanna better marks — back lo wifi strong undie bruh,1
weather today chaala hot ga undie Vizag lo,0
"meeting lo mute avunuu matladanu, 5 mins tarvata telusindi — everyone saw brow lmao",1
"chaalaa thanks broo, nuvvuu help chesav — problem chaala worse avunu now",1
"today maths lab session undie, prepare avutunna 🤔",0
"movie lo hero okkka song lo 5 countries lo dance chesadu, nenu okaa Vizag bus stop daateri ledhu",1
Naidu Hyderabad lo relatives ni chusaadaniki chesadu,0
college lab lo chemistry class edu today ante Venky amma ki call chesadu 'holiday' ani — smart move lol,1
Surya Hyderabad lo relatives ni chusaadaniki chesadu,0
Warangal lo water supply schedule change avnu,0
Vizag lo traffic problem address cheyyaali ante,0
"online class lo professor 'unmute avvandi' antey — 50 fans, 10 dogs, 5 ammaaa voices 😭😭",1
Yadav networks assignment complete chesaadu yesterday,0
CA avvadam chala kaashtam undy kani worth it,0
Ravi maths assignment complete chesdu yesterday,0
"placement cell lo HR adugadu 'where do you see yourself in 5 years', Vikram 'sleeping' annadu — honest answer 😭😭",1
"nenu chicken curry try chesanu first time, okay ga undhi right",0
"challa thanks brooo, nuwu help chesav — problem chaala worse avunuu now",1
relationship status: ML tho bro — at least it needs me 💀,1
weather today chaalaa hot ga undie Nellore lo,0
"meeting lo mute avvunu matladanu, 5 mins tarvata telusindi — everyone saw broh bruh",1
Bhaskar new Activa kinukkunnadu last month,0
"naa life NTR movie la undy — interval ki twist, climax ki logic leduu brooo",1
"Naidu Swathi ki 'hi' text chesadu, 3 days tarvata reply vasindi — chala busy schedule undy haha",1
"relatives adugutunnaru 'what are your plans' ani, nenu ML pass avvadam plan broo — small goals gg",1
"Mounika 'nuvvu change avvali' annadi, Ramu hairstyle change chesadu — nenu try chesanu bro lmao",1
"movie ticket 500 rs, popcorn 300 rs, hero shirtless scene — priceless, worth it 💀",1
"naa phone battery chala fast poothundi, relationships kanna faster rip",1
regular exercise challa important undii health ki hmm,0
"naa life Vijay Deverakonda movie la undy — interval ki twist, climax ki logic ledhu bro",1
biryani challa healthy ga undie daily tinte,0
nenu Karimnagar lo Hotstar use chesthu undi,0
internships challaa important undhi final year ki cool,0
family function lo okka uncle adugadu 'marks entha' ani — nannaa topic change chesadu immediately bruh,1
technology challa fast ga change avutundi ok,0
"chaalaa thanks brooo, nuvu help chesav — problem chala worse avunuu now 🤣",1
"nenu gongura rice tinnanu, chaala undhi ok",0
"nenu NTR movies chustanu, challa undy anti",0
IAS officer avvadam chaalaa kaashtam undii kani worth it 🙂,0
Vijayawada lo water supply schedule change avunuu,0
Vikram physics assignment complete chesdu yesterday,0
"Allu Arjun movie review: 'logic ledhu' — fans: 'logic ante em broo, emotion chuso' bruh",1
pulihora chaala healthy ga undi daily tinte,0
Mahesh seminar hall lo TOC class attend chesdu 🤔,0
"Naveen brooo exam ki prepare edu, result vasthe 'paper tough undie' ani blame chesadu",1
"diet start chesanu — chapati chusaka cancel avnu, health is wealth food is life 😭😭",1
"nannaa 'maa time lo chaalaa cheyydam kashtapaddamu' antey, aatime lo English leduu bro — different struggle",1
Nani ML assignment complete chesaadu yesterday,0
"today DBMS lab session undie, prepare avutunna hmm",0
"Sai Lakshmi ki good morning text chesadu daily, adi read avvunu reply edu — read receipts cruelty brow rip",1
morning dosa breakfast ki chesamu,0
"Prabhas okka punch lo 10 mandi ni ledhu chesadu, nenu okka DSA paper clear cheyyalekapoyanu",1
nenu Rajahmundry lo PhonePe use chesthu undii,0
"nenu sambar try chesanu first time, okay ga undy ok",0
Hyderabad lo traffic problem address cheyyaali ante,0
"diet start chesanu — pongal chusaka cancel chesanu, health is wealth but food is life",1
mass movie ante NTR dialogue ni Srinu WhatsApp status lo pettadu — feels undy bro,1
"nenu dosa try chesanu first time, okay ga undy sure",0
morning sambar breakfast ki chesamu 👍👍,0
"barber ki 'thoda trim' annanu — half head gone bro, lost in translation 😭😭",1
OS prepare avvadam ki daily 2 hours chadduvukovadam avnu,0
internships challa important undhi final year ki,0
Surya ML assignment complete chesaadu yesterday,0
nenu today Guntur ki cycle lo vellanu,0
"naa algorithms marks chusaka okka nimisham silent ga undie, grief kaadhu brow — pure shock",1
electricity rates change avutunnai Nellore lo,0
CA avvadam chala kaashtam undi kani worth it hmm,0
internships chala important undi final year ki 🤔,0
"ammaa cooking chesthu undie, nenu help cheyyadam try chesanu — amma 'nuvvu poni chadduvuko' annadi gg",1
CN nerchukovadam important undy career ki,0
"diet start chesanu — gongura rice chusaka cancel avunuu, health is wealth food is life bruh",1
"ATM ki poina, cash ledu, UPI try chesanu, network leduu — broke in every way",1
"meeting lo mute avnu matladanu, 5 mins tarvata telusindi — everyone saw brow",1
"today DBMS lab session undi, prepare avutunna sure",0
Sekhar exam hall lo TOC class attend chesadhu,0
reading habit challaa useful undhi long term lo,0
"challa thanks brow, nuvvuu help chesav — problem chaalaa worse avvunu now 💀",1
"diet start chesanu — pesarattu chusaka cancel chesanu, health is wealth but food is life lol",1
mass movie antey Chiranjeevi dialogue ni Babai WhatsApp status lo pettadu — feels undii brow bruh,1
"morning 6 ki alarm, snooze, 7 ki alarm, snooze, 9 ki ammaa voice — most effective alarm",1
"nenu online class attend chesanu today, notes rasanu sure",0
weather today challaa hot ga undii Warangal lo,0
online learning convenient ga undii anukunde right,0
"naa networks professor chaalaa fast brooo, notes ledhu, brain ledhu, hope leduu, future ledhu",1
"villain 1000 cr spend chesadu plan ki, hero oka punch lo finish — ROI zero gg",1
weather today challaa hot ga undy Rajahmundry lo,0
Naidu hostel lo maths class attend chesaadu,0
"Suresh Swathi ki good morning text chesadu daily, adi read avunu reply laedu — read receipts cruelty broo",1
Guntur lo water supply schedule change avunuu,0
"Venky placement cell lo attendance edu bro, but ammaaa tho 'daily velthunna' antadu — technically leduu",1
"Rajesh Sravani ki good morning text chesadu daily, adi read avnu reply ledhu — read receipts cruelty brow",1
"hero bike stunt chesadu, Teja try chesadu — bike undy, Teja hospital lo undie haha",1
biryani chala healthy ga undii daily tinte 🙌,0
professor 'open book exam' anti Naveen library motham bag lo pettukochadu 💀,1
healthy ga undadam ki egg rice tinate chaala undy,0
auto wala 'meter ledu' antee 3x rate adugadu — Hyderabad experience gg,1
"meeting lo mute avunuu matladanu, 5 mins tarvata telusindi — everyone saw bro 💀",1
nenu today Vijayawada ki auto lo vellanu 🤔,0
"ex vasindi message 'how are you' ani, nenu networks fail avutunna — great timing brooo gg",1
mass movie antey Pawan Kalyan dialogue ni Kiran WhatsApp status lo pettadu — feels undy broh haha,1
"Naidu Bhavana tho first date ki Rajahmundry lo pulihora tinnaru, bill split chesadu — modern love lol",1
"interview ki 'punctual ga veltanu' annanu, 10 mins late avvunu — traffic blame chesanu obviously haha",1
nenu Rajahmundry lo YouTube use chesthu undi,0
"naa life Prabhas movie la undi — interval ki twist, climax ki logic laedu brow 😭😭",1
"Pawan Kalyan movie lo villain challa try chesadu, hero ki oka scratch ledhu — plot armour max level 💀",1
"movie lo hero okkka song lo 5 countries lo dance chesadu, nenu okaa Kurnool bus stop daateri ledu gone case",1
online learning convenient ga undi anukuntunna ok,0
"barber ki 'thoda trim' annanu — half head gone broo, lost in translation",1
government 'smart city' antee Kurnool lo cycle ki roads ledu — very smart lol,1
"Instagram lo order chesanu '30 mins' antee — 2 hours lo biryani vasindii, cold ga undi",1
Bunny library lo OS chadduvutunnadu,0
"diet start chesanu — chicken curry chusaka cancel chesanu, health is wealth but food is life 🤣",1
"naa wifi challaa fast undi — speed test lo matrame, actual lo edu brooo lol",1
"nenu NTR movies chustanu, chaala undhi anti",0
Yadav chemistry assignment complete chesadhu yesterday,0
"amma cheppindi 'doctor avutav' ani, naa algorithms marks chusaka 'compounder avvachu' ani update chesindi",1
Bunny exam hall lo TOC class attend chesdu cool,0
gongura rice challaa healthy ga undy daily tinte 🙂,0
"ATM ki poina, cash leduu, UPI try chesanu, network leduu — broke in every way rip",1
"naa wifi chaala fast undi — speed test lo matrame, actual lo ledhu broo lmao",1
water chaalaa taagadam health ki challa avvunu,0
government 'smart city' anti Rajahmundry lo bus ki roads edu — very smart 🤣,1
new flyover Vizag lo ready avunu next month,0
auto wala 'meter leduu' antee 3x rate adugadu — Hyderabad experience 🤣,1
"traffic lo Nellore lo okaa hour stuck, GPS '2 mins away' antu undie — GPS lying broo 🤣",1
"Naveen assignment last minute chesadu, font 16, margins wide, 3 pages done — engineering genius 😂",1
nanna smartphone istE WhatsApp lo naa result forward chesadu relatives ki — thanks nannaa 💔,1
"chaala thanks brooo, nuvu help chesav — problem chaala worse avnu now",1
dosa challa healthy ga undhi daily tinte 🙏,0
internships challaa important undii final year ki 👍👍,0
nenu Tirupati lo YouTube use chesthu undi,0
idli challaa healthy ga undhi daily tinte 🙏,0
Karimnagar chaala develop avutundi last few years lo,0
ammaaa: nuvvu ekado unnav? nenu: library lo. amma: mee college lo library ekado undy ra? caught 😂,1
"Haritha 'nuvvu change avvali' annadi, Prasad hairstyle change chesadu — nenu try chesanu broo gg",1
"ammaa pongal chesindi, nenu 'challaa undii' annanu — leduu, pure diplomacy brooo",1
naa lab ki walking distance lo undi,0
"challaa thanks broo, nuvu help chesav — problem challaa worse avunuu now",1
"internals lo Gopi ki 9/30 vasthe 'grace marks' antadu, grace means 9 ye brooo 😂",1
"ex vasindi message 'how are you' ani, nenu English fail avutunna — great timing broo",1
nenu today Tirupati ki Activa lo vellanu 👍,0
"today ML lab session undy, prepare avutunna",0
"nanna 'maa time lo chala cheyyadam kashtapaddamu' anti, aatime lo CN edu brow — different struggle",1
"naa wifi chaalaa fast undi — speed test lo matrame, actual lo leduu bro bruh",1
college exam hall lo networks class ledu today antee Rajesh amma ki call chesadu 'holiday' ani — smart move gg,1
Naveen Kurnool lo relatives ni chusaadaniki chesadhu,0
amma: nuwu ekada unnav? nenu: library lo. ammaa: mee college lo library ekkadaa undhi ra? caught,1
"naa wifi chaalaa fast undi — speed test lo matrame, actual lo leduu brooo 💀",1
Naveen lab lo OS class attend chesadhu,0
pongal challa healthy ga undii daily tinte 👍👍,0
biryani challaa healthy ga undie daily tinte right,0
pesarattu chaala healthy ga undie daily tinte 🙌,0
"nanna bike ki petrol laedu, naaku pocket money leduu, iddaru same team F",1
Prasad new share auto kinukkunnadu last month,0
Srinu library lo CN chadduvutunnadu,0
new flyover Tirupati lo ready avnu next month,0
water chaalaa taagadam health ki challaa avnu,0
morning chicken curry breakfast ki chesamu sure,0
"barber ki 'thoda trim' annanu — half head gone broo, lost in translation bruh",1
"nenu NTR movies chustanu, chaalaa undhi antey",0
"ammaaa WhatsApp status 'my son is my pride' pettindi, naa result vasindi — delete chesdu gg",1
morning roti breakfast ki chesamu,0
naa university ki walking distance lo undhi,0
Sekhar back bench lo undie kani first bencher kanna better marks — back lo wifi strong undii,1
"naa maths paper lo okkka question kadu telivindi, kani confident ga avunuu rasa — confidence bro not knowledge 💀",1
Bunny library lo chemistry chadduvutunnadu,0
"nenu chicken curry try chesanu first time, okay ga undie",0
networks prepare avvadam ki daily 2 hours chadduvukovadam avnu,0
exam lo Vikram pray chesadu 'God MCQ lo A avvani cheyydam' — specific prayer works bruh,1
Karimnagar lo water supply schedule change avunuu,0
"nenu pongal tinnanu, challa undie right",0
technology chaalaa fast ga change avutundi hmm,0
doctor avvadam chala kaashtam undhi kani worth it,0
"Warangal lo okaa seat dorikithe lucky day ani anukuntaa, destination vastundi ledhu 😭😭",1
nenu chemistry interesting undhi anti anukunta,0
weather today challa hot ga undhi Rajahmundry lo,0
upma chala healthy ga undy daily tinte 🙏,0
Vijayawada challaa develop avutundi last few years lo,0
biryani challa healthy ga undhi daily tinte,0
"ex vasindi message 'how are you' ani, nenu OS fail avutunna — great timing brooo bruh",1
networks nerchukovadam important undhi career ki,0
"'gym join chestanu' ani January 1 ki fee kattanu, January 5 ki forget avvunu — annual tradition bruh",1
Vikram Vijayawada lo relatives ni chusaadaniki chesadhu,0
nenu Vizag lo PhonePe use chesthu undi,0
state lo rainfall chaala undi this monsoon,0
morning vada breakfast ki chesamu cool,0
"ex vasindi message 'how are you' ani, nenu ML fail avutunna — great timing brow 😂",1
"babai cheppadu 'Surya ni chuso chaalaa undii' — Surya fail avvunu broh, different level inspiration",1
"babai cheppadu 'Chitti ni chuso challa undy' — Chitti fail avunuu bro, different level inspiration",1
"ATM ki poina, cash ledu, UPI try chesanu, network laedu — broke in every way finished",1
pongal chaalaa healthy ga undii daily tinte 🙌,0
mass movie antey Chiranjeevi dialogue ni Chitti WhatsApp status lo pettadu — feels undy broh,1
"propose chesanu, 'I think of you as a brother' annadi — ML result kanna worse shock finished",1
"Prasad Anu tho first date ki Nellore lo vada tinnaru, bill split chesadu — modern love lmao",1
"ammaaa 'oka doctor ni chadi, set avutav' antee, nenu still algorithms clear cheyyalekapotunna",1
"Lakshmi 'nuvvu change avvali' annadi, Yadav hairstyle change chesadu — nenu try chesanu broh 💀",1
"valentine's day ki Vikram alone undii, gongura rice order chesadu — self love era 🤣",1
Hyderabad lo water supply schedule change avunu,0
nenu algorithms interesting undii anti anukuntaa,0
"nanna bike ki petrol laedu, naaku pocket money laedu, iddaru same team 💔",1
"ATM ki poina, cash ledu, UPI try chesanu, network laedu — broke in every way gone case",1
group study sometimes helpful avvunu anukuntunna 🙏,0
government 'smart city' anti Rajahmundry lo bus ki roads leduu — very smart gg,1
"Instagram lo egg rice order chesanu, wrong item vasindii, hungry avnu tinna — hunger > ego haha",1
"diet start chesanu — gongura rice chusaka cancel avunuu, health is wealth food is life 😂",1
"amma cheppindi 'doctor avutav' ani, naa English marks chusaka 'compounder avvachu' ani update chesindi bruh",1
"Vijay Deverakonda movie review: 'logic edu' — fans: 'logic ante em brooo, emotion chuso' haha",1
"nenu Vijay Deverakonda movies chustanu, chaala undii antee",0
"villain 1000 cr spend chesadu plan ki, hero okkka punch lo finish — ROI zero 🤣",1
"Chiranjeevi movie lo villain challaa try chesadu, hero ki okkka scratch ledhu — plot armour max level 💀",1
Kurnool chala develop avutundi last few years lo,0
Chitti back bench lo undi kani first bencher kanna better marks — back lo wifi strong undhi bruh,1
"naaku sambar chaala ishtam, amma chesindi, vere sambar chesindi — betrayal",1
"nannaa 'maa time lo challa cheyyatam kashtapaddamu' antey, aatime lo chemistry ledhu broo — different struggle",1
DSA nerchukovadam important undy career ki 🙌,0
relationship status: chemistry tho brooo — at least it needs me 🤣,1
nenu OS interesting undie antee anukuntunna,0
Bhaskar library lo DSA chadduvutunnadu,0
naa library ki walking distance lo undhi,0
nenu Guntur lo GPay use chesthu undie,0
"today networks lab session undie, prepare avutunna 👍",0
ammaa: nuwu ekkado unnav? nenu: library lo. ammaa: mee college lo library ekado undie ra? caught gg,1
internships chaala important undii final year ki 🤔,0
"traffic lo Hyderabad lo okaa hour stuck, GPS '2 mins away' antu undi — GPS lying brow",1
Teja college lo physics class attend chesadhu right,0
"NTR movie lo villain chala try chesadu, hero ki okka scratch laedu — plot armour max level haha",1
auto wala 'meter ledu' antee 3x rate adugadu — Hyderabad experience 🤣,1
"valentine's day ki Vikram alone undi, pongal order chesadu — self love era 😂",1
engineer avvadam challaa kaashtam undii kani worth it,0
"Keerthi 'nuvvu change avvali' annadi, Vikram hairstyle change chesadu — nenu try chesanu broh 💀",1
"today CN lab session undy, prepare avutunna 🙏",0
Vikram new Splendor kinukkunnadu last month,0
"diet start chesanu — sambar chusaka cancel chesanu, health is wealth but food is life gg",1
"today English lab session undi, prepare avutunna 🙏",0
"naa DSA professor challa fast bro, notes ledu, brain edu, hope ledu, future laedu 😭",1
Vizag lo traffic problem address cheyyaali anti,0
"Rajesh Haritha ki good morning text chesadu daily, adi read avunuu reply laedu — read receipts cruelty brooo F",1
crush cheppindi 'we are just friends' ani — DSA fail kanna painful avunu broh,1
weather today challa hot ga undii Vijayawada lo,0
"Pawan Kalyan movie lo villain challa try chesadu, hero ki oka scratch leduu — plot armour max level",1
Karimnagar challa develop avutundi last few years lo,0
Srinu university lo English class attend chesdu,0
Mahesh new cycle kinukkunnadu last month 🙂,0
"nanna bike ki petrol edu, naaku pocket money laedu, iddaru same team 😭",1
"nenu pongal try chesanu first time, okay ga undhi 🙌",0
"Arjun broo exam ki prepare leduu, result vasthe 'paper tough undy' ani blame chesadu",1
"ATM ki poina, cash laedu, UPI try chesanu, network ledu — broke in every way 💔",1
relationship status: DSA tho brow — at least it needs me bruh,1
amma: nuvvuu ekada unnav? nenu: library lo. ammaaa: mee college lo library ekkada undie ra? caught,1
"Sravani 'nuvu chaala funny' annadi — comedy avunu ante undhi brooo, naaku telidhu still gg",1
"nenu gongura rice try chesanu first time, okay ga undhi",0
"Yadav assignment last minute chesadu, font 16, margins wide, 3 pages done — engineering genius 💀",1
Vikram library lo ML chadduvutunnadu,0
"diet start chesanu — chicken curry chusaka cancel avunuu, health is wealth food is life",1
"naa CN paper lo okkka question kaadhu telivindi, kani confident ga avunu rasa — confidence bro not knowledge",1
vegetables daily tinte immunity improve avnu,0
"ammaa dosa chesindi, nenu 'chaala undii' annanu — ledu, pure diplomacy brooo lmao",1
"diet start chesanu — gongura rice chusaka cancel avunu, health is wealth food is life 😭😭",1
"Priya 'nuvvu change avvali' annadi, Arjun hairstyle change chesadu — nenu try chesanu brow 😂",1
teacher avvadam chaala kaashtam undie kani worth it,0
"meeting lo mute avunuu matladanu, 5 mins tarvata telusindi — everyone saw broo bruh",1
relationship status: algorithms tho brow — at least it needs me,1
mass movie antee Allu Arjun dialogue ni Surya WhatsApp status lo pettadu — feels undhi bro,1
"Chiranjeevi movie review: 'logic ledu' — fans: 'logic ante em broh, emotion chuso' haha",1
"traffic lo Karimnagar lo okaa hour stuck, GPS '2 mins away' antu undhi — GPS lying brooo haha",1
Babai library lo DBMS chadduvutunnadu,0
"naa physics paper lo okaa question kaadhu telivindi, kani confident ga avunuu rasa — confidence bro not knowledge",1
"Prabhas dialogue Lucky hostel lo use chesadu, professor appreciate chesdu — cinema education bruh",1
Arjun DSA assignment complete chesdu yesterday,0
"ATM ki poina, cash edu, UPI try chesanu, network edu — broke in every way 💔",1
nenu CN interesting undhi antee anukuntunna,0
online learning convenient ga undhi anukunde,0
"naa life Allu Arjun movie la undie — interval ki twist, climax ki logic edu broh F",1
"hero bike stunt chesadu, Chitti try chesadu — bike undie, Chitti hospital lo undy gg",1
Bunny Tirupati lo relatives ni chusaadaniki chesdu,0
"ex vasindi message 'how are you' ani, nenu English fail avutunna — great timing brow",1
work from home easy ante — Prasad amma background lo chapati chesthu meeting lo,1
"Swathi 'nuvu chaala funny' annadi — comedy avvunu anti undy brow, naaku telidhu still 💀",1
"ammaaa gongura rice chesindi, nenu 'chaalaa undhi' annanu — laedu, pure diplomacy brooo",1
relationship status: chemistry tho broh — at least it needs me lmao,1
nenu OS interesting undi antee anukuntunna,0
"NTR movie review: 'logic ledhu' — fans: 'logic ante em bro, emotion chuso'",1
healthy ga undadam ki pesarattu tinate chaalaa undhi,0
weather today chala hot ga undi Tirupati lo,0
"naa physics marks chusaka okka nimisham silent ga undii, grief kadu brow — pure shock",1
morning pesarattu breakfast ki chesamu 👍,0
Sunday night 11 PM ki Monday ki prepare avvadam start chesanu — classic broh,1
work from home easy ante — Arjun ammaaa background lo biryani chesthu meeting lo gg,1
relationship status: OS tho broh — at least it needs me haha,1
"Zomato lo order chesanu '30 mins' anti — 2 hours lo vada vasindy, cold ga undie",1
"today English lab session undii, prepare avutunna",0
Hyderabad lo water supply schedule change avvunu,0
Prasad library lo CN class attend chesdu,0
Karimnagar lo traffic problem address cheyyaali antey,0
Arjun new bus kinukkunnadu last month sure,0
time management important undy students ki,0
nenu networks interesting undie antey anukuntaa,0
"today algorithms lab session undi, prepare avutunna right",0
"movie lo hero oka song lo 5 countries lo dance chesadu, nenu okaa Hyderabad bus stop daateri ledhu",1
"diet start chesanu — vada chusaka cancel chesanu, health is wealth but food is life 😂",1
Sai Guntur lo relatives ni chusaadaniki chesdu,0
"ammaaa sambar chesindi, nenu 'challaa undi' annanu — laedu, pure diplomacy brooo",1
"babai cheppadu 'Teja ni chuso chaala undy' — Teja fail avvunu brooo, different level inspiration 💀",1
chapati chala healthy ga undie daily tinte,0
Bhaskar exam hall lo CN class attend chesadu,0
new hospital Hyderabad lo open avutundi next month,0
mass movie ante Pawan Kalyan dialogue ni Lucky WhatsApp status lo pettadu — feels undie broo,1
auto wala 'meter laedu' antey 3x rate adugadu — Hyderabad experience 💀,1
"naa life Chiranjeevi movie la undie — interval ki twist, climax ki logic laedu broo 😭😭",1
college college lo algorithms class ledu today ante Surya amma ki call chesadu 'holiday' ani — smart move,1
"hero bike stunt chesadu, Srinu try chesadu — bike undi, Srinu hospital lo undii lmao",1
nenu Nellore lo YouTube use chesthu undie,0
"naa TOC paper lo okkka question kadu telivindi, kani confident ga avnu rasa — confidence bro not knowledge gg",1
Hyderabad lo new IT park build avutundi,0
auto wala 'meter edu' ante 3x rate adugadu — Hyderabad experience,1
"Kiran Deepika ki good morning text chesadu daily, adi read avunuu reply edu — read receipts cruelty brow",1
"Prabhas movie review: 'logic ledhu' — fans: 'logic ante em broo, emotion chuso' gg",1
"nenu idli tinnanu, challa undie",0
mass movie ante Pawan Kalyan dialogue ni Rajesh WhatsApp status lo pettadu — feels undi broh,1
"villain 1000 cr spend chesadu plan ki, hero okka punch lo finish — ROI zero lmao",1
Mahesh library lo ML chadduvutunnadu,0
resume lo ML skills mention cheyyadam important,0
electricity rates change avutunnai Warangal lo,0
Nellore lo water supply schedule change avnu,0
"ammaaa cooking chesthu undii, nenu help cheyyadam try chesanu — ammaa 'nuvvu poni chadduvuko' annadi lmao",1
Ramu Rajahmundry lo relatives ni chusaadaniki chesaadu,0
"Rajahmundry lo okkka seat dorikithe lucky day ani anukunde, destination vastundi ledhu",1
Kiran Kurnool lo relatives ni chusaadaniki chesaadu,0
chemistry nerchukovadam important undi career ki,0
"nanna 'maa time lo chala cheyydam kashtapaddamu' ante, aatime lo CN ledhu broo — different struggle",1
CN nerchukovadam important undhi career ki,0
"nenu Pawan Kalyan movies chustanu, chaalaa undi ante",0
"today DSA lab session undhi, prepare avutunna",0
Mahesh back bench lo undii kani first bencher kanna better marks — back lo wifi strong undi lol,1
"today maths lab session undhi, prepare avutunna",0
"Ramu university lo attendance leduu broh, but ammaa tho 'daily velthunna' antadu — technically ledu lol",1
"Bhaskar Suma ki 'hi' text chesadu, 3 days tarvata reply vasindi — chaala busy schedule undi",1
nenu DSA interesting undie ante anukunde,0
nenu Tirupati lo YouTube use chesthu undy,0
Sunday night 11 PM ki Monday ki prepare avvadam start chesanu — classic broo 🤣,1
"naa DSA paper lo okka question kaadu telivindi, kani confident ga avunuu rasa — confidence bro not knowledge",1
pilot avvadam challaa kaashtam undi kani worth it 👍👍,0
"amma 'oka doctor ni chadi, set avutav' antey, nenu still English clear cheyyalekapotunna rip",1
"Lucky Bhavana ki good morning text chesadu daily, adi read avvunu reply ledu — read receipts cruelty brow 😭😭",1
"Warangal lo okka seat dorikithe lucky day ani anukuntunna, destination vastundi ledhu 💀",1
chicken curry chala healthy ga undhi daily tinte 🙂,0
biryani chaala healthy ga undhi daily tinte 🙂,0
"naa networks professor chala fast broh, notes laedu, brain ledhu, hope laedu, future leduu",1
morning dosa breakfast ki chesamu cool,0
Suresh lab lo maths class attend chesaadu 🤔,0
"Mahesh Babu movie lo villain challaa try chesadu, hero ki okka scratch ledhu — plot armour max level",1
"naa wifi challaa fast undi — speed test lo matrame, actual lo ledhu broo lol",1
Naveen new RTC bus kinukkunnadu last month,0
Sunday night 11 PM ki Monday ki prepare avvadam start chesanu — classic brooo,1
amma: nuvvuu ekkada unnav? nenu: library lo. ammaaa: mee college lo library ekkadaa undie ra? caught lol,1
pesarattu challaa healthy ga undi daily tinte,0
CA avvadam chala kaashtam undi kani worth it,0
healthy ga undadam ki chicken curry tinate challa undie,0
"Srinu assignment last minute chesadu, font 16, margins wide, 3 pages done — engineering genius lol",1
Ramu exam hall lo DSA class attend chesdu,0
government 'smart city' ante Rajahmundry lo share auto ki roads edu — very smart,1
"valentine's day ki Mahesh alone undie, chicken curry order chesadu — self love era",1
regular exercise chala important undii health ki,0
mass movie ante Allu Arjun dialogue ni Venky WhatsApp status lo pettadu — feels undie bro,1
naa seminar hall ki walking distance lo undhi,0
"naa CN paper lo okaa question kaaduu telivindi, kani confident ga avunuu rasa — confidence bro not knowledge 💀",1
regular exercise challa important undi health ki,0
nenu physics interesting undhi anti anukuntaa,0
relationship status: TOC tho brooo — at least it needs me bruh,1
"hero bike stunt chesadu, Ravi try chesadu — bike undie, Ravi hospital lo undii 😭😭",1
"nannaa bike ki petrol laedu, naaku pocket money ledu, iddaru same team",1
"phone lo 1% battery, charger room lo undi, nenu hall lo undii — impossible distance",1
"nenu sambar try chesanu first time, okay ga undi cool",0
resume lo physics skills mention cheyyadam important,0
"today English lab session undie, prepare avutunna right",0
"Vijay Deverakonda okka punch lo 10 mandi ni edu chesadu, nenu oka algorithms paper clear cheyyalekapoyanu lol",1
"nenu sambar try chesanu first time, okay ga undhi",0
state lo rainfall chaala undhi this monsoon,0
group study sometimes helpful avunuu anukuntunna 🙏,0
OS nerchukovadam important undy career ki,0
CA avvadam chala kaashtam undie kani worth it 👍👍,0
"relatives adugutunnaru 'what are your plans' ani, nenu TOC pass avvadam plan broh — small goals lmao",1
mass movie anti Mahesh Babu dialogue ni Gopi WhatsApp status lo pettadu — feels undie brooo lmao,1
"amma 'oka CA ni chadi, set avutav' antey, nenu still algorithms clear cheyyalekapotunna",1
"Sekhar Kavya tho first date ki Rajahmundry lo dosa tinnaru, bill split chesadu — modern love",1
reading habit chaala useful undii long term lo 👍,0
"nenu gongura rice tinnanu, challaa undy hmm",0
"babai cheppadu 'Babai ni chuso challaa undi' — Babai fail avunu bro, different level inspiration 😂",1
"ex vasindi message 'how are you' ani, nenu CN fail avutunna — great timing brooo",1
"traffic lo Vizag lo okka hour stuck, GPS '2 mins away' antu undie — GPS lying broh 😂",1
healthy ga undadam ki sambar tinate challaa undy,0
"naa chemistry professor challaa fast brooo, notes ledu, brain laedu, hope ledhu, future leduu",1
"propose chesanu, 'I think of you as a brother' annadi — physics result kanna worse shock rip",1
group study sometimes helpful avvunu anukuntaa right,0
auto wala 'meter ledhu' antey 3x rate adugadu — Hyderabad experience 🤣,1
Sai new bike kinukkunnadu last month,0
weather today chaala hot ga undi Hyderabad lo,0
"YouTube lo order chesanu '30 mins' ante — 2 hours lo vada vasindhi, cold ga undii haha",1
"naa maths professor chala fast broo, notes leduu, brain leduu, hope ledu, future ledu 💔",1
electricity rates change avutunnai Tirupati lo,0
"diet start chesanu — vada chusaka cancel chesanu, health is wealth but food is life lmao",1
"nenu online class attend chesanu today, notes rasanu right",0
"Surya Indu tho first date ki Nellore lo idli tinnaru, bill split chesadu — modern love 💀",1
Lucky new share auto kinukkunnadu last month,0
"diet start chesanu — pesarattu chusaka cancel chesanu, health is wealth but food is life 🤣",1
"amma cheppindi 'doctor avutav' ani, naa DBMS marks chusaka 'compounder avvachu' ani update chesindi",1
"ammaa cheppindi 'doctor avutav' ani, naa maths marks chusaka 'compounder avvachu' ani update chesindi 🤣",1
Kurnool lo traffic problem address cheyyaali anti,0
"Allu Arjun movie lo villain challaa try chesadu, hero ki oka scratch leduu — plot armour max level bruh",1
naa placement cell ki walking distance lo undie,0
Rajesh new bus kinukkunnadu last month,0
"Balayya dialogue Chitti placement cell lo use chesadu, professor appreciate chesdu — cinema education",1
healthy ga undadam ki chicken curry tinate challaa undii,0
nenu Nellore lo YouTube use chesthu undhi,0
work from home easy ante — Babai ammaaa background lo idli chesthu meeting lo,1
exam lo Mahesh pray chesadu 'God MCQ lo A avvani cheyyadham' — specific prayer works bruh,1
"placement cell lo HR adugadu 'where do you see yourself in 5 years', Mahesh 'sleeping' annadu — honest answer 😂",1
Warangal lo traffic problem address cheyyaali antey,0
nenu OS interesting undy antee anukunde,0
"naa DBMS professor chaala fast broo, notes edu, brain laedu, hope ledu, future ledu",1
"meeting lo mute avnu matladanu, 5 mins tarvata telusindi — everyone saw brooo",1
networks prepare avvadam ki daily 2 hours chadduvukovadam avunuu,0
vegetables daily tinte immunity improve avvunu,0
healthy ga undadam ki egg rice tinate challaa undhi,0
"ex vasindi message 'how are you' ani, nenu algorithms fail avutunna — great timing broo gg",1
"Chiranjeevi okka punch lo 10 mandi ni ledu chesadu, nenu oka networks paper clear cheyyalekapoyanu 💀",1
"nenu vada tinnanu, challa undie",0
"naa CN marks chusaka oka nimisham silent ga undii, grief kadu broo — pure shock",1
"naa wifi chala fast undii — speed test lo matrame, actual lo laedu broo bruh",1
nenu today Guntur ki RTC bus lo vellanu 👍👍,0
"nenu sambar tinnanu, chala undi",0
"nenu vada tinnanu, chaala undy",0
Bhaskar library lo OS chadduvutunnadu,0
Chitti library lo maths chadduvutunnadu,0
reading habit chaala useful undi long term lo,0
"nenu Mahesh Babu movies chustanu, chala undhi ante",0
"amma vada chesindi, nenu 'challaa undii' annanu — leduu, pure diplomacy broo",1
internships chaala important undi final year ki 🤔,0
regular exercise challa important undhi health ki,0
"amma cooking chesthu undi, nenu help cheyyadam try chesanu — amma 'nuvvu poni chadduvuko' annadi 🤣",1
"Guntur lo okkka seat dorikithe lucky day ani anukunde, destination vastundi ledu",1
CN nerchukovadam important undii career ki,0
"naa OS paper lo okka question kaadu telivindi, kani confident ga avunuu rasa — confidence bro not knowledge",1
Suresh ML assignment complete chesadhu yesterday,0
"nenu chicken curry tinnanu, challaa undhi",0
"Babai Anu tho first date ki Vizag lo sambar tinnaru, bill split chesadu — modern love",1
"ammaa cheppindi 'doctor avutav' ani, naa chemistry marks chusaka 'compounder avvachu' ani update chesindi",1
"nenu chicken curry tinnanu, chaala undhi",0
"nenu idli try chesanu first time, okay ga undii",0
"Suresh Swathi ki good morning text chesadu daily, adi read avunuu reply leduu — read receipts cruelty brooo F",1
"Ramu Jyothi tho first date ki Kurnool lo roti tinnaru, bill split chesadu — modern love 😂",1
"naa OS paper lo okka question kadu telivindi, kani confident ga avvunu rasa — confidence bro not knowledge",1
"Prabhas movie review: 'logic ledhu' — fans: 'logic ante em brooo, emotion chuso' lol",1
Rajesh physics assignment complete chesdu yesterday,0
internships chala important undhi final year ki,0
"nenu gongura rice try chesanu first time, okay ga undy",0
"WhatsApp lo idli order chesanu, wrong item vasindii, hungry avunuu tinna — hunger > ego gg",1
"hero bike stunt chesadu, Surya try chesadu — bike undi, Surya hospital lo undi lol",1
reading habit challa useful undhi long term lo sure,0
"Swiggy lo sambar order chesanu, wrong item vasindy, hungry avvunu tinna — hunger > ego 😭😭",1
"naa life Allu Arjun movie la undie — interval ki twist, climax ki logic ledhu brooo",1
"nenu gongura rice tinnanu, chaalaa undy 🙌",0
"nenu vada tinnanu, chaalaa undhi 🙌",0
"placement cell lo HR adugadu 'where do you see yourself in 5 years', Babai 'sleeping' annadu — honest answer 😂",1
healthy ga undadam ki chapati tinate challaa undy,0
"naa wifi challaa fast undhi — speed test lo matrame, actual lo ledu brooo",1
mass movie antee Vijay Deverakonda dialogue ni Arjun WhatsApp status lo pettadu — feels undy broh,1
"today chemistry lab session undi, prepare avutunna 🙏",0
Nellore lo water supply schedule change avunuu,0
"ex vasindi message 'how are you' ani, nenu chemistry fail avutunna — great timing brooo",1
"naa life Chiranjeevi movie la undhi — interval ki twist, climax ki logic laedu broo 😭😭",1
"'gym join chestanu' ani January 1 ki fee kattanu, January 5 ki forget avnu — annual tradition haha",1
reading habit chaala useful undhi long term lo,0
college hostel lo chemistry class edu today antey Naveen amma ki call chesadu 'holiday' ani — smart move 💀,1
"movie lo hero okkka song lo 5 countries lo dance chesadu, nenu okaa Vizag bus stop daateri laedu 😭😭",1
exam lo Babai pray chesadu 'God MCQ lo A avvani cheyydam' — specific prayer works 😭😭,1
new flyover Vizag lo ready avnu next month,0
nenu Kurnool lo GPay use chesthu undi,0
"today algorithms lab session undhi, prepare avutunna cool",0
"Warangal lo okka seat dorikithe lucky day ani anukunde, destination vastundi leduu 😂",1
"meeting lo mute avvunu matladanu, 5 mins tarvata telusindi — everyone saw broh",1
Babai Vizag lo relatives ni chusaadaniki chesdu,0
"nenu online class attend chesanu today, notes rasanu hmm",0
"naa chemistry professor chaala fast broo, notes leduu, brain leduu, hope edu, future laedu 😭😭",1
mass movie antey Mahesh Babu dialogue ni Bhaskar WhatsApp status lo pettadu — feels undi broh,1
professor 'open book exam' anti Gopi library motham bag lo pettukochadu lmao,1
biryani chaalaa healthy ga undie daily tinte 🙌,0
"Suma 'nuvvu challa funny' annadi — comedy avvunu antey undy broo, naaku telidhu still 💀",1
"Pawan Kalyan movie lo villain chaalaa try chesadu, hero ki oka scratch laedu — plot armour max level 😭😭",1
Sekhar TOC assignment complete chesdu yesterday,0
Kiran canteen lo CN class attend chesdu sure,0
auto wala 'meter ledhu' anti 3x rate adugadu — Hyderabad experience,1
petrol prices change avvunu this week,0
"nenu chicken curry tinnanu, challa undie",0
mass movie antee NTR dialogue ni Teja WhatsApp status lo pettadu — feels undhi broo,1
"villain 1000 cr spend chesadu plan ki, hero okkka punch lo finish — ROI zero",1
IAS officer avvadam challaa kaashtam undy kani worth it,0
"Ramu Haritha ki good morning text chesadu daily, adi read avvunu reply leduu — read receipts cruelty bro 💔",1
"naa wifi challaa fast undii — speed test lo matrame, actual lo laedu brow haha",1
"diet start chesanu — roti chusaka cancel avvunu, health is wealth food is life",1
"Sekhar broh exam ki prepare laedu, result vasthe 'paper tough undie' ani blame chesadu haha",1
nanna smartphone istE WhatsApp lo naa result forward chesadu relatives ki — thanks nanna,1
"ex vasindi message 'how are you' ani, nenu ML fail avutunna — great timing brooo",1
Guntur lo water supply schedule change avvunu,0
nanna smartphone istE WhatsApp lo naa result forward chesadu relatives ki — thanks nannaa,1
Warangal chaalaa develop avutundi last few years lo,0
"Prabhas movie review: 'logic ledu' — fans: 'logic ante em brooo, emotion chuso' 😭😭",1
"naa maths marks chusaka okkka nimisham silent ga undi, grief kadu brooo — pure shock",1
"Arjun Sravani ki 'hi' text chesadu, 3 days tarvata reply vasindi — challa busy schedule undhi",1
Gopi new auto kinukkunnadu last month,0
"diet start chesanu — pesarattu chusaka cancel chesanu, health is wealth but food is life haha",1
weather today chaalaa hot ga undhi Nellore lo,0
"naa OS professor challaa fast brow, notes ledu, brain ledu, hope edu, future edu",1
"nenu pesarattu tinnanu, challa undy",0
Kiran Vijayawada lo relatives ni chusaadaniki chesadu,0
"valentine's day ki Mahesh alone undi, idli order chesadu — self love era 😭😭",1
crush cheppindi 'we are just friends' ani — English fail kanna painful avunuu broh finished,1
Chitti Vijayawada lo relatives ni chusaadaniki chesadu,0
"NTR movie review: 'logic leduu' — fans: 'logic ante em brooo, emotion chuso'",1
"Sekhar Priya ki good morning text chesadu daily, adi read avunuu reply leduu — read receipts cruelty broh gone case",1
"nanaa bike ki petrol leduu, naaku pocket money leduu, iddaru same team gone case",1
"placement cell lo HR adugadu 'where do you see yourself in 5 years', Bhaskar 'sleeping' annadu — honest answer 😭😭",1
"villain 1000 cr spend chesadu plan ki, hero okka punch lo finish — ROI zero",1
"phone lo 1% battery, charger room lo undie, nenu hall lo undy — impossible distance",1
new flyover Nellore lo ready avunu next month,0
"Sekhar assignment last minute chesadu, font 16, margins wide, 3 pages done — engineering genius 💀",1
group study sometimes helpful avunuu anukuntunna 🙂,0
"hero bike stunt chesadu, Surya try chesadu — bike undi, Surya hospital lo undie",1
amma: nuvu ekkadaa unnav? nenu: library lo. ammaa: mee college lo library ekkado undie ra? caught 😂,1
"traffic lo Vijayawada lo okaa hour stuck, GPS '2 mins away' antu undy — GPS lying broh",1
nenu TOC interesting undii antey anukuntaa,0
mass movie antey Mahesh Babu dialogue ni Bhaskar WhatsApp status lo pettadu — feels undhi broo 🤣,1
interview ki formal dress wear cheyyadam better undie,0
"internals lo Yadav ki 9/30 vasthe 'grace marks' antadu, grace means 9 ye broo 😂",1
group study sometimes helpful avvunu anukunde 👍,0
"nenu Prabhas movies chustanu, chala undi antee",0
"nenu pongal tinnanu, chaalaa undii",0
"Chiranjeevi movie lo villain chaala try chesadu, hero ki okaa scratch ledhu — plot armour max level",1
"amma WhatsApp status 'my son is my pride' pettindi, naa result vasindhi — delete chesdu 💀",1
"nenu NTR movies chustanu, chaala undi anti",0
Karimnagar lo traffic problem address cheyyaali anti,0
"Ramu hostel lo attendance ledhu bro, but ammaa tho 'daily velthunna' antadu — technically ledu haha",1
group study sometimes helpful avvunu anukunta sure,0
Ravi new Activa kinukkunnadu last month,0
"barber ki 'thoda trim' annanu — half head gone broo, lost in translation gg",1
"ammaaa cooking chesthu undii, nenu help cheyyadam try chesanu — amma 'nuvvu poni chadduvuko' annadi bruh",1
"internals lo Naidu ki 9/30 vasthe 'grace marks' antadu, grace means 9 ye brow lol",1
Warangal challa develop avutundi last few years lo,0
mass movie antee Chiranjeevi dialogue ni Naveen WhatsApp status lo pettadu — feels undii broh bruh,1
nenu Warangal lo Hotstar use chesthu undhi,0
"Kiran Suma ki good morning text chesadu daily, adi read avunu reply laedu — read receipts cruelty brooo",1
upma challa healthy ga undi daily tinte,0
"ammaaa 'oka doctor ni chadi, set avutav' antee, nenu still DBMS clear cheyyalekapotunna",1
"alarm 5 AM ki pettanu 'productive avutanu' ani, snooze chesanu 6 times — productivity achieved 💀",1
nenu networks interesting undy ante anukunta,0
"alarm 5 AM ki pettanu 'productive avutanu' ani, snooze chesanu 6 times — productivity achieved 😭😭",1
amma: nuwu ekkado unnav? nenu: library lo. ammaaa: mee college lo library ekkadaa undie ra? caught 😭😭,1
"Hyderabad lo okaa seat dorikithe lucky day ani anukuntunna, destination vastundi leduu haha",1
"Chitti library lo attendance ledhu broo, but ammaaa tho 'daily velthunna' antadu — technically edu gg",1
"amma cheppindi 'doctor avutav' ani, naa TOC marks chusaka 'compounder avvachu' ani update chesindi bruh",1
work from home easy ante — Srinu ammaaa background lo gongura rice chesthu meeting lo gg,1
"babai cheppadu 'Nani ni chuso challaa undy' — Nani fail avvunu broh, different level inspiration",1
"amma cooking chesthu undy, nenu help cheyyadam try chesanu — amma 'nuvvu poni chadduvuko' annadi",1
"today DSA lab session undi, prepare avutunna",0
Nani library lo English chadduvutunnadu,0
"hero bike stunt chesadu, Surya try chesadu — bike undii, Surya hospital lo undhi 💀",1
regular exercise chaalaa important undie health ki,0
"Prabhas dialogue Naveen hostel lo use chesadu, professor appreciate chesdu — cinema education lmao",1
"naa life NTR movie la undi — interval ki twist, climax ki logic leduu bro 😭",1
"Nellore lo okka seat dorikithe lucky day ani anukunde, destination vastundi ledu",1
ammaaa: nuvu ekkado unnav? nenu: library lo. amma: mee college lo library ekkadaa undi ra? caught bruh,1
DSA prepare avvadam ki daily 2 hours chadduvukovadam avunu,0
Ravi OS assignment complete chesaadu yesterday,0
"internals lo Prasad ki 9/30 vasthe 'grace marks' antadu, grace means 9 ye broh 😭😭",1
Bhaskar new Splendor kinukkunnadu last month right,0
nenu Guntur lo Zomato use chesthu undii,0
"Karimnagar lo oka seat dorikithe lucky day ani anukuntaa, destination vastundi leduu gg",1
"amma pesarattu chesindi, nenu 'chaala undi' annanu — edu, pure diplomacy bro",1
"Indu 'nuwu chaalaa funny' annadi — comedy avnu antey undy brow, naaku telidhu still 😂",1
"naa OS paper lo okaa question kaaduu telivindi, kani confident ga avunu rasa — confidence bro not knowledge lmao",1
"Chitti Kavya ki good morning text chesadu daily, adi read avunuu reply leduu — read receipts cruelty broo F",1
nanna smartphone istE WhatsApp lo naa result forward chesadu relatives ki — thanks nanaa finished,1
"Rajahmundry lo okka seat dorikithe lucky day ani anukunde, destination vastundi edu lmao",1
nenu today Kurnool ki bus lo vellanu,0
"ex vasindi message 'how are you' ani, nenu English fail avutunna — great timing broo 😭😭",1
weather today challa hot ga undy Nellore lo,0
"nenu dosa tinnanu, challaa undi",0
pilot avvadam chala kaashtam undi kani worth it,0
"nenu Allu Arjun movies chustanu, chaalaa undy ante",0
"relatives adugutunnaru 'what are your plans' ani, nenu ML pass avvadam plan bro — small goals",1
"naa OS marks chusaka okaa nimisham silent ga undhi, grief kaaduu brow — pure shock",1
"hero bike stunt chesadu, Kiran try chesadu — bike undi, Kiran hospital lo undie gg",1
"amma cooking chesthu undy, nenu help cheyyadam try chesanu — ammaaa 'nuvvu poni chadduvuko' annadi gg",1
"naa wifi challa fast undii — speed test lo matrame, actual lo laedu brooo",1
"amma biryani chesindi, nenu 'challa undhi' annanu — edu, pure diplomacy bro 😂",1
"naa life Balayya movie la undy — interval ki twist, climax ki logic ledu brow rip",1
"Gopi Sravani ki good morning text chesadu daily, adi read avvunu reply edu — read receipts cruelty brow 😭😭",1
internships chaalaa important undy final year ki right,0
"nenu roti tinnanu, chaalaa undhi 🤔",0
nenu today Karimnagar ki share auto lo vellanu,0
crush cheppindi 'we are just friends' ani — CN fail kanna painful avnu broo,1
"nenu Allu Arjun movies chustanu, challa undy antey",0
"nenu chicken curry try chesanu first time, okay ga undi",0
reading habit chaala useful undii long term lo,0
"nenu Prabhas movies chustanu, chaalaa undhi antey",0
"traffic lo Warangal lo okka hour stuck, GPS '2 mins away' antu undie — GPS lying bro lmao",1
Prasad college lo maths class attend chesdu,0
"Prabhas oka punch lo 10 mandi ni ledu chesadu, nenu okka chemistry paper clear cheyyalekapoyanu bruh",1
data scientist avvadam challaa kaashtam undy kani worth it,0
mass movie ante Balayya dialogue ni Kiran WhatsApp status lo pettadu — feels undii bro,1
"amma cooking chesthu undi, nenu help cheyyadam try chesanu — amma 'nuvvu poni chadduvuko' annadi lmao",1
"traffic lo Rajahmundry lo okkka hour stuck, GPS '2 mins away' antu undi — GPS lying broh 💀",1
Vijayawada chala develop avutundi last few years lo,0
"GPay lo gongura rice order chesanu, wrong item vasindy, hungry avunu tinna — hunger > ego",1
maths nerchukovadam important undhi career ki,0
"diet start chesanu — upma chusaka cancel chesanu, health is wealth but food is life gg",1
morning pongal breakfast ki chesamu 🙌,0
"interview ki 'punctual ga veltanu' annanu, 10 mins late avvunu — traffic blame chesanu obviously 😂",1
technology chaala fast ga change avutundi ok,0
Sai new share auto kinukkunnadu last month,0
university exams postpone chesaru this semester,0
data scientist avvadam chala kaashtam undi kani worth it 🤔,0
healthy ga undadam ki roti tinate chala undie,0
"naa CN paper lo okaa question kaadu telivindi, kani confident ga avvunu rasa — confidence bro not knowledge 😂",1
ML nerchukovadam important undhi career ki 👍👍,0
"traffic lo Vizag lo okaa hour stuck, GPS '2 mins away' antu undii — GPS lying bro haha",1
crush cheppindi 'we are just friends' ani — networks fail kanna painful avunuu broh gone case,1
"phone lo 1% battery, charger room lo undhi, nenu hall lo undi — impossible distance",1
resume lo DSA skills mention cheyyadam important,0
technology challa fast ga change avutundi,0
"today maths lab session undii, prepare avutunna",0
"nanaa 'maa time lo chala cheyydam kashtapaddamu' antee, aatime lo DSA ledhu brooo — different struggle",1
"ammaa cheppindi 'doctor avutav' ani, naa OS marks chusaka 'compounder avvachu' ani update chesindi",1
group study sometimes helpful avunuu anukunde right,0
Rajesh new RTC bus kinukkunnadu last month,0
"ammaa WhatsApp status 'my son is my pride' pettindi, naa result vasindii — delete chesadhu lmao",1
weather today chaalaa hot ga undii Rajahmundry lo,0
"Chiranjeevi movie review: 'logic ledhu' — fans: 'logic ante em bro, emotion chuso' lol",1
nenu networks interesting undy ante anukunde,0
regular exercise challaa important undhi health ki 🙏,0
Ravi physics assignment complete chesdu yesterday,0
ML nerchukovadam important undi career ki,0
"Surya Kavya ki 'hi' text chesadu, 3 days tarvata reply vasindi — challaa busy schedule undhi",1
Babai Vizag lo relatives ni chusaadaniki chesadhu,0
"diet start chesanu — sambar chusaka cancel avvunu, health is wealth food is life",1
"Chitti assignment last minute chesadu, font 16, margins wide, 3 pages done — engineering genius lol",1
"movie lo hero okaa song lo 5 countries lo dance chesadu, nenu oka Warangal bus stop daateri laedu",1
Vizag lo water supply schedule change avunu,0
"diet start chesanu — chicken curry chusaka cancel avnu, health is wealth food is life 🤣",1
"exam ki notes miss avvadam kaaduu, important undy",0
"Ramu Haritha ki 'hi' text chesadu, 3 days tarvata reply vasindi — chaala busy schedule undie",1
"WhatsApp lo biryani order chesanu, wrong item vasindi, hungry avunu tinna — hunger > ego 😂",1
"Surya bro exam ki prepare laedu, result vasthe 'paper tough undy' ani blame chesadu haha",1
auto wala 'meter ledu' ante 3x rate adugadu — Hyderabad experience gg,1
regular exercise challa important undii health ki 👍,0
"valentine's day ki Yadav alone undhi, upma order chesadu — self love era haha",1
"challa thanks broo, nuwu help chesav — problem chaala worse avvunu now 🤣",1
"ATM ki poina, cash leduu, UPI try chesanu, network ledu — broke in every way 😭😭",1
Vijayawada lo new IT park build avutundi,0
group study sometimes helpful avunuu anukunde sure,0
"ATM ki poina, cash edu, UPI try chesanu, network ledu — broke in every way 😭",1
"placement cell lo HR adugadu 'where do you see yourself in 5 years', Vikram 'sleeping' annadu — honest answer",1
Rajesh new share auto kinukkunnadu last month sure,0
engineer avvadam chaala kaashtam undy kani worth it,0
"morning 6 ki alarm, snooze, 7 ki alarm, snooze, 9 ki ammaa voice — most effective alarm 🤣",1
algorithms nerchukovadam important undii career ki right,0
"Allu Arjun movie lo villain challaa try chesadu, hero ki oka scratch edu — plot armour max level",1
"Naveen Kavya ki good morning text chesadu daily, adi read avunu reply edu — read receipts cruelty brooo",1
nenu Karimnagar lo Instagram use chesthu undhi,0
technology chaala fast ga change avutundi 👍,0
"naa DBMS marks chusaka okka nimisham silent ga undhi, grief kaadu bro — pure shock",1
"challa thanks broh, nuwu help chesav — problem chaala worse avvunu now lmao",1
Hyderabad lo water supply schedule change avunuu,0
government 'smart city' ante Rajahmundry lo share auto ki roads leduu — very smart 😂,1
crush cheppindi 'we are just friends' ani — OS fail kanna painful avunuu broh,1
"chaalaa thanks brow, nuvvuu help chesav — problem chaalaa worse avvunu now",1
crush cheppindi 'we are just friends' ani — maths fail kanna painful avunuu broo 💔,1
"PhonePe lo vada order chesanu, wrong item vasindii, hungry avunuu tinna — hunger > ego",1
internships challaa important undi final year ki 👍,0
"NTR movie lo villain challaa try chesadu, hero ki okaa scratch ledu — plot armour max level lol",1
"naa CN marks chusaka okaa nimisham silent ga undie, grief kadu broo — pure shock",1
Teja library lo algorithms chadduvutunnadu,0
"nanna 'maa time lo chala cheyyatam kashtapaddamu' ante, aatime lo English leduu bro — different struggle",1
"internals lo Bunny ki 9/30 vasthe 'grace marks' antadu, grace means 9 ye broh bruh",1
internships chaala important undi final year ki,0
"Balayya movie review: 'logic ledu' — fans: 'logic ante em bro, emotion chuso'",1
Chitti seminar hall lo DBMS class attend chesadhu cool,0
"nenu egg rice try chesanu first time, okay ga undhi",0
Venky algorithms assignment complete chesdu yesterday,0
egg rice challaa healthy ga undy daily tinte 🙌,0
"internals lo Bunny ki 9/30 vasthe 'grace marks' antadu, grace means 9 ye broh 😂",1
nenu maths interesting undii ante anukuntaa,0
reading habit chaalaa useful undie long term lo ok,0
water chaala taagadam health ki chaala avunu,0
"naa phone new update vasindi, install chesanu right",0
"interview ki 'punctual ga veltanu' annanu, 10 mins late avnu — traffic blame chesanu obviously",1
time management important undi students ki,0
nenu today Rajahmundry ki Splendor lo vellanu,0
technology chaala fast ga change avutundi cool,0
"traffic lo Rajahmundry lo oka hour stuck, GPS '2 mins away' antu undii — GPS lying brooo bruh",1
"ex vasindi message 'how are you' ani, nenu networks fail avutunna — great timing bro 💀",1
"nenu chicken curry tinnanu, challa undy",0
regular exercise chaala important undhi health ki 🙌,0
"diet start chesanu — egg rice chusaka cancel avunuu, health is wealth food is life gg",1
nenu Hyderabad lo Zomato use chesthu undii,0
Vizag lo water supply schedule change avunuu,0
"Rajahmundry lo okkka seat dorikithe lucky day ani anukunde, destination vastundi leduu bruh",1
morning biryani breakfast ki chesamu cool,0
online learning convenient ga undhi anukuntaa,0
"nenu sambar try chesanu first time, okay ga undie 🤔",0
relationship status: TOC tho bro — at least it needs me 🤣,1
bus timings change chesaru Warangal lo recently,0
exam lo Arjun pray chesadu 'God MCQ lo A avvani cheyyadham' — specific prayer works,1
"Prabhas dialogue Suresh lab lo use chesadu, professor appreciate chesdu — cinema education",1
"placement cell lo HR adugadu 'where do you see yourself in 5 years', Bunny 'sleeping' annadu — honest answer 🤣",1
"exam ki notes miss avvadam kaaduu, important undii",0
"nenu Chiranjeevi movies chustanu, challaa undy antey",0
"nenu Chiranjeevi movies chustanu, chaalaa undhi ante",0
"naaku dosa chaala ishtam, ammaa chesindi, vere dosa chesindi — betrayal",1
"Sekhar Lakshmi tho first date ki Guntur lo sambar tinnaru, bill split chesadu — modern love bruh",1
"naa DBMS professor challa fast broh, notes edu, brain edu, hope edu, future edu rip",1
"nanaa bike ki petrol ledu, naaku pocket money edu, iddaru same team",1
nenu CN interesting undie antey anukuntunna,0
nenu today Rajahmundry ki bus lo vellanu,0
Karimnagar challaa develop avutundi last few years lo,0
resume lo maths skills mention cheyyadam important,0
"Hotstar lo order chesanu '30 mins' antee — 2 hours lo pesarattu vasindhi, cold ga undii",1
morning vada breakfast ki chesamu 👍👍,0
Vikram mess lo physics class attend chesaadu,0
mass movie anti NTR dialogue ni Surya WhatsApp status lo pettadu — feels undy broo 😂,1
Arjun placement cell lo networks class attend chesadhu,0
Vikram library lo English chadduvutunnadu,0
"internals lo Gopi ki 9/30 vasthe 'grace marks' antadu, grace means 9 ye broo gg",1
internships chaalaa important undhi final year ki ok,0
nenu English interesting undy anti anukunde,0
"nenu pesarattu try chesanu first time, okay ga undy 👍",0
"naa DSA marks chusaka okka nimisham silent ga undii, grief kaadhu bro — pure shock",1
mass movie ante Prabhas dialogue ni Naidu WhatsApp status lo pettadu — feels undi brooo lol,1
morning dosa breakfast ki chesamu 🙂,0
"propose chesanu, 'I think of you as a brother' annadi — maths result kanna worse shock",1
"propose chesanu, 'I think of you as a brother' annadi — DSA result kanna worse shock F",1
mass movie anti NTR dialogue ni Babai WhatsApp status lo pettadu — feels undi brow,1
"ATM ki poina, cash leduu, UPI try chesanu, network laedu — broke in every way finished",1
"PhonePe lo order chesanu '30 mins' antey — 2 hours lo gongura rice vasindhi, cold ga undie",1
Srinu library lo maths chadduvutunnadu,0
"Swiggy lo vada order chesanu, wrong item vasindhi, hungry avunu tinna — hunger > ego bruh",1
government 'smart city' antee Tirupati lo cycle ki roads ledhu — very smart,1
nanaa smartphone istE WhatsApp lo naa result forward chesadu relatives ki — thanks nanna 💔,1
"today DSA lab session undy, prepare avutunna 🙌",0
water challa taagadam health ki challa avnu,0
morning pongal breakfast ki chesamu 👍,0
Mahesh Vizag lo relatives ni chusaadaniki chesadhu,0
nenu Guntur lo PhonePe use chesthu undie,0
relationship status: DSA tho broo — at least it needs me 🤣,1
morning pesarattu breakfast ki chesamu sure,0
nenu networks interesting undii ante anukunde,0
ammaa: nuvvuu ekkado unnav? nenu: library lo. amma: mee college lo library ekada undie ra? caught haha,1
Bunny networks assignment complete chesadhu yesterday,0
Lucky new auto kinukkunnadu last month,0
government 'smart city' ante Vizag lo Activa ki roads ledhu — very smart 💀,1
chapati challa healthy ga undii daily tinte,0
Sunday night 11 PM ki Monday ki prepare avvadam start chesanu — classic brooo lol,1
"chala thanks brooo, nuvu help chesav — problem chaalaa worse avunuu now",1
ML prepare avvadam ki daily 2 hours chadduvukovadam avunu,0
group study sometimes helpful avunuu anukunta 🙂,0
professor 'open book exam' antee Naveen library motham bag lo pettukochadu 😂,1
Srinu exam hall lo CN class attend chesadu right,0
"Zomato lo order chesanu '30 mins' anti — 2 hours lo pongal vasindii, cold ga undhi",1
"barber ki 'thoda trim' annanu — half head gone broh, lost in translation bruh",1
nenu TOC interesting undy antee anukuntunna,0
"Chiranjeevi movie lo villain chala try chesadu, hero ki okkka scratch laedu — plot armour max level bruh",1
"naaku dosa challaa ishtam, ammaa chesindi, vere dosa chesindi — betrayal lol",1
"Vijayawada lo okkka seat dorikithe lucky day ani anukuntaa, destination vastundi ledhu gg",1
"today ML lab session undii, prepare avutunna sure",0
group study sometimes helpful avnu anukunta,0
healthy ga undadam ki biryani tinate challa undie,0
chemistry nerchukovadam important undie career ki,0
"Allu Arjun movie review: 'logic ledu' — fans: 'logic ante em bro, emotion chuso'",1
"diet start chesanu — chapati chusaka cancel avunuu, health is wealth food is life",1
"naa English professor chaala fast bro, notes ledu, brain ledhu, hope leduu, future ledu 😭😭",1
nenu Hyderabad lo Swiggy use chesthu undy,0
bike maintain cheyyadaniki regular service important undy,0
"ammaa cooking chesthu undie, nenu help cheyyadam try chesanu — ammaa 'nuvvu poni chadduvuko' annadi 🤣",1
group study sometimes helpful avunu anukuntunna hmm,0
chemistry nerchukovadam important undie career ki 🙌,0
"exam ki notes miss avvadam kaadhu, important undhi",0
"naa life Allu Arjun movie la undii — interval ki twist, climax ki logic ledhu brooo gone case",1
OS nerchukovadam important undie career ki,0
work from home easy antee — Babai amma background lo chicken curry chesthu meeting lo,1
"Allu Arjun movie review: 'logic leduu' — fans: 'logic ante em bro, emotion chuso'",1
"chaala thanks broh, nuvvuu help chesav — problem chala worse avvunu now",1
"Pawan Kalyan movie review: 'logic edu' — fans: 'logic ante em brooo, emotion chuso' 💀",1
"Prabhas oka punch lo 10 mandi ni ledhu chesadu, nenu okkka English paper clear cheyyalekapoyanu lmao",1
"Sai placement cell lo attendance edu brow, but amma tho 'daily velthunna' antadu — technically laedu gg",1
weather today challa hot ga undi Nellore lo,0
state lo rainfall challa undie this monsoon,0
internships chaalaa important undii final year ki 👍,0
technology chala fast ga change avutundi hmm,0
Warangal chala develop avutundi last few years lo,0
"Chiranjeevi dialogue Venky university lo use chesadu, professor appreciate chesaadu — cinema education 🤣",1
"amma WhatsApp status 'my son is my pride' pettindi, naa result vasindy — delete chesaadu lmao",1
reading habit challaa useful undi long term lo,0
"nenu biryani try chesanu first time, okay ga undie 🙂",0
water challa taagadam health ki chaala avunu,0
"babai cheppadu 'Sai ni chuso challaa undhi' — Sai fail avunu broo, different level inspiration",1
"today DSA lab session undhi, prepare avutunna ok",0
Bhaskar new RTC bus kinukkunnadu last month,0
"traffic lo Tirupati lo okkka hour stuck, GPS '2 mins away' antu undy — GPS lying broo",1
"Pawan Kalyan movie lo villain chaalaa try chesadu, hero ki okkka scratch edu — plot armour max level 💀",1
"online class lo professor 'unmute avvandi' anti — 50 fans, 10 dogs, 5 ammaaa voices",1
"nenu roti tinnanu, challaa undie sure",0
Prasad library lo DBMS chadduvutunnadu,0
"'gym join chestanu' ani January 1 ki fee kattanu, January 5 ki forget avnu — annual tradition lmao",1
"movie ticket 500 rs, popcorn 300 rs, hero shirtless scene — priceless, worth it",1
"babai cheppadu 'Naidu ni chuso challaa undy' — Naidu fail avunuu broo, different level inspiration 😂",1
"today CN lab session undhi, prepare avutunna",0
Kiran library lo algorithms chadduvutunnadu,0
"naa wifi chaalaa fast undi — speed test lo matrame, actual lo edu bro bruh",1
healthy ga undadam ki pesarattu tinate chaalaa undi,0
"phone lo 1% battery, charger room lo undy, nenu hall lo undii — impossible distance",1
"Swiggy lo order chesanu '30 mins' anti — 2 hours lo chapati vasindi, cold ga undhi",1
"Babai lab lo attendance laedu broo, but ammaaa tho 'daily velthunna' antadu — technically edu lol",1
"nenu Prabhas movies chustanu, chaalaa undi antey",0
"nanaa bike ki petrol leduu, naaku pocket money leduu, iddaru same team",1
healthy ga undadam ki gongura rice tinate chala undii,0
relationship status: physics tho bro — at least it needs me lmao,1
relationship status: ML tho bro — at least it needs me,1
"ammaaa pesarattu chesindi, nenu 'chaala undie' annanu — ledu, pure diplomacy bro 💀",1
"placement cell lo HR adugadu 'where do you see yourself in 5 years', Gopi 'sleeping' annadu — honest answer",1
"hero bike stunt chesadu, Vikram try chesadu — bike undii, Vikram hospital lo undii",1
nenu ML interesting undhi antee anukuntunna,0
"babai cheppadu 'Suresh ni chuso challaa undie' — Suresh fail avunuu broo, different level inspiration bruh",1
"relatives adugutunnaru 'what are your plans' ani, nenu maths pass avvadam plan brow — small goals",1
"naa phone new update vasindi, install chesanu 🤔",0
"Kavya 'nuvvu change avvali' annadi, Bunny hairstyle change chesadu — nenu try chesanu broh",1
college exam hall lo algorithms class ledu today anti Lucky ammaaa ki call chesadu 'holiday' ani — smart move gg,1
"nenu Allu Arjun movies chustanu, challa undie ante",0
Lucky new Splendor kinukkunnadu last month,0
online learning convenient ga undi anukunde hmm,0
college canteen lo DSA class edu today antee Bunny ammaa ki call chesadu 'holiday' ani — smart move,1
morning egg rice breakfast ki chesamu sure,0
Srinu library lo ML chadduvutunnadu,0
morning sambar breakfast ki chesamu 🙌,0
Surya new Activa kinukkunnadu last month,0
"today physics lab session undhi, prepare avutunna 👍👍",0
Gopi new Splendor kinukkunnadu last month,0
"barber ki 'thoda trim' annanu — half head gone broo, lost in translation lmao",1
amma: nuwu ekkadaa unnav? nenu: library lo. ammaaa: mee college lo library ekkado undii ra? caught gg,1
"WhatsApp lo upma order chesanu, wrong item vasindi, hungry avunu tinna — hunger > ego",1
"traffic lo Vizag lo okkka hour stuck, GPS '2 mins away' antu undii — GPS lying brooo",1
"online class lo professor 'unmute avvandi' ante — 50 fans, 10 dogs, 5 ammaa voices bruh",1
"naa life Vijay Deverakonda movie la undi — interval ki twist, climax ki logic leduu broo",1
nenu Vizag lo PhonePe use chesthu undhi,0
"valentine's day ki Vikram alone undie, pongal order chesadu — self love era 💀",1
"today DSA lab session undi, prepare avutunna 👍",0
"naa CN paper lo okaa question kaaduu telivindi, kani confident ga avunuu rasa — confidence bro not knowledge 😂",1
"nenu roti try chesanu first time, okay ga undi",0
"Vizag lo okka seat dorikithe lucky day ani anukuntaa, destination vastundi edu 😂",1
nenu today Karimnagar ki cycle lo vellanu 👍,0
"supermarket ki oka item ki poina, 10 items tho vasina — market psychology wins 😂",1
"Suresh Haritha ki 'hi' text chesadu, 3 days tarvata reply vasindi — challa busy schedule undy 😭😭",1
family function lo oka uncle adugadu 'marks entha' ani — nanna topic change chesadu immediately lol,1
"diet start chesanu — biryani chusaka cancel avnu, health is wealth food is life bruh",1
reading habit chaalaa useful undhi long term lo,0
"exam ki notes miss avvadam kadu, important undhi",0
auto wala 'meter ledhu' ante 3x rate adugadu — Hyderabad experience 😭😭,1
"ATM ki poina, cash leduu, UPI try chesanu, network edu — broke in every way 😭😭",1
exam lo Sekhar pray chesadu 'God MCQ lo A avvani cheyyadam' — specific prayer works haha,1
"exam ki notes miss avvadam kaadhu, important undi",0
"diet start chesanu — egg rice chusaka cancel chesanu, health is wealth but food is life gg",1
"'gym join chestanu' ani January 1 ki fee kattanu, January 5 ki forget avunu — annual tradition 💀",1
"naaku idli chaalaa ishtam, ammaaa chesindi, vere idli chesindi — betrayal",1
"nenu Vijay Deverakonda movies chustanu, challa undhi ante",0
"morning 6 ki alarm, snooze, 7 ki alarm, snooze, 9 ki amma voice — most effective alarm bruh",1
Vijayawada lo water supply schedule change avvunu,0
regular exercise chaalaa important undhi health ki hmm,0
"today OS lab session undhi, prepare avutunna",0
"ex vasindi message 'how are you' ani, nenu networks fail avutunna — great timing broo",1
"interview ki 'punctual ga veltanu' annanu, 10 mins late avunu — traffic blame chesanu obviously lmao",1
"amma cheppindi 'doctor avutav' ani, naa DSA marks chusaka 'compounder avvachu' ani update chesindi 💀",1
"Balayya dialogue Suresh college lo use chesadu, professor appreciate chesdu — cinema education 😭😭",1
"valentine's day ki Sekhar alone undii, pulihora order chesadu — self love era 🤣",1
nenu Vijayawada lo WhatsApp use chesthu undy,0
"Suresh Priya tho first date ki Nellore lo chicken curry tinnaru, bill split chesadu — modern love",1
"Mahesh Babu movie lo villain chala try chesadu, hero ki okaa scratch edu — plot armour max level gg",1
nenu DSA interesting undhi ante anukunta,0
"phone lo 1% battery, charger room lo undhi, nenu hall lo undy — impossible distance finished",1
"Naidu Deepika ki 'hi' text chesadu, 3 days tarvata reply vasindi — chaalaa busy schedule undy",1
naa exam hall ki walking distance lo undy,0
"Kavya 'nuvvu change avvali' annadi, Teja hairstyle change chesadu — nenu try chesanu bro lmao",1
crush cheppindi 'we are just friends' ani — algorithms fail kanna painful avunu brow F,1
internships chala important undii final year ki,0
Nellore chala develop avutundi last few years lo,0
college lab lo OS class edu today anti Prasad ammaa ki call chesadu 'holiday' ani — smart move lol,1
"nenu idli try chesanu first time, okay ga undhi hmm",0
"Deepika 'nuwu challa funny' annadi — comedy avvunu ante undhi brow, naaku telidhu still",1
"ex vasindi message 'how are you' ani, nenu ML fail avutunna — great timing brow",1
morning sambar breakfast ki chesamu sure,0
"nenu pesarattu tinnanu, chala undy",0
Sekhar OS assignment complete chesaadu yesterday,0
doctor avvadam chala kaashtam undhi kani worth it 👍👍,0
"amma WhatsApp status 'my son is my pride' pettindi, naa result vasindhi — delete chesdu",1
"challa thanks bro, nuvvu help chesav — problem chaala worse avunu now lol",1
"naa wifi chaala fast undhi — speed test lo matrame, actual lo ledhu broo lmao",1
dosa chala healthy ga undy daily tinte hmm,0
teacher avvadam chaala kaashtam undi kani worth it sure,0
"nenu chicken curry try chesanu first time, okay ga undi 🙂",0
"nenu roti try chesanu first time, okay ga undhi",0
"Vijayawada lo oka seat dorikithe lucky day ani anukuntaa, destination vastundi laedu 😂",1
Prasad back bench lo undy kani first bencher kanna better marks — back lo wifi strong undii bruh,1
new flyover Rajahmundry lo ready avunu next month,0
"NTR dialogue Prasad exam hall lo use chesadu, professor appreciate chesaadu — cinema education 😂",1
"ammaa WhatsApp status 'my son is my pride' pettindi, naa result vasindy — delete chesadu",1
Babai library lo English chadduvutunnadu,0
"naa maths marks chusaka okaa nimisham silent ga undie, grief kaadhu bro — pure shock",1
"meeting lo mute avunu matladanu, 5 mins tarvata telusindi — everyone saw bro haha",1
morning chicken curry breakfast ki chesamu,0
Naveen new share auto kinukkunnadu last month,0
professor 'open book exam' ante Suresh library motham bag lo pettukochadu 💀,1
regular exercise challa important undi health ki 🙌,0
nenu physics interesting undi antee anukunta,0
"online class lo professor 'unmute avvandi' antee — 50 fans, 10 dogs, 5 ammaaa voices 🤣",1
water challa taagadam health ki challaa avnu,0
"naaku roti challaa ishtam, ammaa chesindi, vere roti chesindi — betrayal",1
"valentine's day ki Babai alone undie, pulihora order chesadu — self love era",1
electricity rates change avutunnai Kurnool lo,0
English nerchukovadam important undie career ki,0
algorithms nerchukovadam important undhi career ki,0
weather today chala hot ga undy Nellore lo,0
"supermarket ki okkka item ki poina, 10 items tho vasina — market psychology wins gg",1
"interview ki 'punctual ga veltanu' annanu, 10 mins late avvunu — traffic blame chesanu obviously bruh",1
nenu Nellore lo WhatsApp use chesthu undhi,0
"naa life Vijay Deverakonda movie la undhi — interval ki twist, climax ki logic ledu bro",1
"movie lo hero okka song lo 5 countries lo dance chesadu, nenu okkka Rajahmundry bus stop daateri ledu F",1
"ammaa cheppindi 'doctor avutav' ani, naa ML marks chusaka 'compounder avvachu' ani update chesindi",1
"hero bike stunt chesadu, Sai try chesadu — bike undi, Sai hospital lo undie",1
technology challa fast ga change avutundi hmm,0
nenu today Hyderabad ki Activa lo vellanu,0
chapati chaalaa healthy ga undi daily tinte 🙌,0
"amma 'oka data scientist ni chadi, set avutav' anti, nenu still algorithms clear cheyyalekapotunna",1
maths prepare avvadam ki daily 2 hours chadduvukovadam avvunu,0
DBMS nerchukovadam important undi career ki,0
"placement cell lo HR adugadu 'where do you see yourself in 5 years', Mahesh 'sleeping' annadu — honest answer lol",1
"Bhavana 'nuvu chala funny' annadi — comedy avunuu antee undi brooo, naaku telidhu still 😂",1
"hero bike stunt chesadu, Bhaskar try chesadu — bike undii, Bhaskar hospital lo undhi gg",1
"hero bike stunt chesadu, Ramu try chesadu — bike undhi, Ramu hospital lo undi lol",1
roti challa healthy ga undi daily tinte 👍,0
"Allu Arjun dialogue Gopi canteen lo use chesadu, professor appreciate chesdu — cinema education bruh",1
chemistry nerchukovadam important undhi career ki,0
"interview ki 'punctual ga veltanu' annanu, 10 mins late avunu — traffic blame chesanu obviously 😂",1
Sai Karimnagar lo relatives ni chusaadaniki chesaadu,0
"Chitti Jyothi tho first date ki Guntur lo idli tinnaru, bill split chesadu — modern love haha",1
"ex vasindi message 'how are you' ani, nenu OS fail avutunna — great timing brooo",1
ML nerchukovadam important undy career ki 🙌,0
"morning 6 ki alarm, snooze, 7 ki alarm, snooze, 9 ki ammaaa voice — most effective alarm",1
"alarm 5 AM ki pettanu 'productive avutanu' ani, snooze chesanu 6 times — productivity achieved 🤣",1
healthy ga undadam ki dosa tinate chala undii,0
"Balayya okka punch lo 10 mandi ni edu chesadu, nenu oka algorithms paper clear cheyyalekapoyanu 🤣",1
nenu Rajahmundry lo PhonePe use chesthu undie,0
internships chaala important undi final year ki sure,0
"traffic lo Vijayawada lo okkka hour stuck, GPS '2 mins away' antu undy — GPS lying broh 😂",1
"exam ki notes miss avvadam kaadu, important undii",0
"nenu idli try chesanu first time, okay ga undhi 🤔",0
"ammaaa 'oka software engineer ni chadi, set avutav' antey, nenu still chemistry clear cheyyalekapotunna",1
healthy ga undadam ki sambar tinate chaalaa undhi,0
"nenu chicken curry tinnanu, chaalaa undhi",0
group study sometimes helpful avunuu anukuntunna,0
"Vijay Deverakonda okaa punch lo 10 mandi ni laedu chesadu, nenu okka networks paper clear cheyyalekapoyanu 💀",1
Kiran Rajahmundry lo relatives ni chusaadaniki chesadu,0
"supermarket ki okaa item ki poina, 10 items tho vasina — market psychology wins",1
"nenu Prabhas movies chustanu, chaalaa undy antee",0
"ATM ki poina, cash leduu, UPI try chesanu, network ledhu — broke in every way 💔",1
"PhonePe lo pesarattu order chesanu, wrong item vasindi, hungry avnu tinna — hunger > ego 🤣",1
nenu Kurnool lo Instagram use chesthu undi,0
internships chala important undi final year ki hmm,0
nenu Tirupati lo PhonePe use chesthu undi,0
"diet start chesanu — pesarattu chusaka cancel avunuu, health is wealth food is life 💀",1
"naa DSA paper lo okaa question kadu telivindi, kani confident ga avunu rasa — confidence bro not knowledge lol",1
"naa life NTR movie la undie — interval ki twist, climax ki logic ledu broh",1
"internals lo Yadav ki 9/30 vasthe 'grace marks' antadu, grace means 9 ye brow 😂",1
"Pawan Kalyan oka punch lo 10 mandi ni ledhu chesadu, nenu oka networks paper clear cheyyalekapoyanu 💀",1
"naaku pesarattu chala ishtam, amma chesindi, vere pesarattu chesindi — betrayal 🤣",1
water challa taagadam health ki challaa avunu,0
"amma cooking chesthu undy, nenu help cheyyadam try chesanu — ammaa 'nuvvu poni chadduvuko' annadi",1
professor 'open book exam' antey Ravi library motham bag lo pettukochadu lmao,1
"diet start chesanu — roti chusaka cancel avunu, health is wealth food is life bruh",1
Chitti library lo networks chadduvutunnadu,0
ammaa: nuvu ekada unnav? nenu: library lo. amma: mee college lo library ekkada undhi ra? caught,1
"Ramu Swathi ki 'hi' text chesadu, 3 days tarvata reply vasindi — chaalaa busy schedule undi",1
"today DSA lab session undi, prepare avutunna ok",0
"nenu Balayya movies chustanu, challaa undhi antey",0
"nenu Chiranjeevi movies chustanu, chala undii ante",0
water challaa taagadam health ki chaalaa avunuu,0
"morning 6 ki alarm, snooze, 7 ki alarm, snooze, 9 ki amma voice — most effective alarm haha",1
"babai cheppadu 'Mahesh ni chuso challa undii' — Mahesh fail avunu bro, different level inspiration",1
"ammaaa WhatsApp status 'my son is my pride' pettindi, naa result vasindhi — delete chesaadu",1
college college lo OS class ledhu today antee Ramu amma ki call chesadu 'holiday' ani — smart move,1
"Srinu Kavya ki 'hi' text chesadu, 3 days tarvata reply vasindi — chaalaa busy schedule undi lmao",1
weather today challa hot ga undhi Vijayawada lo,0
ammaa: nuvvuu ekkada unnav? nenu: library lo. amma: mee college lo library ekkado undi ra? caught lol,1
Chitti CN assignment complete chesdu yesterday,0
"nanna 'maa time lo chala cheyyadam kashtapaddamu' antee, aatime lo networks edu brow — different struggle",1
naa college ki walking distance lo undii,0
CA avvadam challa kaashtam undi kani worth it sure,0
"naa life Allu Arjun movie la undii — interval ki twist, climax ki logic ledhu brow 😭😭",1
water chaala taagadam health ki chaala avunuu,0
Guntur challa develop avutundi last few years lo,0
"nenu biryani try chesanu first time, okay ga undii",0
Naidu TOC assignment complete chesaadu yesterday,0
"PhonePe lo order chesanu '30 mins' anti — 2 hours lo upma vasindy, cold ga undy haha",1
"ammaaa cooking chesthu undy, nenu help cheyyadam try chesanu — ammaaa 'nuvvu poni chadduvuko' annadi haha",1
"nanaa bike ki petrol ledhu, naaku pocket money ledu, iddaru same team",1
"Chiranjeevi oka punch lo 10 mandi ni laedu chesadu, nenu okka physics paper clear cheyyalekapoyanu 😭😭",1
Sai exam hall lo TOC class attend chesaadu hmm,0
"diet start chesanu — pongal chusaka cancel avnu, health is wealth food is life 💀",1
state lo rainfall chala undii this monsoon,0
"amma cooking chesthu undie, nenu help cheyyadam try chesanu — ammaaa 'nuvvu poni chadduvuko' annadi 💀",1
"GPay lo chapati order chesanu, wrong item vasindii, hungry avnu tinna — hunger > ego",1
"nenu Vijay Deverakonda movies chustanu, chala undii anti",0
Vikram TOC assignment complete chesaadu yesterday,0
"nannaa 'maa time lo challaa cheyyatam kashtapaddamu' antey, aatime lo DSA ledhu brow — different struggle",1
"today DBMS lab session undie, prepare avutunna",0
"nenu vada try chesanu first time, okay ga undi",0
nenu today Nellore ki share auto lo vellanu,0
maths nerchukovadam important undie career ki,0
nenu Nellore lo Zomato use chesthu undy,0
"Indu 'nuvvuu challa funny' annadi — comedy avunuu anti undy brooo, naaku telidhu still",1
"placement cell lo HR adugadu 'where do you see yourself in 5 years', Nani 'sleeping' annadu — honest answer gg",1
"amma egg rice chesindi, nenu 'challaa undii' annanu — ledhu, pure diplomacy brooo",1
"hero bike stunt chesadu, Sekhar try chesadu — bike undii, Sekhar hospital lo undi",1
"Prasad Swathi ki good morning text chesadu daily, adi read avnu reply ledhu — read receipts cruelty broo rip",1
Sunday night 11 PM ki Monday ki prepare avvadam start chesanu — classic brow lmao,1
"Priya 'nuvvu challa funny' annadi — comedy avunuu antee undie broo, naaku telidhu still lmao",1
Yadav seminar hall lo chemistry class attend chesaadu,0
Vizag lo new metro line start avutundi next year,0
bus timings change chesaru Vizag lo recently,0
algorithms nerchukovadam important undi career ki 🙂,0
internships challa important undy final year ki hmm,0
"relatives adugutunnaru 'what are your plans' ani, nenu DSA pass avvadam plan bro — small goals",1
"valentine's day ki Naidu alone undi, chicken curry order chesadu — self love era 🤣",1
"villain 1000 cr spend chesadu plan ki, hero okaa punch lo finish — ROI zero gg",1
Sekhar library lo OS chadduvutunnadu,0
CN prepare avvadam ki daily 2 hours chadduvukovadam avunuu,0
technology chaala fast ga change avutundi 🙌,0
"naa phone battery challa fast poothundi, relationships kanna faster finished",1
Nellore lo traffic problem address cheyyaali ante,0
new flyover Vizag lo ready avvunu next month,0
"naa life Mahesh Babu movie la undii — interval ki twist, climax ki logic edu bro",1
Ramu Rajahmundry lo relatives ni chusaadaniki chesdu,0
"traffic lo Warangal lo okka hour stuck, GPS '2 mins away' antu undhi — GPS lying broh haha",1
new flyover Karimnagar lo ready avnu next month,0
"naa English marks chusaka okkka nimisham silent ga undie, grief kadu broh — pure shock",1
"nenu Vijay Deverakonda movies chustanu, challa undie ante",0
family function lo okkka uncle adugadu 'marks entha' ani — nannaa topic change chesadu immediately 🤣,1
"nenu upma tinnanu, chaala undhi",0
sambar challaa healthy ga undi daily tinte 👍👍,0
exam lo Sai pray chesadu 'God MCQ lo A avvani cheyyadham' — specific prayer works,1
nenu DSA interesting undie antee anukunta,0
nannaa smartphone istE WhatsApp lo naa result forward chesadu relatives ki — thanks nanna,1
"Surya university lo attendance leduu broh, but ammaaa tho 'daily velthunna' antadu — technically ledu haha",1
Nani TOC assignment complete chesadhu yesterday,0
"Vijay Deverakonda oka punch lo 10 mandi ni ledu chesadu, nenu okka English paper clear cheyyalekapoyanu 🤣",1
Sunday night 11 PM ki Monday ki prepare avvadam start chesanu — classic brooo gg,1
healthy ga undadam ki pesarattu tinate challa undi,0
weather today challaa hot ga undi Vijayawada lo,0
weather today chaala hot ga undii Tirupati lo,0
online learning convenient ga undy anukunde,0
weather today challaa hot ga undhi Vizag lo,0
"nanaa 'maa time lo chala cheyyadham kashtapaddamu' antee, aatime lo DSA edu brooo — different struggle",1
"naa life Balayya movie la undy — interval ki twist, climax ki logic ledhu brow 😭😭",1
bus timings change chesaru Guntur lo recently,0
relationship status: physics tho bro — at least it needs me 😭😭,1
"naa OS marks chusaka okka nimisham silent ga undie, grief kaadhu broh — pure shock",1
"nenu idli try chesanu first time, okay ga undhi",0
"naaku vada challaa ishtam, amma chesindi, vere vada chesindi — betrayal",1
"interview ki 'punctual ga veltanu' annanu, 10 mins late avvunu — traffic blame chesanu obviously",1
"supermarket ki okkka item ki poina, 10 items tho vasina — market psychology wins",1
internships chaala important undy final year ki 🙏,0
"villain 1000 cr spend chesadu plan ki, hero okaa punch lo finish — ROI zero 😂",1
crush cheppindi 'we are just friends' ani — English fail kanna painful avunu broo F,1
healthy ga undadam ki chicken curry tinate challa undy,0
"Chiranjeevi movie lo villain chala try chesadu, hero ki okkka scratch laedu — plot armour max level 🤣",1
"Mahesh Babu movie lo villain challaa try chesadu, hero ki okkka scratch edu — plot armour max level 🤣",1
Srinu seminar hall lo physics class attend chesaadu,0
technology chaalaa fast ga change avutundi 🤔,0
"'gym join chestanu' ani January 1 ki fee kattanu, January 5 ki forget avnu — annual tradition 🤣",1
"Yadav Lakshmi ki 'hi' text chesadu, 3 days tarvata reply vasindi — challa busy schedule undy gg",1
"internals lo Bhaskar ki 9/30 vasthe 'grace marks' antadu, grace means 9 ye bro 😭😭",1
"Mahesh Priya ki 'hi' text chesadu, 3 days tarvata reply vasindi — challaa busy schedule undii lol",1
"nenu NTR movies chustanu, challaa undii antey",0
college exam hall lo networks class edu today antey Sekhar ammaaa ki call chesadu 'holiday' ani — smart move,1
nanaa smartphone istE WhatsApp lo naa result forward chesadu relatives ki — thanks nanna F,1
Arjun new bike kinukkunnadu last month,0
nenu Rajahmundry lo Swiggy use chesthu undi,0
state lo rainfall chaalaa undii this monsoon,0
nenu ML interesting undhi anti anukunta,0
group study sometimes helpful avunu anukunta 🙌,0
reading habit chaala useful undy long term lo hmm,0
state lo rainfall chala undie this monsoon,0
auto wala 'meter ledu' ante 3x rate adugadu — Hyderabad experience,1
"nenu idli tinnanu, challaa undii 👍",0
"nenu Chiranjeevi movies chustanu, chaala undie anti",0
Sekhar new Activa kinukkunnadu last month,0
weather today chaalaa hot ga undie Tirupati lo,0
"Zomato lo biryani order chesanu, wrong item vasindii, hungry avvunu tinna — hunger > ego",1
weather today challaa hot ga undi Guntur lo,0
morning gongura rice breakfast ki chesamu 👍👍,0
Lucky library lo algorithms chadduvutunnadu,0
doctor avvadam chaala kaashtam undhi kani worth it ok,0
work from home easy antee — Srinu amma background lo sambar chesthu meeting lo,1
Venky placement cell lo OS class attend chesdu 🙂,0
nenu Karimnagar lo YouTube use chesthu undy,0
"relatives adugutunnaru 'what are your plans' ani, nenu OS pass avvadam plan bro — small goals 😭😭",1
"Arjun Swathi ki 'hi' text chesadu, 3 days tarvata reply vasindi — chala busy schedule undie lol",1
online learning convenient ga undhi anukunta hmm,0
nenu chemistry interesting undii antee anukunde,0
nenu algorithms interesting undii ante anukuntunna,0
"NTR movie lo villain chaala try chesadu, hero ki okka scratch edu — plot armour max level",1
nenu today Kurnool ki bike lo vellanu,0
reading habit chaala useful undy long term lo right,0
"diet start chesanu — pesarattu chusaka cancel chesanu, health is wealth but food is life",1
Rajesh networks assignment complete chesadu yesterday,0
state lo rainfall challaa undy this monsoon,0
"YouTube lo order chesanu '30 mins' ante — 2 hours lo upma vasindii, cold ga undy",1
"nanaa bike ki petrol laedu, naaku pocket money ledhu, iddaru same team",1
"Vijay Deverakonda dialogue Mahesh mess lo use chesadu, professor appreciate chesadhu — cinema education 😂",1
"villain 1000 cr spend chesadu plan ki, hero okka punch lo finish — ROI zero 😂",1
"naa life NTR movie la undii — interval ki twist, climax ki logic ledhu brooo 😭😭",1
naa exam hall ki walking distance lo undhi,0
"nanaa bike ki petrol ledhu, naaku pocket money ledu, iddaru same team finished",1
crush cheppindi 'we are just friends' ani — TOC fail kanna painful avunuu brow,1
nenu Nellore lo Zomato use chesthu undhi,0
"Instagram lo order chesanu '30 mins' anti — 2 hours lo pulihora vasindi, cold ga undy bruh",1
group study sometimes helpful avunuu anukuntaa 🙏,0
"movie lo hero oka song lo 5 countries lo dance chesadu, nenu okka Guntur bus stop daateri laedu F",1
interview ki formal dress wear cheyyadam better undhi,0
mass movie anti Pawan Kalyan dialogue ni Kiran WhatsApp status lo pettadu — feels undie broh 🤣,1
chemistry nerchukovadam important undy career ki 🙏,0
Naveen Hyderabad lo relatives ni chusaadaniki chesaadu,0
group study sometimes helpful avunuu anukunta right,0
professor 'open book exam' ante Suresh library motham bag lo pettukochadu gg,1
"valentine's day ki Srinu alone undi, pongal order chesadu — self love era 🤣",1
morning pongal breakfast ki chesamu,0
"Chiranjeevi movie review: 'logic laedu' — fans: 'logic ante em brooo, emotion chuso' haha",1
mass movie ante Allu Arjun dialogue ni Mahesh WhatsApp status lo pettadu — feels undie brow,1
"babai cheppadu 'Vikram ni chuso challaa undii' — Vikram fail avnu bro, different level inspiration",1
Kiran back bench lo undie kani first bencher kanna better marks — back lo wifi strong undy,1
"morning 6 ki alarm, snooze, 7 ki alarm, snooze, 9 ki ammaa voice — most effective alarm 😭😭",1
professor 'open book exam' ante Prasad library motham bag lo pettukochadu,1
"Kiran Bhavana ki 'hi' text chesadu, 3 days tarvata reply vasindi — challaa busy schedule undhi 🤣",1
crush cheppindi 'we are just friends' ani — DSA fail kanna painful avvunu broo 💔,1
college hostel lo DBMS class ledhu today antey Surya ammaa ki call chesadu 'holiday' ani — smart move,1
weather today chaala hot ga undii Vijayawada lo,0
"ex vasindi message 'how are you' ani, nenu OS fail avutunna — great timing brow",1
nanaa smartphone istE WhatsApp lo naa result forward chesadu relatives ki — thanks nanaa 😭,1
Ramu TOC assignment complete chesadu yesterday,0
"Bhaskar assignment last minute chesadu, font 16, margins wide, 3 pages done — engineering genius haha",1
mass movie antee Vijay Deverakonda dialogue ni Babai WhatsApp status lo pettadu — feels undi bro,1
healthy ga undadam ki pesarattu tinate chaala undi,0
Sunday night 11 PM ki Monday ki prepare avvadam start chesanu — classic broo,1
"relatives adugutunnaru 'what are your plans' ani, nenu chemistry pass avvadam plan broo — small goals",1
"ammaa cheppindi 'doctor avutav' ani, naa TOC marks chusaka 'compounder avvachu' ani update chesindi",1
Prasad Vizag lo relatives ni chusaadaniki chesaadu,0
state lo rainfall challa undy this monsoon,0
"Gopi Kavya ki 'hi' text chesadu, 3 days tarvata reply vasindi — chaalaa busy schedule undhi gg",1
"valentine's day ki Bhaskar alone undii, biryani order chesadu — self love era lmao",1
CN nerchukovadam important undii career ki 🙂,0
teacher avvadam challaa kaashtam undhi kani worth it 👍👍,0
"Divya 'nuvvu change avvali' annadi, Sai hairstyle change chesadu — nenu try chesanu broo",1
"hero bike stunt chesadu, Mahesh try chesadu — bike undi, Mahesh hospital lo undhi",1
CA avvadam challaa kaashtam undy kani worth it,0
mass movie ante Mahesh Babu dialogue ni Yadav WhatsApp status lo pettadu — feels undii broh,1
"placement cell lo HR adugadu 'where do you see yourself in 5 years', Yadav 'sleeping' annadu — honest answer 😂",1
"phone lo 1% battery, charger room lo undhi, nenu hall lo undie — impossible distance 💔",1
"Lucky Bhavana ki 'hi' text chesadu, 3 days tarvata reply vasindi — challa busy schedule undie 😭😭",1
"propose chesanu, 'I think of you as a brother' annadi — algorithms result kanna worse shock 😭😭",1
Vikram English assignment complete chesadu yesterday,0
Mahesh new cycle kinukkunnadu last month 🙏,0
new hospital Tirupati lo open avutundi next month,0
"Suresh brooo exam ki prepare laedu, result vasthe 'paper tough undii' ani blame chesadu 💀",1
"phone lo 1% battery, charger room lo undhi, nenu hall lo undii — impossible distance F",1
CA avvadam chaala kaashtam undii kani worth it,0
"Lucky Bhavana tho first date ki Guntur lo gongura rice tinnaru, bill split chesadu — modern love",1
regular exercise challaa important undy health ki 🙌,0
new flyover Hyderabad lo ready avvunu next month,0
"hero bike stunt chesadu, Arjun try chesadu — bike undii, Arjun hospital lo undhi",1
water chaalaa taagadam health ki challa avunuu,0
"nannaa 'maa time lo chaala cheyyadam kashtapaddamu' anti, aatime lo English ledu brooo — different struggle",1
weather today chaalaa hot ga undhi Karimnagar lo,0
Vijayawada lo traffic problem address cheyyaali antey,0
"internals lo Sai ki 9/30 vasthe 'grace marks' antadu, grace means 9 ye broo 😂",1
"babai cheppadu 'Naveen ni chuso chaalaa undii' — Naveen fail avunu bro, different level inspiration",1
work from home easy ante — Sekhar ammaaa background lo roti chesthu meeting lo,1
Karimnagar lo new IT park build avutundi,0
Sekhar Guntur lo relatives ni chusaadaniki chesadhu,0
nenu Rajahmundry lo GPay use chesthu undhi,0
group study sometimes helpful avvunu anukunde,0
regular exercise challaa important undy health ki sure,0
regular exercise chaala important undie health ki,0
nenu DBMS interesting undhi antey anukuntunna,0
Surya back bench lo undi kani first bencher kanna better marks — back lo wifi strong undi,1
professor 'open book exam' antee Yadav library motham bag lo pettukochadu lol,1
"naa wifi chaala fast undie — speed test lo matrame, actual lo laedu broh lmao",1
"nenu upma tinnanu, challaa undy hmm",0
weather today challa hot ga undie Karimnagar lo,0
"naaku roti challaa ishtam, ammaaa chesindi, vere roti chesindi — betrayal haha",1
water chaala taagadam health ki chaalaa avvunu,0
Nellore lo traffic problem address cheyyaali antee,0
"nenu biryani try chesanu first time, okay ga undhi",0
reading habit challa useful undy long term lo 👍👍,0
group study sometimes helpful avvunu anukuntaa sure,0
"exam ki notes miss avvadam kaadhu, important undii",0
"amma 'oka doctor ni chadi, set avutav' ante, nenu still DSA clear cheyyalekapotunna 😭",1
ammaa: nuvu ekada unnav? nenu: library lo. ammaaa: mee college lo library ekado undie ra? caught 💀,1
nenu today Kurnool ki Activa lo vellanu hmm,0
Naidu new Splendor kinukkunnadu last month,0
Yadav university lo DBMS class attend chesadu,0
Ravi library lo physics chadduvutunnadu,0
"ATM ki poina, cash ledu, UPI try chesanu, network ledhu — broke in every way",1
nenu OS interesting undy antey anukunde,0
weather today challaa hot ga undii Tirupati lo,0
nenu Guntur lo Swiggy use chesthu undii,0
"ex vasindi message 'how are you' ani, nenu physics fail avutunna — great timing brow gg",1
nenu Vijayawada lo GPay use chesthu undhi,0
"naa TOC paper lo okka question kadu telivindi, kani confident ga avunuu rasa — confidence bro not knowledge lmao",1
Ramu lab lo ML class attend chesaadu 🤔,0
work from home easy ante — Rajesh amma background lo sambar chesthu meeting lo 😂,1
DBMS prepare avvadam ki daily 2 hours chadduvukovadam avunuu,0
Sunday night 11 PM ki Monday ki prepare avvadam start chesanu — classic bro bruh,1
"Indu 'nuvvu change avvali' annadi, Bhaskar hairstyle change chesadu — nenu try chesanu bro",1
Kiran canteen lo networks class attend chesadhu,0
work from home easy ante — Prasad amma background lo egg rice chesthu meeting lo haha,1
"amma WhatsApp status 'my son is my pride' pettindi, naa result vasindii — delete chesadhu 😭😭",1
"Prabhas movie review: 'logic ledu' — fans: 'logic ante em broh, emotion chuso'",1
naa exam hall ki walking distance lo undi,0
"Anu 'nuvu challa funny' annadi — comedy avvunu ante undii brooo, naaku telidhu still 😂",1
nenu Karimnagar lo PhonePe use chesthu undii,0
CA avvadam chala kaashtam undy kani worth it 🙏,0
dosa challa healthy ga undii daily tinte,0
Ramu university lo maths class attend chesadu right,0
Tirupati chaala develop avutundi last few years lo,0
"Indu 'nuvvu change avvali' annadi, Sekhar hairstyle change chesadu — nenu try chesanu bro lmao",1
Babai library lo DBMS class attend chesadhu,0
"nenu Chiranjeevi movies chustanu, chala undhi antey",0
engineer avvadam chala kaashtam undie kani worth it,0
"Allu Arjun movie review: 'logic edu' — fans: 'logic ante em broh, emotion chuso'",1
Prasad OS assignment complete chesaadu yesterday,0
"amma cooking chesthu undie, nenu help cheyyadam try chesanu — amma 'nuvvu poni chadduvuko' annadi",1
"nenu pongal tinnanu, chaalaa undy 🙏",0
government 'smart city' antey Vijayawada lo RTC bus ki roads ledhu — very smart,1
idli chala healthy ga undie daily tinte 👍,0
Bunny networks assignment complete chesadu yesterday,0
nenu chemistry interesting undie anti anukunde,0
Sunday night 11 PM ki Monday ki prepare avvadam start chesanu — classic broo lmao,1
"hero bike stunt chesadu, Vikram try chesadu — bike undii, Vikram hospital lo undhi 😂",1
"Rajesh canteen lo attendance ledhu brooo, but amma tho 'daily velthunna' antadu — technically laedu",1
auto wala 'meter ledu' antey 3x rate adugadu — Hyderabad experience lol,1
doctor avvadam chaalaa kaashtam undi kani worth it 👍👍,0
ammaa: nuvvuu ekkada unnav? nenu: library lo. ammaaa: mee college lo library ekkado undy ra? caught 😭😭,1
relationship status: networks tho brow — at least it needs me gg,1
Arjun mess lo chemistry class attend chesdu,0
"babai cheppadu 'Vikram ni chuso chaalaa undhi' — Vikram fail avunuu broo, different level inspiration 😂",1
"Zomato lo order chesanu '30 mins' antee — 2 hours lo upma vasindhi, cold ga undie lmao",1
data scientist avvadam challa kaashtam undie kani worth it cool,0
"NTR dialogue Naveen university lo use chesadu, professor appreciate chesdu — cinema education lmao",1
"nenu pesarattu try chesanu first time, okay ga undii hmm",0
Vizag lo water supply schedule change avvunu,0
"Mahesh Priya tho first date ki Vizag lo pulihora tinnaru, bill split chesadu — modern love",1
"challaa thanks broh, nuvvuu help chesav — problem chaalaa worse avvunu now 🤣",1
Vizag lo traffic problem address cheyyaali antee,0
group study sometimes helpful avunu anukuntunna 🙌,0
"supermarket ki okkka item ki poina, 10 items tho vasina — market psychology wins 😭😭",1
"ATM ki poina, cash ledhu, UPI try chesanu, network laedu — broke in every way",1
"barber ki 'thoda trim' annanu — half head gone broh, lost in translation lmao",1
"phone lo 1% battery, charger room lo undy, nenu hall lo undie — impossible distance gone case",1
"nannaa 'maa time lo chaalaa cheyydam kashtapaddamu' antee, aatime lo OS edu brooo — different struggle",1
morning idli breakfast ki chesamu 👍,0
crush cheppindi 'we are just friends' ani — TOC fail kanna painful avunuu broh,1
morning sambar breakfast ki chesamu ok,0
Chitti new Splendor kinukkunnadu last month,0
"diet start chesanu — upma chusaka cancel avunu, health is wealth food is life",1
"Vijay Deverakonda oka punch lo 10 mandi ni ledu chesadu, nenu okaa physics paper clear cheyyalekapoyanu gg",1
"nenu pongal tinnanu, chala undy",0
new flyover Karimnagar lo ready avvunu next month,0
relationship status: TOC tho broo — at least it needs me 🤣,1
"movie lo hero oka song lo 5 countries lo dance chesadu, nenu okaa Guntur bus stop daateri laedu",1
"Mahesh Priya tho first date ki Kurnool lo chapati tinnaru, bill split chesadu — modern love",1
nenu maths interesting undhi antee anukunta,0
"nenu Mahesh Babu movies chustanu, chaala undie antey",0
"hero bike stunt chesadu, Lucky try chesadu — bike undi, Lucky hospital lo undy haha",1
nenu OS interesting undi ante anukunde,0
Naidu English assignment complete chesadhu yesterday,0
sambar chala healthy ga undi daily tinte,0
exam lo Ravi pray chesadu 'God MCQ lo A avvani cheyyadham' — specific prayer works,1
"'gym join chestanu' ani January 1 ki fee kattanu, January 5 ki forget avunu — annual tradition",1
"naa life Pawan Kalyan movie la undhi — interval ki twist, climax ki logic ledu brooo",1
"hero bike stunt chesadu, Bunny try chesadu — bike undie, Bunny hospital lo undy lmao",1
"ATM ki poina, cash laedu, UPI try chesanu, network laedu — broke in every way 💔",1
auto wala 'meter ledu' antey 3x rate adugadu — Hyderabad experience gg,1
"nenu pongal try chesanu first time, okay ga undii",0
"Kavya 'nuvu chala funny' annadi — comedy avunu antey undhi broh, naaku telidhu still",1
"nenu Vijay Deverakonda movies chustanu, chala undii antey",0
"naaku gongura rice chala ishtam, ammaaa chesindi, vere gongura rice chesindi — betrayal 😭😭",1
"Deepika 'nuvvuu chaalaa funny' annadi — comedy avnu antee undi broo, naaku telidhu still bruh",1
nenu today Vijayawada ki cycle lo vellanu 🙂,0
"nenu idli tinnanu, chala undhi",0
nenu networks interesting undi antey anukunta,0
naa placement cell ki walking distance lo undhi,0
Babai back bench lo undii kani first bencher kanna better marks — back lo wifi strong undy,1
engineer avvadam chaala kaashtam undi kani worth it 🙏,0
"naaku pulihora chaala ishtam, amma chesindi, vere pulihora chesindi — betrayal haha",1
"villain 1000 cr spend chesadu plan ki, hero oka punch lo finish — ROI zero lol",1
Ravi new Splendor kinukkunnadu last month ok,0
"ammaaa cooking chesthu undi, nenu help cheyyadam try chesanu — amma 'nuvvu poni chadduvuko' annadi haha",1
internships challa important undy final year ki 👍👍,0
IAS officer avvadam chaala kaashtam undii kani worth it,0
weather today challa hot ga undii Hyderabad lo,0
Tirupati lo new IT park build avutundi,0
internships chala important undy final year ki 🙌,0
"naa wifi chaalaa fast undii — speed test lo matrame, actual lo laedu brooo haha",1
electricity rates change avutunnai Vizag lo,0
"ex vasindi message 'how are you' ani, nenu DBMS fail avutunna — great timing broo 😭😭",1
chemistry prepare avvadam ki daily 2 hours chadduvukovadam avunu,0
"Gopi Suma ki 'hi' text chesadu, 3 days tarvata reply vasindi — challa busy schedule undy gg",1
biryani challa healthy ga undie daily tinte 🤔,0
"Mahesh Anu ki good morning text chesadu daily, adi read avnu reply ledu — read receipts cruelty broo F",1
ML prepare avvadam ki daily 2 hours chadduvukovadam avunuu,0
Nani library lo algorithms chadduvutunnadu,0
auto wala 'meter ledu' ante 3x rate adugadu — Hyderabad experience 🤣,1
"'gym join chestanu' ani January 1 ki fee kattanu, January 5 ki forget avnu — annual tradition 💀",1
physics prepare avvadam ki daily 2 hours chadduvukovadam avvunu,0
Warangal challaa develop avutundi last few years lo,0
online learning convenient ga undi anukunta 🙌,0
technology challa fast ga change avutundi cool,0
"amma egg rice chesindi, nenu 'chala undie' annanu — leduu, pure diplomacy brooo 😭😭",1
nenu today Hyderabad ki share auto lo vellanu sure,0
"valentine's day ki Kiran alone undii, dosa order chesadu — self love era",1
online learning convenient ga undi anukuntaa hmm,0
"naa life Prabhas movie la undie — interval ki twist, climax ki logic ledu brow",1
"ammaaa cheppindi 'doctor avutav' ani, naa DBMS marks chusaka 'compounder avvachu' ani update chesindi lmao",1
group study sometimes helpful avvunu anukunta,0
"diet start chesanu — idli chusaka cancel chesanu, health is wealth but food is life 🤣",1
"Naidu broo exam ki prepare ledhu, result vasthe 'paper tough undie' ani blame chesadu",1
Vijayawada challa develop avutundi last few years lo,0
reading habit chaala useful undii long term lo 👍👍,0
weather today chaalaa hot ga undy Guntur lo,0
"naa TOC marks chusaka okkka nimisham silent ga undii, grief kaadhu brooo — pure shock",1
nenu today Nellore ki bike lo vellanu sure,0
CA avvadam chaalaa kaashtam undy kani worth it right,0
"nenu Mahesh Babu movies chustanu, challa undi antey",0
chapati chaalaa healthy ga undy daily tinte 👍👍,0
"today networks lab session undie, prepare avutunna 🙂",0
online learning convenient ga undi anukuntunna,0
CA avvadam challaa kaashtam undi kani worth it,0
relationship status: ML tho brow — at least it needs me,1
"ATM ki poina, cash ledu, UPI try chesanu, network leduu — broke in every way F",1
Kiran library lo TOC chadduvutunnadu,0
"ammaa pongal chesindi, nenu 'challaa undhi' annanu — edu, pure diplomacy broh",1
"Naveen Mounika ki good morning text chesadu daily, adi read avunuu reply ledhu — read receipts cruelty broh 😭😭",1
"naa life Pawan Kalyan movie la undi — interval ki twist, climax ki logic ledu broo 💔",1
water chala taagadam health ki challaa avunuu,0
"Allu Arjun movie review: 'logic leduu' — fans: 'logic ante em broh, emotion chuso' gg",1
naa mess ki walking distance lo undii,0
"babai cheppadu 'Yadav ni chuso chala undii' — Yadav fail avunuu bro, different level inspiration",1
"amma cooking chesthu undi, nenu help cheyyadam try chesanu — amma 'nuvvu poni chadduvuko' annadi bruh",1
interview ki formal dress wear cheyyadam better undi,0
mass movie anti Chiranjeevi dialogue ni Naidu WhatsApp status lo pettadu — feels undie bro 🤣,1
"meeting lo mute avnu matladanu, 5 mins tarvata telusindi — everyone saw bro",1
internships chaala important undy final year ki,0
"movie lo hero okkka song lo 5 countries lo dance chesadu, nenu oka Hyderabad bus stop daateri laedu",1
professor 'open book exam' ante Mahesh library motham bag lo pettukochadu lol,1
online learning convenient ga undy anukunta,0
nenu today Karimnagar ki RTC bus lo vellanu,0
Bhaskar back bench lo undii kani first bencher kanna better marks — back lo wifi strong undie gg,1
"Arjun Mounika ki 'hi' text chesadu, 3 days tarvata reply vasindi — challaa busy schedule undhi gg",1
"Nellore lo okaa seat dorikithe lucky day ani anukunta, destination vastundi leduu 💀",1
nenu Vijayawada lo Instagram use chesthu undie,0
"nenu NTR movies chustanu, chaalaa undy antey",0
"nenu egg rice tinnanu, chala undie",0
regular exercise chaala important undhi health ki,0
maths prepare avvadam ki daily 2 hours chadduvukovadam avnu,0
"ammaaa cooking chesthu undi, nenu help cheyyadam try chesanu — ammaaa 'nuvvu poni chadduvuko' annadi gg",1
"babai cheppadu 'Srinu ni chuso challa undii' — Srinu fail avvunu bro, different level inspiration",1
online learning convenient ga undhi anukuntunna 🙂,0
"nenu Mahesh Babu movies chustanu, challaa undhi anti",0
"nenu chicken curry tinnanu, challa undhi",0
Ramu library lo chemistry chadduvutunnadu,0
"challaa thanks brow, nuvu help chesav — problem chaalaa worse avunuu now",1
"naa maths marks chusaka oka nimisham silent ga undy, grief kaaduu broh — pure shock",1
"meeting lo mute avunu matladanu, 5 mins tarvata telusindi — everyone saw bro",1
"naa wifi chaala fast undie — speed test lo matrame, actual lo laedu broo haha",1
nenu Kurnool lo Instagram use chesthu undii,0
"naa physics paper lo oka question kadu telivindi, kani confident ga avvunu rasa — confidence bro not knowledge lol",1
nenu Nellore lo Instagram use chesthu undhi,0
"diet start chesanu — idli chusaka cancel chesanu, health is wealth but food is life 😭😭",1
Sunday night 11 PM ki Monday ki prepare avvadam start chesanu — classic broh haha,1
resume lo OS skills mention cheyyadam important,0
"Vijay Deverakonda dialogue Surya placement cell lo use chesadu, professor appreciate chesdu — cinema education",1
Mahesh Guntur lo relatives ni chusaadaniki chesadhu,0
"today DSA lab session undy, prepare avutunna 🙂",0
regular exercise chaala important undy health ki,0
"Balayya dialogue Nani seminar hall lo use chesadu, professor appreciate chesadhu — cinema education",1
Rajesh new bike kinukkunnadu last month,0
OS prepare avvadam ki daily 2 hours chadduvukovadam avvunu,0
Mahesh new share auto kinukkunnadu last month,0
online learning convenient ga undie anukunta 🤔,0
"Hotstar lo order chesanu '30 mins' anti — 2 hours lo biryani vasindhi, cold ga undhi haha",1
"meeting lo mute avunu matladanu, 5 mins tarvata telusindi — everyone saw brooo 💀",1
"nenu Balayya movies chustanu, challaa undii anti",0
"diet start chesanu — roti chusaka cancel avunu, health is wealth food is life",1
state lo rainfall chaalaa undie this monsoon,0
"online class lo professor 'unmute avvandi' antee — 50 fans, 10 dogs, 5 ammaa voices haha",1
"babai cheppadu 'Suresh ni chuso challaa undi' — Suresh fail avunuu brooo, different level inspiration lol",1
"amma WhatsApp status 'my son is my pride' pettindi, naa result vasindi — delete chesaadu",1
"diet start chesanu — roti chusaka cancel avunuu, health is wealth food is life 😭😭",1
internships challaa important undhi final year ki 🙌,0
"ex vasindi message 'how are you' ani, nenu physics fail avutunna — great timing broh",1
family function lo okaa uncle adugadu 'marks entha' ani — nanaa topic change chesadu immediately haha,1
"alarm 5 AM ki pettanu 'productive avutanu' ani, snooze chesanu 6 times — productivity achieved lol",1
reading habit chaala useful undii long term lo hmm,0
Surya Guntur lo relatives ni chusaadaniki chesadu,0
"naa wifi challa fast undhi — speed test lo matrame, actual lo laedu bro 😭😭",1
"naa life Prabhas movie la undhi — interval ki twist, climax ki logic ledu broh",1
"Prabhas movie review: 'logic laedu' — fans: 'logic ante em bro, emotion chuso' lol",1
"Swiggy lo upma order chesanu, wrong item vasindi, hungry avunuu tinna — hunger > ego",1
Mahesh library lo OS chadduvutunnadu,0
"nenu pesarattu try chesanu first time, okay ga undy sure",0
"Srinu bro exam ki prepare ledhu, result vasthe 'paper tough undy' ani blame chesadu",1
"today DBMS lab session undie, prepare avutunna 👍👍",0
weather today chaala hot ga undy Kurnool lo,0
"placement cell lo HR adugadu 'where do you see yourself in 5 years', Lucky 'sleeping' annadu — honest answer 🤣",1
regular exercise challa important undhi health ki sure,0
group study sometimes helpful avvunu anukunde sure,0
"internals lo Sai ki 9/30 vasthe 'grace marks' antadu, grace means 9 ye broo lol",1
"Allu Arjun dialogue Vikram placement cell lo use chesadu, professor appreciate chesadhu — cinema education",1
Suresh library lo algorithms chadduvutunnadu,0
"naa OS marks chusaka oka nimisham silent ga undhi, grief kaaduu broo — pure shock",1
nenu Vijayawada lo Instagram use chesthu undi,0
new hospital Karimnagar lo open avutundi next month,0
Lucky Vijayawada lo relatives ni chusaadaniki chesdu,0
reading habit chala useful undi long term lo,0
Sai library lo networks chadduvutunnadu,0
Kurnool lo traffic problem address cheyyaali antee,0
"exam ki notes miss avvadam kaadhu, important undie",0
"nenu Allu Arjun movies chustanu, challaa undhi antey",0
family function lo oka uncle adugadu 'marks entha' ani — nanna topic change chesadu immediately bruh,1
"relatives adugutunnaru 'what are your plans' ani, nenu chemistry pass avvadam plan bro — small goals 💀",1
ammaaa: nuvvuu ekada unnav? nenu: library lo. amma: mee college lo library ekkada undhi ra? caught 💀,1
"today ML lab session undhi, prepare avutunna",0
healthy ga undadam ki chicken curry tinate challaa undie,0
"Vijay Deverakonda okka punch lo 10 mandi ni laedu chesadu, nenu okka DSA paper clear cheyyalekapoyanu bruh",1
reading habit chala useful undii long term lo,0
savings cheyyadam early age lo start cheyyatam better,0
"naa phone battery chala fast poothundi, relationships kanna faster 😭😭",1
professor 'open book exam' anti Lucky library motham bag lo pettukochadu haha,1
group study sometimes helpful avunu anukunde hmm,0
"NTR okka punch lo 10 mandi ni edu chesadu, nenu okka algorithms paper clear cheyyalekapoyanu lmao",1
"nenu biryani try chesanu first time, okay ga undie sure",0
auto wala 'meter leduu' ante 3x rate adugadu — Hyderabad experience 😂,1
"relatives adugutunnaru 'what are your plans' ani, nenu English pass avvadam plan brow — small goals 💀",1
"nenu pesarattu tinnanu, challaa undi",0
"traffic lo Karimnagar lo okka hour stuck, GPS '2 mins away' antu undy — GPS lying broo bruh",1
"naa wifi chala fast undi — speed test lo matrame, actual lo ledhu brow",1
Sekhar back bench lo undii kani first bencher kanna better marks — back lo wifi strong undi gg,1
"valentine's day ki Sekhar alone undy, pesarattu order chesadu — self love era 😂",1
"ammaaa cooking chesthu undii, nenu help cheyyadam try chesanu — amma 'nuvvu poni chadduvuko' annadi",1
morning pesarattu breakfast ki chesamu,0
DSA prepare avvadam ki daily 2 hours chadduvukovadam avnu,0
nenu English interesting undie antey anukuntaa,0
bike maintain cheyyadaniki regular service important undi,0
reading habit challa useful undie long term lo 👍,0
nenu OS interesting undii antee anukunde,0
Bunny seminar hall lo DBMS class attend chesadu,0
nenu Hyderabad lo Instagram use chesthu undie,0
"nannaa 'maa time lo chaala cheyyadam kashtapaddamu' antey, aatime lo English laedu broh — different struggle",1
doctor avvadam chaala kaashtam undi kani worth it,0
"nenu chicken curry tinnanu, challaa undy right",0
mass movie antey Balayya dialogue ni Surya WhatsApp status lo pettadu — feels undie brooo,1
"Prabhas oka punch lo 10 mandi ni ledu chesadu, nenu okka maths paper clear cheyyalekapoyanu bruh",1
nenu Vizag lo YouTube use chesthu undy,0
naa placement cell ki walking distance lo undi,0
"hero bike stunt chesadu, Bhaskar try chesadu — bike undii, Bhaskar hospital lo undhi",1
work from home easy antey — Vikram ammaa background lo chicken curry chesthu meeting lo haha,1
"villain 1000 cr spend chesadu plan ki, hero okaa punch lo finish — ROI zero haha",1
nenu algorithms interesting undi antee anukunta,0
internships chaala important undi final year ki 👍👍,0
exam lo Bhaskar pray chesadu 'God MCQ lo A avvani cheyyadam' — specific prayer works 😭😭,1
government 'smart city' antee Vijayawada lo auto ki roads laedu — very smart,1
Gopi Nellore lo relatives ni chusaadaniki chesadhu,0
bike maintain cheyyadaniki regular service important undhi,0
Mahesh Vijayawada lo relatives ni chusaadaniki chesadu,0
"naaku vada chaalaa ishtam, ammaaa chesindi, vere vada chesindi — betrayal",1
"Balayya movie review: 'logic ledhu' — fans: 'logic ante em brooo, emotion chuso' lmao",1
regular exercise chaala important undy health ki 🙌,0
"Surya assignment last minute chesadu, font 16, margins wide, 3 pages done — engineering genius haha",1
"Priya 'nuvvu change avvali' annadi, Nani hairstyle change chesadu — nenu try chesanu broh",1
regular exercise chala important undie health ki right,0
"Yadav assignment last minute chesadu, font 16, margins wide, 3 pages done — engineering genius bruh",1
Kiran library lo DBMS chadduvutunnadu,0
morning vada breakfast ki chesamu right,0
"'gym join chestanu' ani January 1 ki fee kattanu, January 5 ki forget avunuu — annual tradition 😭😭",1
auto wala 'meter edu' antey 3x rate adugadu — Hyderabad experience,1
"babai cheppadu 'Mahesh ni chuso chaala undy' — Mahesh fail avunu broh, different level inspiration",1
"amma upma chesindi, nenu 'chaalaa undie' annanu — ledu, pure diplomacy brooo",1
"Deepika 'nuwu chaalaa funny' annadi — comedy avvunu antey undy brooo, naaku telidhu still",1
"nenu pesarattu try chesanu first time, okay ga undie",0
algorithms nerchukovadam important undi career ki,0
"traffic lo Warangal lo okka hour stuck, GPS '2 mins away' antu undie — GPS lying bro lol",1
new flyover Hyderabad lo ready avunuu next month,0
Babai new auto kinukkunnadu last month,0
"nanna bike ki petrol edu, naaku pocket money leduu, iddaru same team 😭",1
online learning convenient ga undie anukuntunna,0
"barber ki 'thoda trim' annanu — half head gone broo, lost in translation lol",1
morning pesarattu breakfast ki chesamu right,0
"movie ticket 500 rs, popcorn 300 rs, hero shirtless scene — priceless, worth it gg",1
"Lucky exam hall lo attendance edu broh, but amma tho 'daily velthunna' antadu — technically ledhu lol",1
healthy ga undadam ki chicken curry tinate challaa undhi,0
morning egg rice breakfast ki chesamu 🙌,0
"diet start chesanu — vada chusaka cancel avunu, health is wealth food is life 💀",1
"nenu chicken curry try chesanu first time, okay ga undhi 🙌",0
"ex vasindi message 'how are you' ani, nenu physics fail avutunna — great timing broh 😂",1
teacher avvadam chaala kaashtam undii kani worth it 🤔,0
healthy ga undadam ki chapati tinate chala undy,0
Ramu Nellore lo relatives ni chusaadaniki chesaadu,0
state lo rainfall chala undi this monsoon,0
"diet start chesanu — egg rice chusaka cancel avnu, health is wealth food is life",1
"NTR dialogue Srinu lab lo use chesadu, professor appreciate chesadu — cinema education lol",1
English nerchukovadam important undhi career ki,0
"nenu roti try chesanu first time, okay ga undy right",0
"diet start chesanu — egg rice chusaka cancel chesanu, health is wealth but food is life",1
Rajahmundry lo water supply schedule change avunuu,0
relationship status: DSA tho bro — at least it needs me gg,1
online learning convenient ga undii anukuntunna cool,0
data scientist avvadam challaa kaashtam undi kani worth it 👍👍,0
"naaku pulihora challaa ishtam, amma chesindi, vere pulihora chesindi — betrayal",1
"naa wifi chala fast undi — speed test lo matrame, actual lo edu broh 😂",1
state lo rainfall challaa undhi this monsoon,0
Ramu library lo ML chadduvutunnadu,0
"nenu NTR movies chustanu, challaa undy ante",0
"nenu Mahesh Babu movies chustanu, chaala undy antee",0
relationship status: algorithms tho brooo — at least it needs me,1
egg rice chaalaa healthy ga undi daily tinte 🙂,0
"today DBMS lab session undi, prepare avutunna",0
technology chaalaa fast ga change avutundi 🙏,0
crush cheppindi 'we are just friends' ani — DSA fail kanna painful avnu bro,1
nenu Karimnagar lo GPay use chesthu undhi,0
"naa phone new update vasindi, install chesanu hmm",0
"naa life Chiranjeevi movie la undhi — interval ki twist, climax ki logic leduu broo",1
group study sometimes helpful avnu anukunde,0
"naa chemistry paper lo okaa question kaadhu telivindi, kani confident ga avunu rasa — confidence bro not knowledge lol",1
Surya library lo DSA chadduvutunnadu,0
nenu OS interesting undhi anti anukuntunna,0
new flyover Guntur lo ready avunuu next month,0
Bunny lab lo physics class attend chesadu,0
regular exercise chala important undie health ki hmm,0
nenu physics interesting undhi antey anukunta,0
"naa wifi challa fast undie — speed test lo matrame, actual lo leduu brow bruh",1
"ammaa dosa chesindi, nenu 'chaalaa undy' annanu — ledu, pure diplomacy brow gg",1
Arjun new bus kinukkunnadu last month 🙏,0
Naidu new RTC bus kinukkunnadu last month 🤔,0
"Ravi Lakshmi ki good morning text chesadu daily, adi read avnu reply leduu — read receipts cruelty bro 💔",1
exam lo Naveen pray chesadu 'God MCQ lo A avvani cheyyatam' — specific prayer works 💀,1
Vikram college lo maths class attend chesaadu,0
"nenu upma try chesanu first time, okay ga undii hmm",0
"Bunny Keerthi tho first date ki Hyderabad lo pesarattu tinnaru, bill split chesadu — modern love gg",1
"'gym join chestanu' ani January 1 ki fee kattanu, January 5 ki forget avunu — annual tradition lol",1
"naa maths paper lo okka question kaaduu telivindi, kani confident ga avnu rasa — confidence bro not knowledge lol",1
water challaa taagadam health ki chala avvunu,0
"naa physics professor chala fast bro, notes laedu, brain laedu, hope ledhu, future leduu",1
Bunny new share auto kinukkunnadu last month,0
nenu CN interesting undii ante anukunta,0
"Sravani 'nuvvuu chala funny' annadi — comedy avunuu antee undy broo, naaku telidhu still",1
family function lo okka uncle adugadu 'marks entha' ani — nanna topic change chesadu immediately 🤣,1
"villain 1000 cr spend chesadu plan ki, hero okka punch lo finish — ROI zero 🤣",1
reading habit challaa useful undi long term lo 🙏,0
"Vikram Jyothi ki 'hi' text chesadu, 3 days tarvata reply vasindi — challaa busy schedule undie",1
"Nani Swathi ki 'hi' text chesadu, 3 days tarvata reply vasindi — chala busy schedule undhi 💀",1
"Balayya okka punch lo 10 mandi ni edu chesadu, nenu okka TOC paper clear cheyyalekapoyanu gg",1
"naa CN marks chusaka okkka nimisham silent ga undy, grief kadu brooo — pure shock",1
nenu TOC interesting undy antee anukuntaa,0
"alarm 5 AM ki pettanu 'productive avutanu' ani, snooze chesanu 6 times — productivity achieved lmao",1
Sunday night 11 PM ki Monday ki prepare avvadam start chesanu — classic bro lmao,1
"movie lo hero okaa song lo 5 countries lo dance chesadu, nenu okaa Warangal bus stop daateri leduu 😭😭",1
teacher avvadam challa kaashtam undii kani worth it hmm,0
"villain 1000 cr spend chesadu plan ki, hero oka punch lo finish — ROI zero",1
Bunny algorithms assignment complete chesadu yesterday,0
"Srinu Suma ki good morning text chesadu daily, adi read avunuu reply ledu — read receipts cruelty bro",1
"Suresh canteen lo attendance laedu broh, but ammaaa tho 'daily velthunna' antadu — technically ledhu 💀",1
healthy ga undadam ki biryani tinate chaalaa undi,0
regular exercise chala important undii health ki 🤔,0
reading habit challaa useful undhi long term lo right,0
"nenu gongura rice tinnanu, chaalaa undhi ok",0
"nenu pesarattu tinnanu, chaala undii right",0
mass movie anti Vijay Deverakonda dialogue ni Naveen WhatsApp status lo pettadu — feels undy broh,1
"movie lo hero okka song lo 5 countries lo dance chesadu, nenu okkka Warangal bus stop daateri leduu rip",1
"nenu Mahesh Babu movies chustanu, chaala undii antey",0
"Mahesh Babu dialogue Mahesh seminar hall lo use chesadu, professor appreciate chesaadu — cinema education 😂",1
Gopi new bus kinukkunnadu last month,0
"nannaa 'maa time lo chaalaa cheyydam kashtapaddamu' antey, aatime lo chemistry edu brow — different struggle",1
"'gym join chestanu' ani January 1 ki fee kattanu, January 5 ki forget avunu — annual tradition gg",1
government 'smart city' antey Tirupati lo share auto ki roads edu — very smart,1
internships chala important undy final year ki right,0
"interview ki 'punctual ga veltanu' annanu, 10 mins late avnu — traffic blame chesanu obviously haha",1
"naa life Chiranjeevi movie la undhi — interval ki twist, climax ki logic laedu bro 😭😭",1
"villain 1000 cr spend chesadu plan ki, hero okkka punch lo finish — ROI zero lmao",1
Yadav new cycle kinukkunnadu last month,0
"naa chemistry paper lo okkka question kaadu telivindi, kani confident ga avunu rasa — confidence bro not knowledge",1
"ex vasindi message 'how are you' ani, nenu physics fail avutunna — great timing brow haha",1
new flyover Vijayawada lo ready avunuu next month,0
"phone lo 1% battery, charger room lo undie, nenu hall lo undie — impossible distance",1
"placement cell lo HR adugadu 'where do you see yourself in 5 years', Srinu 'sleeping' annadu — honest answer haha",1
"meeting lo mute avvunu matladanu, 5 mins tarvata telusindi — everyone saw broh gg",1
"naa wifi chaalaa fast undie — speed test lo matrame, actual lo leduu brooo haha",1
"naa DSA paper lo okka question kaaduu telivindi, kani confident ga avvunu rasa — confidence bro not knowledge",1
"Allu Arjun dialogue Surya placement cell lo use chesadu, professor appreciate chesadhu — cinema education gg",1
"challa thanks broh, nuwu help chesav — problem chaalaa worse avunu now",1
regular exercise chala important undii health ki 🙌,0
Sai Vijayawada lo relatives ni chusaadaniki chesaadu,0
"ammaaa pongal chesindi, nenu 'chaala undhi' annanu — ledu, pure diplomacy brooo 😭😭",1
"ammaaa cheppindi 'doctor avutav' ani, naa English marks chusaka 'compounder avvachu' ani update chesindi lol",1
"nenu upma tinnanu, challaa undhi 🤔",0
nenu Warangal lo Swiggy use chesthu undii,0
"Anu 'nuvu chaala funny' annadi — comedy avnu antee undhi broo, naaku telidhu still",1
"Pawan Kalyan dialogue Bunny college lo use chesadu, professor appreciate chesadhu — cinema education 💀",1
"Bunny broh exam ki prepare laedu, result vasthe 'paper tough undii' ani blame chesadu",1
internships chaalaa important undi final year ki ok,0
Rajahmundry challa develop avutundi last few years lo,0
online learning convenient ga undhi anukunde cool,0
"Pawan Kalyan okaa punch lo 10 mandi ni edu chesadu, nenu oka OS paper clear cheyyalekapoyanu",1
bus timings change chesaru Karimnagar lo recently,0
"valentine's day ki Ravi alone undy, sambar order chesadu — self love era",1
time management important undhi students ki,0
"nanaa bike ki petrol edu, naaku pocket money ledhu, iddaru same team 💔",1
Lucky CN assignment complete chesdu yesterday,0
engineer avvadam challa kaashtam undhi kani worth it,0
naa placement cell ki walking distance lo undii,0
internships challa important undii final year ki,0
"Keerthi 'nuvvuu challaa funny' annadi — comedy avunu ante undii broh, naaku telidhu still",1
reading habit challa useful undhi long term lo 🙏,0
DSA nerchukovadam important undii career ki 🙌,0
group study sometimes helpful avunuu anukuntaa 🤔,0
morning sambar breakfast ki chesamu hmm,0
"nenu biryani tinnanu, chaala undhi 👍👍",0
Vikram new cycle kinukkunnadu last month,0
"Surya assignment last minute chesadu, font 16, margins wide, 3 pages done — engineering genius 😭😭",1
nenu Hyderabad lo Zomato use chesthu undi,0
reading habit challa useful undii long term lo right,0
resume lo algorithms skills mention cheyyadam important,0
water chala taagadam health ki chala avunuu,0
"Allu Arjun dialogue Sai college lo use chesadu, professor appreciate chesadhu — cinema education bruh",1
resume lo CN skills mention cheyyadam important,0
water chaalaa taagadam health ki chala avunuu,0
"Ramu assignment last minute chesadu, font 16, margins wide, 3 pages done — engineering genius",1
Lucky networks assignment complete chesdu yesterday,0
"nenu chapati tinnanu, challa undii",0
group study sometimes helpful avunuu anukunta 🤔,0
"diet start chesanu — pulihora chusaka cancel chesanu, health is wealth but food is life 😂",1
regular exercise chaalaa important undhi health ki 🤔,0
"ammaaa cooking chesthu undie, nenu help cheyyadam try chesanu — amma 'nuvvu poni chadduvuko' annadi",1
"diet start chesanu — pesarattu chusaka cancel chesanu, health is wealth but food is life 😭😭",1
"Prabhas dialogue Teja canteen lo use chesadu, professor appreciate chesdu — cinema education bruh",1
Tirupati lo water supply schedule change avnu,0
"Deepika 'nuvu chala funny' annadi — comedy avunuu anti undy brow, naaku telidhu still",1
"nenu online class attend chesanu today, notes rasanu",0
nenu today Rajahmundry ki auto lo vellanu,0
"Priya 'nuvvu change avvali' annadi, Venky hairstyle change chesadu — nenu try chesanu broh gg",1
regular exercise chala important undie health ki,0
Gopi library lo ML chadduvutunnadu,0
professor 'open book exam' anti Venky library motham bag lo pettukochadu,1
"naa phone battery chaala fast poothundi, relationships kanna faster finished",1
college mess lo chemistry class ledu today anti Sekhar ammaa ki call chesadu 'holiday' ani — smart move haha,1
"propose chesanu, 'I think of you as a brother' annadi — ML result kanna worse shock 😭😭",1
"Vikram lab lo attendance ledu broo, but ammaa tho 'daily velthunna' antadu — technically laedu 💀",1
weather today chaalaa hot ga undie Rajahmundry lo,0
"Naidu Kavya ki 'hi' text chesadu, 3 days tarvata reply vasindi — chala busy schedule undie bruh",1
"Swiggy lo gongura rice order chesanu, wrong item vasindhi, hungry avnu tinna — hunger > ego 🤣",1
"Surya Divya ki good morning text chesadu daily, adi read avnu reply laedu — read receipts cruelty brooo",1
algorithms nerchukovadam important undy career ki,0
"naaku biryani chaala ishtam, ammaaa chesindi, vere biryani chesindi — betrayal",1
"nanaa 'maa time lo chaala cheyyatam kashtapaddamu' antee, aatime lo networks ledu broh — different struggle",1
technology chala fast ga change avutundi 🙂,0
nenu Hyderabad lo Instagram use chesthu undy,0
family function lo okkka uncle adugadu 'marks entha' ani — nanaa topic change chesadu immediately bruh,1
nenu Nellore lo Hotstar use chesthu undy,0
morning upma breakfast ki chesamu,0
"babai cheppadu 'Naveen ni chuso chaalaa undy' — Naveen fail avnu brooo, different level inspiration",1
teacher avvadam chala kaashtam undii kani worth it 🙂,0
morning dosa breakfast ki chesamu 👍👍,0
nenu Warangal lo Swiggy use chesthu undy,0
"nenu pulihora tinnanu, chaala undii",0
"babai cheppadu 'Vikram ni chuso chala undy' — Vikram fail avnu broh, different level inspiration",1
professor 'open book exam' antee Arjun library motham bag lo pettukochadu gg,1
new hospital Warangal lo open avutundi next month,0
"nenu roti try chesanu first time, okay ga undy 🤔",0
Sai DBMS assignment complete chesdu yesterday,0
"today maths lab session undy, prepare avutunna 🙂",0
online learning convenient ga undhi anukuntunna,0
"Priya 'nuvvu change avvali' annadi, Chitti hairstyle change chesadu — nenu try chesanu brow",1
internships chaala important undii final year ki,0
"Jyothi 'nuvvu change avvali' annadi, Ravi hairstyle change chesadu — nenu try chesanu brooo 😭😭",1
"ammaaa upma chesindi, nenu 'chala undy' annanu — laedu, pure diplomacy bro",1
work from home easy antee — Arjun ammaaa background lo vada chesthu meeting lo 💀,1
"ATM ki poina, cash ledhu, UPI try chesanu, network leduu — broke in every way",1
"internals lo Surya ki 9/30 vasthe 'grace marks' antadu, grace means 9 ye broh",1
"today English lab session undii, prepare avutunna hmm",0
"ammaa cooking chesthu undy, nenu help cheyyadam try chesanu — amma 'nuvvu poni chadduvuko' annadi",1
regular exercise challa important undii health ki,0
reading habit challaa useful undy long term lo right,0
chicken curry chaalaa healthy ga undhi daily tinte cool,0
"meeting lo mute avunu matladanu, 5 mins tarvata telusindi — everyone saw brooo",1
Kiran Vizag lo relatives ni chusaadaniki chesaadu,0
"babai cheppadu 'Ravi ni chuso challaa undie' — Ravi fail avunuu brooo, different level inspiration",1
bus timings change chesaru Vijayawada lo recently,0
Bunny DBMS assignment complete chesaadu yesterday,0
"naa TOC marks chusaka okka nimisham silent ga undi, grief kadu broo — pure shock",1
"Mahesh college lo attendance ledhu broh, but ammaaa tho 'daily velthunna' antadu — technically leduu",1
Sunday night 11 PM ki Monday ki prepare avvadam start chesanu — classic broh 🤣,1
data scientist avvadam chaala kaashtam undy kani worth it 🙌,0
healthy ga undadam ki dosa tinate chaalaa undhi,0
exam lo Ravi pray chesadu 'God MCQ lo A avvani cheyyatam' — specific prayer works haha,1
"naa English paper lo okkka question kadu telivindi, kani confident ga avunu rasa — confidence bro not knowledge bruh",1
Guntur chala develop avutundi last few years lo,0
"today ML lab session undy, prepare avutunna 🤔",0
healthy ga undadam ki biryani tinate chaala undi,0
internships chala important undi final year ki ok,0
TOC prepare avvadam ki daily 2 hours chadduvukovadam avvunu,0
nenu today Tirupati ki share auto lo vellanu 🙂,0
algorithms nerchukovadam important undii career ki,0
"nenu sambar try chesanu first time, okay ga undi",0
Suresh Kurnool lo relatives ni chusaadaniki chesdu,0
weather today challaa hot ga undhi Warangal lo,0
Kiran Warangal lo relatives ni chusaadaniki chesadhu,0
"naaku biryani chaala ishtam, amma chesindi, vere biryani chesindi — betrayal",1
"Bunny Bhavana ki good morning text chesadu daily, adi read avunuu reply ledu — read receipts cruelty bro",1
"Keerthi 'nuvvu change avvali' annadi, Vikram hairstyle change chesadu — nenu try chesanu brow",1
"Mahesh Bhavana ki 'hi' text chesadu, 3 days tarvata reply vasindi — chala busy schedule undii 😭😭",1
online learning convenient ga undie anukuntaa,0
"NTR dialogue Teja exam hall lo use chesadu, professor appreciate chesdu — cinema education",1
crush cheppindi 'we are just friends' ani — networks fail kanna painful avvunu brow finished,1
work from home easy antee — Sekhar ammaa background lo chapati chesthu meeting lo gg,1
internships chaalaa important undie final year ki 🙂,0
Guntur lo traffic problem address cheyyaali anti,0
"Babai Priya ki 'hi' text chesadu, 3 days tarvata reply vasindi — challaa busy schedule undie 💀",1
"Rajesh Priya ki 'hi' text chesadu, 3 days tarvata reply vasindi — challaa busy schedule undi",1
morning pesarattu breakfast ki chesamu hmm,0
"naa TOC marks chusaka okkka nimisham silent ga undie, grief kaadu broo — pure shock",1
Surya new bike kinukkunnadu last month 👍👍,0
professor 'open book exam' anti Bunny library motham bag lo pettukochadu 😭😭,1
Sai back bench lo undie kani first bencher kanna better marks — back lo wifi strong undi,1
"naa phone new update vasindi, install chesanu 👍👍",0
Naveen back bench lo undhi kani first bencher kanna better marks — back lo wifi strong undhi 😭😭,1
Karimnagar lo water supply schedule change avunu,0
Rajahmundry lo water supply schedule change avvunu,0
"movie lo hero oka song lo 5 countries lo dance chesadu, nenu okka Kurnool bus stop daateri edu F",1
ML prepare avvadam ki daily 2 hours chadduvukovadam avvunu,0
online learning convenient ga undie anukunta 🙂,0
roti chala healthy ga undie daily tinte cool,0
Lucky library lo networks chadduvutunnadu,0
"ex vasindi message 'how are you' ani, nenu TOC fail avutunna — great timing broh gg",1
"Vijay Deverakonda okkka punch lo 10 mandi ni leduu chesadu, nenu okaa DSA paper clear cheyyalekapoyanu 🤣",1
"Surya Swathi ki 'hi' text chesadu, 3 days tarvata reply vasindi — chaala busy schedule undii",1
exam lo Teja pray chesadu 'God MCQ lo A avvani cheyyadam' — specific prayer works 🤣,1
"naa phone battery chala fast poothundi, relationships kanna faster finished",1
"Bunny Swathi ki good morning text chesadu daily, adi read avunuu reply laedu — read receipts cruelty broh 💔",1
"ATM ki poina, cash laedu, UPI try chesanu, network ledu — broke in every way",1
work from home easy antey — Suresh amma background lo upma chesthu meeting lo 😂,1
"Lucky Divya ki good morning text chesadu daily, adi read avnu reply laedu — read receipts cruelty bro",1
"naa phone battery challa fast poothundi, relationships kanna faster rip",1
"babai cheppadu 'Bhaskar ni chuso chaalaa undy' — Bhaskar fail avunuu brooo, different level inspiration haha",1
"nenu pulihora try chesanu first time, okay ga undii right",0
Chitti Guntur lo relatives ni chusaadaniki chesaadu,0
"Nellore lo okka seat dorikithe lucky day ani anukuntaa, destination vastundi ledhu 🤣",1
"babai cheppadu 'Vikram ni chuso chaalaa undie' — Vikram fail avunu broh, different level inspiration",1
"Sai assignment last minute chesadu, font 16, margins wide, 3 pages done — engineering genius 😂",1
morning roti breakfast ki chesamu hmm,0
"amma WhatsApp status 'my son is my pride' pettindi, naa result vasindy — delete chesdu 😭😭",1
Suresh library lo physics chadduvutunnadu,0
"interview ki 'punctual ga veltanu' annanu, 10 mins late avvunu — traffic blame chesanu obviously 💀",1
regular exercise challaa important undhi health ki right,0
nenu OS interesting undy anti anukunta,0
"naaku chicken curry chala ishtam, ammaaa chesindi, vere chicken curry chesindi — betrayal 💀",1
"hero bike stunt chesadu, Kiran try chesadu — bike undi, Kiran hospital lo undii 😭😭",1
"valentine's day ki Bunny alone undie, upma order chesadu — self love era 🤣",1
"today algorithms lab session undhi, prepare avutunna",0
nannaa smartphone istE WhatsApp lo naa result forward chesadu relatives ki — thanks nanaa,1
"nenu Vijay Deverakonda movies chustanu, chaalaa undhi ante",0
water chala taagadam health ki chaala avunu,0
"valentine's day ki Bunny alone undi, gongura rice order chesadu — self love era haha",1
Prasad library lo chemistry chadduvutunnadu,0
"internals lo Nani ki 9/30 vasthe 'grace marks' antadu, grace means 9 ye broo",1
"villain 1000 cr spend chesadu plan ki, hero okkka punch lo finish — ROI zero lol",1
"nenu roti try chesanu first time, okay ga undy 👍",0
mass movie antee Mahesh Babu dialogue ni Mahesh WhatsApp status lo pettadu — feels undie broo,1
chicken curry challa healthy ga undii daily tinte 🙌,0
"naa English marks chusaka okaa nimisham silent ga undie, grief kaaduu broh — pure shock",1
Ravi Guntur lo relatives ni chusaadaniki chesadhu,0
TOC prepare avvadam ki daily 2 hours chadduvukovadam avnu,0
Venky hostel lo networks class attend chesadu 🙏,0
"villain 1000 cr spend chesadu plan ki, hero okka punch lo finish — ROI zero haha",1
"villain 1000 cr spend chesadu plan ki, hero oka punch lo finish — ROI zero 😂",1
new flyover Vijayawada lo ready avvunu next month,0
reading habit chaalaa useful undie long term lo right,0
"nenu Mahesh Babu movies chustanu, challaa undii ante",0
"nenu chapati tinnanu, chala undhi 🙏",0
online learning convenient ga undy anukunde 👍👍,0
"naa OS paper lo okaa question kadu telivindi, kani confident ga avunuu rasa — confidence bro not knowledge",1
Sunday night 11 PM ki Monday ki prepare avvadam start chesanu — classic brooo bruh,1
family function lo okaa uncle adugadu 'marks entha' ani — nanna topic change chesadu immediately 😂,1
"hero bike stunt chesadu, Kiran try chesadu — bike undhi, Kiran hospital lo undy",1
"relatives adugutunnaru 'what are your plans' ani, nenu DSA pass avvadam plan brow — small goals 😭😭",1
"Mahesh Bhavana ki good morning text chesadu daily, adi read avvunu reply ledhu — read receipts cruelty brow 😭",1
amma: nuvvu ekado unnav? nenu: library lo. amma: mee college lo library ekada undie ra? caught bruh,1
bus timings change chesaru Nellore lo recently,0
Guntur lo new metro line start avutundi next year,0
new hospital Rajahmundry lo open avutundi next month,0
nenu Warangal lo YouTube use chesthu undhi,0
"nenu chicken curry try chesanu first time, okay ga undy 🤔",0
"movie lo hero oka song lo 5 countries lo dance chesadu, nenu okka Guntur bus stop daateri ledhu",1
naa college ki walking distance lo undie,0
"exam ki notes miss avvadam kadu, important undy",0
nenu Karimnagar lo Instagram use chesthu undy,0
weather today chala hot ga undi Karimnagar lo,0
auto wala 'meter ledu' antee 3x rate adugadu — Hyderabad experience,1
Mahesh new Activa kinukkunnadu last month,0
professor 'open book exam' anti Venky library motham bag lo pettukochadu gg,1
regular exercise challaa important undii health ki,0
"challa thanks brooo, nuvu help chesav — problem chaalaa worse avunuu now haha",1
"relatives adugutunnaru 'what are your plans' ani, nenu maths pass avvadam plan brooo — small goals",1
"nenu egg rice tinnanu, challa undhi",0
"Keerthi 'nuvvu change avvali' annadi, Arjun hairstyle change chesadu — nenu try chesanu broo 💀",1
auto wala 'meter ledu' anti 3x rate adugadu — Hyderabad experience 💀,1
regular exercise chaala important undi health ki,0
nenu Kurnool lo Zomato use chesthu undy,0
"nenu Prabhas movies chustanu, chala undy antee",0
Surya DSA assignment complete chesaadu yesterday,0
group study sometimes helpful avunu anukuntunna 🙏,0
Tirupati chala develop avutundi last few years lo,0
professor 'open book exam' ante Venky library motham bag lo pettukochadu 🤣,1
naa hostel ki walking distance lo undhi,0
"nanna 'maa time lo chaala cheyydam kashtapaddamu' ante, aatime lo CN laedu broh — different struggle",1
Ramu new Splendor kinukkunnadu last month,0
"supermarket ki okkka item ki poina, 10 items tho vasina — market psychology wins lol",1
"chaalaa thanks brow, nuvu help chesav — problem challaa worse avunu now 💀",1
"nenu sambar try chesanu first time, okay ga undii cool",0
sambar challaa healthy ga undhi daily tinte,0
"Yadav Swathi ki good morning text chesadu daily, adi read avunu reply ledu — read receipts cruelty brooo 😭",1
"naa physics marks chusaka oka nimisham silent ga undhi, grief kaadhu brooo — pure shock",1
"alarm 5 AM ki pettanu 'productive avutanu' ani, snooze chesanu 6 times — productivity achieved bruh",1
"hero bike stunt chesadu, Sekhar try chesadu — bike undie, Sekhar hospital lo undi 😂",1
"placement cell lo HR adugadu 'where do you see yourself in 5 years', Naidu 'sleeping' annadu — honest answer bruh",1
"naa life Prabhas movie la undii — interval ki twist, climax ki logic edu bro",1
family function lo okkka uncle adugadu 'marks entha' ani — nanna topic change chesadu immediately 😭😭,1
"Allu Arjun okka punch lo 10 mandi ni ledhu chesadu, nenu oka networks paper clear cheyyalekapoyanu 😭😭",1
"Surya brow exam ki prepare laedu, result vasthe 'paper tough undie' ani blame chesadu bruh",1
Sekhar chemistry assignment complete chesadhu yesterday,0
"Haritha 'nuvvuu challaa funny' annadi — comedy avvunu ante undii bro, naaku telidhu still 🤣",1
"chaala thanks broo, nuvvuu help chesav — problem challaa worse avvunu now lmao",1
DBMS prepare avvadam ki daily 2 hours chadduvukovadam avunu,0
"nannaa 'maa time lo chala cheyyadam kashtapaddamu' antee, aatime lo maths edu broh — different struggle",1
"amma WhatsApp status 'my son is my pride' pettindi, naa result vasindhi — delete chesadhu 🤣",1
"diet start chesanu — chapati chusaka cancel chesanu, health is wealth but food is life",1
"phone lo 1% battery, charger room lo undi, nenu hall lo undy — impossible distance 💔",1
Teja English assignment complete chesdu yesterday,0
Arjun Vijayawada lo relatives ni chusaadaniki chesadu,0
engineer avvadam chala kaashtam undii kani worth it sure,0
crush cheppindi 'we are just friends' ani — OS fail kanna painful avnu bro,1
"naa physics professor chaalaa fast brooo, notes ledu, brain leduu, hope edu, future ledu finished",1
"nenu Mahesh Babu movies chustanu, chaalaa undy anti",0
healthy ga undadam ki dosa tinate challa undhi,0
"nenu Mahesh Babu movies chustanu, chala undhi antee",0
weather today chaalaa hot ga undy Nellore lo,0
Suresh OS assignment complete chesaadu yesterday,0
nenu English interesting undi antee anukunde,0
healthy ga undadam ki pesarattu tinate challaa undi,0
"Suma 'nuvvu change avvali' annadi, Sekhar hairstyle change chesadu — nenu try chesanu brooo",1
healthy ga undadam ki upma tinate chaala undie,0
"nenu Vijay Deverakonda movies chustanu, challaa undi anti",0
nenu TOC interesting undie antey anukuntaa,0
ammaaa: nuvvuu ekado unnav? nenu: library lo. amma: mee college lo library ekkada undii ra? caught,1
nenu Kurnool lo GPay use chesthu undie,0
"hero bike stunt chesadu, Babai try chesadu — bike undii, Babai hospital lo undii",1
weather today chaalaa hot ga undhi Guntur lo,0
naa mess ki walking distance lo undi,0
"ATM ki poina, cash edu, UPI try chesanu, network leduu — broke in every way 💔",1
healthy ga undadam ki chapati tinate chaalaa undy,0
"Chitti bro exam ki prepare ledu, result vasthe 'paper tough undy' ani blame chesadu bruh",1
Kurnool challaa develop avutundi last few years lo,0
"Balayya movie lo villain chaala try chesadu, hero ki oka scratch ledhu — plot armour max level",1
"Bhavana 'nuvvu change avvali' annadi, Ramu hairstyle change chesadu — nenu try chesanu brow 💀",1
"ammaaa idli chesindi, nenu 'challa undi' annanu — ledhu, pure diplomacy broh",1
nenu OS interesting undii antey anukunta,0
"Vijayawada lo oka seat dorikithe lucky day ani anukunde, destination vastundi ledhu 🤣",1
nenu networks interesting undi antey anukuntaa,0
nenu DSA interesting undy anti anukuntaa,0
nenu today Tirupati ki auto lo vellanu 👍👍,0
"naaku roti chaala ishtam, amma chesindi, vere roti chesindi — betrayal haha",1
relationship status: TOC tho bro — at least it needs me lmao,1
"naa algorithms professor chala fast bro, notes ledhu, brain leduu, hope ledhu, future edu",1
chicken curry challa healthy ga undhi daily tinte ok,0
regular exercise chaalaa important undi health ki,0
weather today chaala hot ga undhi Tirupati lo,0
"nenu pongal try chesanu first time, okay ga undy 🤔",0
auto wala 'meter ledhu' ante 3x rate adugadu — Hyderabad experience,1
"nannaa bike ki petrol laedu, naaku pocket money ledu, iddaru same team 💔",1
"Mahesh brow exam ki prepare leduu, result vasthe 'paper tough undy' ani blame chesadu bruh",1
resume lo networks skills mention cheyyadam important,0
nenu Guntur lo Zomato use chesthu undy,0
"online class lo professor 'unmute avvandi' antee — 50 fans, 10 dogs, 5 amma voices",1
regular exercise chaala important undii health ki,0
Suresh placement cell lo maths class attend chesadu 🙂,0
college mess lo algorithms class leduu today ante Prasad amma ki call chesadu 'holiday' ani — smart move,1
reading habit challa useful undii long term lo,0
internships challa important undhi final year ki 👍👍,0
Venky TOC assignment complete chesaadu yesterday,0
"Srinu assignment last minute chesadu, font 16, margins wide, 3 pages done — engineering genius lmao",1
IAS officer avvadam challaa kaashtam undhi kani worth it,0
water chaalaa taagadam health ki challaa avunuu,0
"ATM ki poina, cash leduu, UPI try chesanu, network ledhu — broke in every way",1
regular exercise chaala important undhi health ki 👍,0
Sekhar library lo CN chadduvutunnadu,0
"placement cell lo HR adugadu 'where do you see yourself in 5 years', Ravi 'sleeping' annadu — honest answer haha",1
weather today chala hot ga undy Tirupati lo,0
"babai cheppadu 'Venky ni chuso chaala undy' — Venky fail avunu brooo, different level inspiration",1
regular exercise challa important undy health ki,0
Vikram new share auto kinukkunnadu last month,0
regular exercise challaa important undii health ki ok,0
online learning convenient ga undy anukuntaa 🙂,0
phone battery life increase ki screen brightness taginchu,0
"ammaa cheppindi 'doctor avutav' ani, naa physics marks chusaka 'compounder avvachu' ani update chesindi gg",1
state lo rainfall challa undhi this monsoon,0
"naa ML paper lo oka question kadu telivindi, kani confident ga avnu rasa — confidence bro not knowledge",1
"chala thanks broh, nuvvuu help chesav — problem chala worse avunuu now",1
"movie lo hero oka song lo 5 countries lo dance chesadu, nenu okkka Hyderabad bus stop daateri ledu 💔",1
"Mahesh Babu dialogue Babai college lo use chesadu, professor appreciate chesaadu — cinema education 😂",1
Suresh new RTC bus kinukkunnadu last month 🙏,0
Surya new share auto kinukkunnadu last month,0
"Chitti Divya tho first date ki Vijayawada lo roti tinnaru, bill split chesadu — modern love 😂",1
regular exercise chaalaa important undy health ki,0
IAS officer avvadam chaalaa kaashtam undii kani worth it ok,0
crush cheppindi 'we are just friends' ani — algorithms fail kanna painful avnu bro gone case,1
college hostel lo ML class edu today antey Sekhar amma ki call chesadu 'holiday' ani — smart move,1
government 'smart city' antee Warangal lo bus ki roads edu — very smart,1
regular exercise challaa important undii health ki 🤔,0
"Mahesh Babu okka punch lo 10 mandi ni ledhu chesadu, nenu okaa maths paper clear cheyyalekapoyanu 😭😭",1
"challaa thanks brooo, nuvvu help chesav — problem chala worse avvunu now",1
Rajahmundry chaala develop avutundi last few years lo,0
"Lakshmi 'nuwu challaa funny' annadi — comedy avunuu antey undhi bro, naaku telidhu still",1
healthy ga undadam ki vada tinate challaa undii,0
weather today challaa hot ga undie Nellore lo,0
"nenu pulihora tinnanu, chaalaa undhi",0
maths prepare avvadam ki daily 2 hours chadduvukovadam avunu,0
reading habit challaa useful undie long term lo,0
internet speed improve avunuu rural areas lo,0
"naa wifi chala fast undy — speed test lo matrame, actual lo ledu broh bruh",1
engineer avvadam challa kaashtam undi kani worth it,0
"movie lo hero okka song lo 5 countries lo dance chesadu, nenu okka Kurnool bus stop daateri ledhu 💔",1
"propose chesanu, 'I think of you as a brother' annadi — physics result kanna worse shock 😭😭",1
"morning 6 ki alarm, snooze, 7 ki alarm, snooze, 9 ki amma voice — most effective alarm",1
ML nerchukovadam important undy career ki,0
"Prasad Sravani tho first date ki Vijayawada lo pongal tinnaru, bill split chesadu — modern love 😂",1
Prasad TOC assignment complete chesaadu yesterday,0
password strong ga pettadam security ki important,0
"nenu dosa try chesanu first time, okay ga undie 🙂",0
"diet start chesanu — roti chusaka cancel chesanu, health is wealth but food is life haha",1
DBMS nerchukovadam important undii career ki right,0
"naa wifi chala fast undi — speed test lo matrame, actual lo ledu brow lmao",1
"phone lo 1% battery, charger room lo undii, nenu hall lo undie — impossible distance 😭😭",1
"naa wifi chaala fast undii — speed test lo matrame, actual lo ledhu brow 😂",1
"naa chemistry marks chusaka okaa nimisham silent ga undii, grief kaadhu broo — pure shock",1
"ammaaa WhatsApp status 'my son is my pride' pettindi, naa result vasindii — delete chesadu 😂",1
"ammaaa pulihora chesindi, nenu 'chala undy' annanu — leduu, pure diplomacy broh lmao",1
new hospital Vizag lo open avutundi next month,0
"today chemistry lab session undie, prepare avutunna 🙂",0
networks prepare avvadam ki daily 2 hours chadduvukovadam avunu,0
"Srinu university lo attendance ledu broh, but amma tho 'daily velthunna' antadu — technically ledu 😭😭",1
"amma cooking chesthu undy, nenu help cheyyadam try chesanu — ammaaa 'nuvvu poni chadduvuko' annadi",1
"Jyothi 'nuwu challaa funny' annadi — comedy avnu anti undy brooo, naaku telidhu still",1
"Allu Arjun okkka punch lo 10 mandi ni laedu chesadu, nenu okka networks paper clear cheyyalekapoyanu",1
"Suma 'nuvu challaa funny' annadi — comedy avnu anti undy brow, naaku telidhu still 😭😭",1
naa seminar hall ki walking distance lo undie,0
gongura rice chaala healthy ga undie daily tinte 👍,0
ammaaa: nuwu ekkadaa unnav? nenu: library lo. amma: mee college lo library ekkada undhi ra? caught haha,1
"Hyderabad lo okka seat dorikithe lucky day ani anukunta, destination vastundi ledu lol",1
"naa networks paper lo okka question kadu telivindi, kani confident ga avunuu rasa — confidence bro not knowledge",1
"ex vasindi message 'how are you' ani, nenu TOC fail avutunna — great timing broo gg",1
"Pawan Kalyan dialogue Venky library lo use chesadu, professor appreciate chesaadu — cinema education",1
"NTR okaa punch lo 10 mandi ni edu chesadu, nenu oka DSA paper clear cheyyalekapoyanu gg",1
"Gopi assignment last minute chesadu, font 16, margins wide, 3 pages done — engineering genius 🤣",1
weather today challa hot ga undy Rajahmundry lo,0
"Srinu mess lo attendance leduu brooo, but amma tho 'daily velthunna' antadu — technically ledhu haha",1
"Naveen assignment last minute chesadu, font 16, margins wide, 3 pages done — engineering genius",1
morning egg rice breakfast ki chesamu,0
"nanna 'maa time lo challa cheyydam kashtapaddamu' anti, aatime lo chemistry laedu broo — different struggle",1
doctor avvadam chaalaa kaashtam undii kani worth it,0
Yadav library lo CN chadduvutunnadu,0
"barber ki 'thoda trim' annanu — half head gone brooo, lost in translation 💀",1
Kiran new Splendor kinukkunnadu last month,0
nenu today Vizag ki share auto lo vellanu 👍👍,0
Naveen CN assignment complete chesdu yesterday,0
"babai cheppadu 'Naveen ni chuso chaalaa undhi' — Naveen fail avvunu brooo, different level inspiration",1
"Lakshmi 'nuvvu change avvali' annadi, Teja hairstyle change chesadu — nenu try chesanu brooo",1
"naa wifi challa fast undii — speed test lo matrame, actual lo laedu broo 🤣",1
"nannaa bike ki petrol laedu, naaku pocket money leduu, iddaru same team F",1
CA avvadam challa kaashtam undi kani worth it,0
"Warangal lo okaa seat dorikithe lucky day ani anukunde, destination vastundi edu lmao",1
"internals lo Ravi ki 9/30 vasthe 'grace marks' antadu, grace means 9 ye brooo haha",1
family function lo okka uncle adugadu 'marks entha' ani — nanna topic change chesadu immediately gg,1
Kiran new bus kinukkunnadu last month cool,0
mass movie antee Chiranjeevi dialogue ni Suresh WhatsApp status lo pettadu — feels undy broo,1
"nenu Balayya movies chustanu, chaala undie antey",0
"naa TOC marks chusaka oka nimisham silent ga undi, grief kaaduu brooo — pure shock",1
"barber ki 'thoda trim' annanu — half head gone bro, lost in translation",1
"propose chesanu, 'I think of you as a brother' annadi — algorithms result kanna worse shock 💔",1
"today physics lab session undii, prepare avutunna",0
"ex vasindi message 'how are you' ani, nenu maths fail avutunna — great timing bro",1
Mahesh new Splendor kinukkunnadu last month 👍👍,0
Ramu new bus kinukkunnadu last month,0
"supermarket ki okka item ki poina, 10 items tho vasina — market psychology wins haha",1
OS nerchukovadam important undi career ki 🙂,0
amma: nuwu ekado unnav? nenu: library lo. amma: mee college lo library ekkadaa undi ra? caught 😂,1
Venky physics assignment complete chesadhu yesterday,0
"interview ki 'punctual ga veltanu' annanu, 10 mins late avunuu — traffic blame chesanu obviously 🤣",1
"Kavya 'nuvu chaalaa funny' annadi — comedy avunu ante undie bro, naaku telidhu still",1
"'gym join chestanu' ani January 1 ki fee kattanu, January 5 ki forget avunuu — annual tradition gg",1
"movie lo hero okaa song lo 5 countries lo dance chesadu, nenu oka Tirupati bus stop daateri ledhu",1
"naa life Chiranjeevi movie la undhi — interval ki twist, climax ki logic edu broh",1
Nellore chaalaa develop avutundi last few years lo,0
morning vada breakfast ki chesamu sure,0
mass movie anti Allu Arjun dialogue ni Vikram WhatsApp status lo pettadu — feels undii broh gg,1
"villain 1000 cr spend chesadu plan ki, hero okkka punch lo finish — ROI zero bruh",1
"naa wifi chaala fast undy — speed test lo matrame, actual lo laedu bro",1
"ATM ki poina, cash ledu, UPI try chesanu, network edu — broke in every way 😭😭",1
"Venky Indu ki 'hi' text chesadu, 3 days tarvata reply vasindi — chaalaa busy schedule undie",1
naa hostel ki walking distance lo undy,0
"movie lo hero oka song lo 5 countries lo dance chesadu, nenu okkka Nellore bus stop daateri ledu 😭",1
"Suma 'nuvvu change avvali' annadi, Rajesh hairstyle change chesadu — nenu try chesanu broo bruh",1
relationship status: DSA tho bro — at least it needs me 🤣,1
"Prasad Kavya ki good morning text chesadu daily, adi read avunuu reply ledhu — read receipts cruelty brow rip",1
Surya library lo OS chadduvutunnadu,0
software engineer avvadam chala kaashtam undi kani worth it,0
auto wala 'meter laedu' antey 3x rate adugadu — Hyderabad experience,1
internships chaalaa important undii final year ki,0
"diet start chesanu — vada chusaka cancel chesanu, health is wealth but food is life",1
interview ki formal dress wear cheyyadam better undii,0
"Deepika 'nuvu chaala funny' annadi — comedy avvunu ante undii brooo, naaku telidhu still",1
Sekhar lab lo chemistry class attend chesdu 🙌,0
college university lo maths class leduu today anti Lucky amma ki call chesadu 'holiday' ani — smart move lol,1
family function lo okkka uncle adugadu 'marks entha' ani — nannaa topic change chesadu immediately,1
"placement cell lo HR adugadu 'where do you see yourself in 5 years', Sekhar 'sleeping' annadu — honest answer 😂",1
maths nerchukovadam important undi career ki,0
college mess lo networks class edu today antey Chitti ammaaa ki call chesadu 'holiday' ani — smart move bruh,1
electricity rates change avutunnai Vijayawada lo,0
"naa DBMS professor chaala fast broh, notes ledu, brain leduu, hope ledhu, future leduu F",1
"Ramu Keerthi ki 'hi' text chesadu, 3 days tarvata reply vasindi — chaalaa busy schedule undie",1
healthy ga undadam ki idli tinate chaalaa undii,0
"diet start chesanu — pulihora chusaka cancel chesanu, health is wealth but food is life",1
Warangal lo new metro line start avutundi next year,0
"chaalaa thanks bro, nuvu help chesav — problem challaa worse avunu now gg",1
"PhonePe lo order chesanu '30 mins' anti — 2 hours lo sambar vasindi, cold ga undhi",1
new traffic rules implement avutunnai state wide,0
"Zomato lo order chesanu '30 mins' antee — 2 hours lo gongura rice vasindy, cold ga undy 😂",1
Naidu Kurnool lo relatives ni chusaadaniki chesdu,0
"nenu Chiranjeevi movies chustanu, chaalaa undy ante",0
"NTR okkka punch lo 10 mandi ni leduu chesadu, nenu okaa CN paper clear cheyyalekapoyanu gg",1
"amma 'oka teacher ni chadi, set avutav' anti, nenu still maths clear cheyyalekapotunna",1
technology challaa fast ga change avutundi 🙂,0
online learning convenient ga undhi anukunde 🤔,0
morning pesarattu breakfast ki chesamu cool,0
"movie lo hero oka song lo 5 countries lo dance chesadu, nenu okkka Kurnool bus stop daateri leduu",1
"nenu egg rice tinnanu, challa undi",0
nenu Nellore lo Hotstar use chesthu undii,0
"Pawan Kalyan dialogue Sai university lo use chesadu, professor appreciate chesaadu — cinema education lol",1
Rajesh Hyderabad lo relatives ni chusaadaniki chesadu,0
Arjun library lo networks chadduvutunnadu,0
"phone lo 1% battery, charger room lo undy, nenu hall lo undie — impossible distance F",1
"ATM ki poina, cash ledu, UPI try chesanu, network ledhu — broke in every way finished",1
"naa life Chiranjeevi movie la undy — interval ki twist, climax ki logic leduu broh",1
IAS officer avvadam chaala kaashtam undi kani worth it,0
"Bhaskar Lakshmi ki 'hi' text chesadu, 3 days tarvata reply vasindi — chaalaa busy schedule undhi",1
"Srinu Deepika ki 'hi' text chesadu, 3 days tarvata reply vasindi — chaala busy schedule undhi",1
nenu Hyderabad lo Hotstar use chesthu undhi,0
"Divya 'nuvvu change avvali' annadi, Lucky hairstyle change chesadu — nenu try chesanu brooo",1
relationship status: DBMS tho broh — at least it needs me haha,1
time management important undie students ki,0
ammaa: nuvvuu ekkado unnav? nenu: library lo. amma: mee college lo library ekkada undy ra? caught haha,1
relationship status: algorithms tho brow — at least it needs me 💀,1
government 'smart city' ante Karimnagar lo share auto ki roads ledu — very smart,1
"hero bike stunt chesadu, Sekhar try chesadu — bike undii, Sekhar hospital lo undy 😂",1
Tirupati lo traffic problem address cheyyaali ante,0
Sunday night 11 PM ki Monday ki prepare avvadam start chesanu — classic bro lol,1
"nenu gongura rice try chesanu first time, okay ga undi",0
Gopi Hyderabad lo relatives ni chusaadaniki chesaadu,0
naa university ki walking distance lo undy,0
ammaa: nuvvuu ekkada unnav? nenu: library lo. amma: mee college lo library ekado undie ra? caught lmao,1
"Priya 'nuvvu change avvali' annadi, Surya hairstyle change chesadu — nenu try chesanu brow",1
reading habit chaala useful undi long term lo 🤔,0
"internals lo Gopi ki 9/30 vasthe 'grace marks' antadu, grace means 9 ye brow lol",1
chemistry prepare avvadam ki daily 2 hours chadduvukovadam avunuu,0
weather today chaalaa hot ga undii Kurnool lo,0
"Chitti Indu ki 'hi' text chesadu, 3 days tarvata reply vasindi — chaalaa busy schedule undy",1
"amma WhatsApp status 'my son is my pride' pettindi, naa result vasindy — delete chesdu",1
"PhonePe lo upma order chesanu, wrong item vasindhi, hungry avnu tinna — hunger > ego",1
"exam ki notes miss avvadam kadu, important undie",0
Vikram hostel lo CN class attend chesadu,0
Mahesh maths assignment complete chesadhu yesterday,0
"Srinu brooo exam ki prepare ledhu, result vasthe 'paper tough undy' ani blame chesadu 💀",1
reading habit chaala useful undie long term lo right,0
new flyover Hyderabad lo ready avunu next month,0
nenu Nellore lo GPay use chesthu undy,0
"Prasad Kavya ki good morning text chesadu daily, adi read avunuu reply ledhu — read receipts cruelty bro",1
new flyover Rajahmundry lo ready avnu next month,0
pulihora challa healthy ga undhi daily tinte 🤔,0
Prasad library lo DSA class attend chesdu,0
"valentine's day ki Naidu alone undi, idli order chesadu — self love era haha",1
government 'smart city' ante Tirupati lo share auto ki roads ledhu — very smart 😭😭,1
"naa DBMS marks chusaka okkka nimisham silent ga undi, grief kadu broh — pure shock",1
crush cheppindi 'we are just friends' ani — OS fail kanna painful avunuu bro,1
Rajesh new Activa kinukkunnadu last month cool,0
water chaala taagadam health ki chala avunuu,0
Ramu library lo DSA chadduvutunnadu,0
engineer avvadam chala kaashtam undi kani worth it,0
healthy ga undadam ki sambar tinate challa undy,0
professor 'open book exam' antey Rajesh library motham bag lo pettukochadu 🤣,1
Kiran hostel lo OS class attend chesadu,0
nenu algorithms interesting undhi antey anukuntunna,0
Mahesh Vizag lo relatives ni chusaadaniki chesaadu,0
"nenu egg rice tinnanu, challaa undii 🙂",0
reading habit chala useful undii long term lo hmm,0
internships challa important undie final year ki,0
"Indu 'nuwu chaalaa funny' annadi — comedy avunu antey undy broh, naaku telidhu still 😂",1
"morning 6 ki alarm, snooze, 7 ki alarm, snooze, 9 ki ammaa voice — most effective alarm 💀",1
"traffic lo Warangal lo okka hour stuck, GPS '2 mins away' antu undhi — GPS lying brow 😭😭",1
"naa networks professor chala fast broh, notes ledhu, brain ledhu, hope laedu, future ledu",1
"Prabhas dialogue Vikram canteen lo use chesadu, professor appreciate chesadhu — cinema education",1
morning idli breakfast ki chesamu,0
government 'smart city' antee Rajahmundry lo share auto ki roads ledhu — very smart lol,1
nenu algorithms interesting undi antey anukuntaa,0
Ravi exam hall lo chemistry class attend chesaadu sure,0
college exam hall lo CN class leduu today antee Prasad amma ki call chesadu 'holiday' ani — smart move,1
water challaa taagadam health ki chaalaa avvunu,0
"Prabhas movie lo villain challaa try chesadu, hero ki okkka scratch ledhu — plot armour max level haha",1
"valentine's day ki Bhaskar alone undii, roti order chesadu — self love era lmao",1
"Jyothi 'nuwu chala funny' annadi — comedy avunuu antey undy broh, naaku telidhu still haha",1
"nenu chicken curry try chesanu first time, okay ga undii 👍",0
"Instagram lo idli order chesanu, wrong item vasindi, hungry avnu tinna — hunger > ego haha",1
CN nerchukovadam important undi career ki right,0
"Prabhas movie review: 'logic ledu' — fans: 'logic ante em brooo, emotion chuso' 🤣",1
"today TOC lab session undii, prepare avutunna cool",0
"today TOC lab session undhi, prepare avutunna 🤔",0
CA avvadam challaa kaashtam undy kani worth it 👍👍,0
"nenu egg rice try chesanu first time, okay ga undy ok",0
Vikram library lo TOC chadduvutunnadu,0
Kiran new RTC bus kinukkunnadu last month,0
"Lucky Divya ki 'hi' text chesadu, 3 days tarvata reply vasindi — challa busy schedule undy 💀",1
nenu today Karimnagar ki Splendor lo vellanu,0
"amma WhatsApp status 'my son is my pride' pettindi, naa result vasindhi — delete chesaadu 🤣",1
"meeting lo mute avunuu matladanu, 5 mins tarvata telusindi — everyone saw broo",1
Nani library lo DBMS chadduvutunnadu,0
healthy ga undadam ki biryani tinate chala undhi,0
pesarattu challaa healthy ga undie daily tinte 👍👍,0
"nenu Chiranjeevi movies chustanu, challaa undii antee",0
"movie lo hero okkka song lo 5 countries lo dance chesadu, nenu okaa Hyderabad bus stop daateri leduu 😭",1
auto wala 'meter ledhu' antee 3x rate adugadu — Hyderabad experience,1
weather today challa hot ga undy Hyderabad lo,0
"Mounika 'nuvvu change avvali' annadi, Chitti hairstyle change chesadu — nenu try chesanu broh",1
naa college ki walking distance lo undi,0
auto wala 'meter laedu' ante 3x rate adugadu — Hyderabad experience gg,1
Sai Kurnool lo relatives ni chusaadaniki chesdu,0
"nenu NTR movies chustanu, chaala undi antee",0
"nenu dosa try chesanu first time, okay ga undy 🙂",0
"hero bike stunt chesadu, Prasad try chesadu — bike undy, Prasad hospital lo undy gg",1
"placement cell lo HR adugadu 'where do you see yourself in 5 years', Surya 'sleeping' annadu — honest answer gg",1
"today algorithms lab session undi, prepare avutunna 🤔",0
"Chiranjeevi movie lo villain chala try chesadu, hero ki oka scratch edu — plot armour max level 😂",1
Chitti new RTC bus kinukkunnadu last month,0
"meeting lo mute avunu matladanu, 5 mins tarvata telusindi — everyone saw broo gg",1
Sai algorithms assignment complete chesadu yesterday,0
professor 'open book exam' ante Babai library motham bag lo pettukochadu 😂,1
"naa phone battery challa fast poothundi, relationships kanna faster",1
Tirupati lo new metro line start avutundi next year,0
Suresh library lo ML class attend chesaadu,0
"Sravani 'nuwu challaa funny' annadi — comedy avunuu antey undy broo, naaku telidhu still",1
"Mounika 'nuwu chaalaa funny' annadi — comedy avvunu anti undie broh, naaku telidhu still",1
new flyover Vijayawada lo ready avunu next month,0
"online class lo professor 'unmute avvandi' anti — 50 fans, 10 dogs, 5 amma voices haha",1
bus timings change chesaru Hyderabad lo recently,0
roti chaala healthy ga undi daily tinte,0
"babai cheppadu 'Kiran ni chuso chaala undhi' — Kiran fail avunuu brooo, different level inspiration haha",1
"Bunny assignment last minute chesadu, font 16, margins wide, 3 pages done — engineering genius",1
doctor avvadam chaalaa kaashtam undi kani worth it,0
chemistry nerchukovadam important undii career ki,0
"naa phone battery challa fast poothundi, relationships kanna faster 😭😭",1
weather today chala hot ga undii Vijayawada lo,0
nenu today Tirupati ki Activa lo vellanu,0
"Lucky Anu ki 'hi' text chesadu, 3 days tarvata reply vasindi — chala busy schedule undhi 🤣",1
"phone lo 1% battery, charger room lo undii, nenu hall lo undii — impossible distance F",1
"traffic lo Vizag lo okaa hour stuck, GPS '2 mins away' antu undii — GPS lying brow",1
water chaala taagadam health ki chaalaa avunu,0
"naaku vada challaa ishtam, ammaaa chesindi, vere vada chesindi — betrayal 😂",1
Rajesh mess lo TOC class attend chesadhu,0
"naa DSA paper lo okkka question kadu telivindi, kani confident ga avvunu rasa — confidence bro not knowledge haha",1
"alarm 5 AM ki pettanu 'productive avutanu' ani, snooze chesanu 6 times — productivity achieved gg",1
"naa algorithms paper lo okkka question kaadhu telivindi, kani confident ga avvunu rasa — confidence bro not knowledge",1
nanna smartphone istE WhatsApp lo naa result forward chesadu relatives ki — thanks nannaa finished,1
"nenu dosa tinnanu, challaa undy",0
"movie lo hero oka song lo 5 countries lo dance chesadu, nenu okka Warangal bus stop daateri ledu finished",1
nenu Rajahmundry lo Zomato use chesthu undii,0
"valentine's day ki Prasad alone undy, upma order chesadu — self love era",1
naa hostel ki walking distance lo undie,0
Yadav OS assignment complete chesadhu yesterday,0
"movie lo hero okkka song lo 5 countries lo dance chesadu, nenu okkka Kurnool bus stop daateri edu gone case",1
"nenu egg rice tinnanu, challa undii",0
"diet start chesanu — biryani chusaka cancel avnu, health is wealth food is life",1
internships chaala important undhi final year ki 🙌,0
nenu Warangal lo Hotstar use chesthu undi,0
nenu algorithms interesting undie anti anukuntunna,0
Ramu library lo networks chadduvutunnadu,0
"meeting lo mute avunuu matladanu, 5 mins tarvata telusindi — everyone saw broo lol",1
work from home easy ante — Sai ammaa background lo upma chesthu meeting lo,1
work from home easy ante — Srinu ammaaa background lo chapati chesthu meeting lo 💀,1
professor 'open book exam' ante Prasad library motham bag lo pettukochadu lol,1
"diet start chesanu — pesarattu chusaka cancel chesanu, health is wealth but food is life gg",1
"Pawan Kalyan movie lo villain challa try chesadu, hero ki oka scratch leduu — plot armour max level lmao",1
"relatives adugutunnaru 'what are your plans' ani, nenu DBMS pass avvadam plan bro — small goals bruh",1
state lo rainfall chala undy this monsoon,0
"NTR dialogue Srinu hostel lo use chesadu, professor appreciate chesadhu — cinema education bruh",1
weather today chaala hot ga undii Hyderabad lo,0
"villain 1000 cr spend chesadu plan ki, hero oka punch lo finish — ROI zero 😭😭",1
"online class lo professor 'unmute avvandi' antee — 50 fans, 10 dogs, 5 ammaa voices",1
Venky back bench lo undhi kani first bencher kanna better marks — back lo wifi strong undi lol,1
Bhaskar Vizag lo relatives ni chusaadaniki chesaadu,0
Rajesh new share auto kinukkunnadu last month 🙂,0
professor 'open book exam' anti Babai library motham bag lo pettukochadu haha,1
naa library ki walking distance lo undy,0
CN prepare avvadam ki daily 2 hours chadduvukovadam avvunu,0
Bhaskar library lo chemistry chadduvutunnadu,0
online learning convenient ga undii anukunde,0
"today algorithms lab session undi, prepare avutunna 🙂",0
"phone lo 1% battery, charger room lo undie, nenu hall lo undii — impossible distance 😭",1
state lo rainfall challa undi this monsoon,0
"ATM ki poina, cash laedu, UPI try chesanu, network leduu — broke in every way finished",1
"villain 1000 cr spend chesadu plan ki, hero okka punch lo finish — ROI zero lol",1
"traffic lo Tirupati lo okaa hour stuck, GPS '2 mins away' antu undhi — GPS lying brooo bruh",1
nenu CN interesting undhi anti anukunde,0
"amma chapati chesindi, nenu 'chaalaa undy' annanu — ledu, pure diplomacy broh haha",1
group study sometimes helpful avnu anukunde 👍👍,0
"nannaa 'maa time lo chaalaa cheyyadham kashtapaddamu' anti, aatime lo maths ledu broh — different struggle",1
"Babai Lakshmi ki 'hi' text chesadu, 3 days tarvata reply vasindi — chaala busy schedule undie",1
water challa taagadam health ki chaala avunuu,0
"nenu chapati try chesanu first time, okay ga undie 👍",0
Nani library lo OS chadduvutunnadu,0
"naa wifi challa fast undie — speed test lo matrame, actual lo ledu bro haha",1
internships chaalaa important undii final year ki hmm,0
"hero bike stunt chesadu, Vikram try chesadu — bike undie, Vikram hospital lo undy 😂",1
relationship status: TOC tho brooo — at least it needs me gg,1
"naaku upma challa ishtam, ammaa chesindi, vere upma chesindi — betrayal bruh",1
"naa life Prabhas movie la undy — interval ki twist, climax ki logic ledu broo gone case",1
"amma cheppindi 'doctor avutav' ani, naa ML marks chusaka 'compounder avvachu' ani update chesindi 😂",1
weather today chala hot ga undii Karimnagar lo,0
new flyover Nellore lo ready avvunu next month,0
"Pawan Kalyan okka punch lo 10 mandi ni edu chesadu, nenu okka physics paper clear cheyyalekapoyanu 🤣",1
"naa phone battery chaalaa fast poothundi, relationships kanna faster",1
new hospital Nellore lo open avutundi next month,0
crush cheppindi 'we are just friends' ani — CN fail kanna painful avunuu bro 😭,1
"Prasad Mounika ki 'hi' text chesadu, 3 days tarvata reply vasindi — chaalaa busy schedule undy haha",1
weather today chala hot ga undhi Kurnool lo,0
government 'smart city' antey Hyderabad lo Splendor ki roads ledhu — very smart 🤣,1
Prasad college lo CN class attend chesdu,0
engineer avvadam chaalaa kaashtam undi kani worth it,0
Naveen Hyderabad lo relatives ni chusaadaniki chesdu,0
teacher avvadam chaalaa kaashtam undy kani worth it,0
"phone lo 1% battery, charger room lo undie, nenu hall lo undie — impossible distance 😭",1
"Rajesh brooo exam ki prepare laedu, result vasthe 'paper tough undi' ani blame chesadu lol",1
nenu today Karimnagar ki Splendor lo vellanu sure,0
weather today challa hot ga undii Rajahmundry lo,0
reading habit chaalaa useful undie long term lo,0
"diet start chesanu — pulihora chusaka cancel avvunu, health is wealth food is life",1
"naaku pongal challa ishtam, amma chesindi, vere pongal chesindi — betrayal 💀",1
"diet start chesanu — vada chusaka cancel chesanu, health is wealth but food is life 😭😭",1
Teja new share auto kinukkunnadu last month sure,0
Rajesh Rajahmundry lo relatives ni chusaadaniki chesdu,0
Surya college lo algorithms class attend chesadu 🙏,0
"nenu sambar tinnanu, chaala undy",0
state lo rainfall chaala undii this monsoon,0
"Ravi Anu tho first date ki Warangal lo sambar tinnaru, bill split chesadu — modern love 😂",1
software engineer avvadam challa kaashtam undhi kani worth it 👍👍,0
"relatives adugutunnaru 'what are your plans' ani, nenu ML pass avvadam plan brow — small goals bruh",1
"diet start chesanu — roti chusaka cancel avunuu, health is wealth food is life",1
ML nerchukovadam important undhi career ki,0
"Vijay Deverakonda movie lo villain chaalaa try chesadu, hero ki okka scratch leduu — plot armour max level 🤣",1
"nenu chapati try chesanu first time, okay ga undy",0
college university lo CN class laedu today antey Sai ammaaa ki call chesadu 'holiday' ani — smart move 😭😭,1
healthy ga undadam ki biryani tinate chaalaa undii,0
"phone lo 1% battery, charger room lo undhi, nenu hall lo undie — impossible distance",1
exam lo Naidu pray chesadu 'God MCQ lo A avvani cheyydam' — specific prayer works,1
"nenu Mahesh Babu movies chustanu, chala undii ante",0
group study sometimes helpful avnu anukunde 🙏,0
"placement cell lo HR adugadu 'where do you see yourself in 5 years', Suresh 'sleeping' annadu — honest answer haha",1
Prasad Vijayawada lo relatives ni chusaadaniki chesaadu,0
"amma 'oka software engineer ni chadi, set avutav' ante, nenu still DSA clear cheyyalekapotunna rip",1
"phone lo 1% battery, charger room lo undi, nenu hall lo undie — impossible distance gone case",1
upma chaalaa healthy ga undii daily tinte sure,0
"naa wifi challa fast undii — speed test lo matrame, actual lo leduu broo 🤣",1
nenu Warangal lo PhonePe use chesthu undi,0
"ATM ki poina, cash edu, UPI try chesanu, network ledu — broke in every way",1
"naa life Balayya movie la undy — interval ki twist, climax ki logic leduu bro finished",1
"naa life Vijay Deverakonda movie la undhi — interval ki twist, climax ki logic ledhu broh",1
chapati challaa healthy ga undie daily tinte right,0
"internals lo Ramu ki 9/30 vasthe 'grace marks' antadu, grace means 9 ye brooo",1
idli chaalaa healthy ga undii daily tinte 👍,0
"WhatsApp lo sambar order chesanu, wrong item vasindhi, hungry avnu tinna — hunger > ego 😂",1
"nenu idli tinnanu, challaa undi 👍👍",0
exam lo Gopi pray chesadu 'God MCQ lo A avvani cheyyadham' — specific prayer works 💀,1
work from home easy antee — Bunny ammaaa background lo roti chesthu meeting lo haha,1
Karimnagar lo water supply schedule change avnu,0
CA avvadam challa kaashtam undhi kani worth it,0
nenu Vizag lo Swiggy use chesthu undy,0
"Mahesh assignment last minute chesadu, font 16, margins wide, 3 pages done — engineering genius 💀",1
"YouTube lo chicken curry order chesanu, wrong item vasindi, hungry avunu tinna — hunger > ego",1
Gopi back bench lo undhi kani first bencher kanna better marks — back lo wifi strong undhi lol,1
Suresh library lo English chadduvutunnadu,0
"Bhaskar Suma tho first date ki Tirupati lo sambar tinnaru, bill split chesadu — modern love",1
"nenu chapati tinnanu, challa undi 🙌",0
reading habit chaalaa useful undy long term lo 🙏,0
morning vada breakfast ki chesamu hmm,0
"Karimnagar lo okkka seat dorikithe lucky day ani anukunta, destination vastundi leduu haha",1
nenu Guntur lo PhonePe use chesthu undii,0
amma: nuvu ekkadaa unnav? nenu: library lo. ammaa: mee college lo library ekado undi ra? caught haha,1
"Haritha 'nuvvu change avvali' annadi, Babai hairstyle change chesadu — nenu try chesanu brooo",1
Tirupati lo water supply schedule change avunuu,0
"NTR movie lo villain chala try chesadu, hero ki okka scratch edu — plot armour max level",1
crush cheppindi 'we are just friends' ani — CN fail kanna painful avvunu brow rip,1
government 'smart city' antey Tirupati lo RTC bus ki roads leduu — very smart bruh,1
"ATM ki poina, cash ledhu, UPI try chesanu, network edu — broke in every way 😭",1
Vizag lo new IT park build avutundi,0
ammaa: nuvu ekkado unnav? nenu: library lo. amma: mee college lo library ekada undy ra? caught 🤣,1
Gopi Kurnool lo relatives ni chusaadaniki chesadu,0
"Suresh university lo attendance edu brow, but ammaa tho 'daily velthunna' antadu — technically ledu lmao",1
government 'smart city' ante Warangal lo RTC bus ki roads laedu — very smart,1
naa exam hall ki walking distance lo undii,0
internships challa important undii final year ki 🙏,0
"valentine's day ki Kiran alone undhi, gongura rice order chesadu — self love era",1
dosa chaalaa healthy ga undy daily tinte sure,0
"babai cheppadu 'Lucky ni chuso challaa undhi' — Lucky fail avunu broo, different level inspiration",1
chapati challa healthy ga undhi daily tinte,0
Gopi new cycle kinukkunnadu last month 🤔,0
government 'smart city' antee Karimnagar lo RTC bus ki roads leduu — very smart lol,1
"Bunny assignment last minute chesadu, font 16, margins wide, 3 pages done — engineering genius 💀",1
"internals lo Surya ki 9/30 vasthe 'grace marks' antadu, grace means 9 ye brow gg",1
"ATM ki poina, cash laedu, UPI try chesanu, network ledu — broke in every way gone case",1
"Instagram lo chapati order chesanu, wrong item vasindy, hungry avunuu tinna — hunger > ego",1
"nenu Pawan Kalyan movies chustanu, challaa undhi anti",0
"diet start chesanu — pulihora chusaka cancel avunuu, health is wealth food is life",1
internet speed improve avvunu rural areas lo,0
"nenu Prabhas movies chustanu, challaa undhi anti",0
"ammaa 'oka teacher ni chadi, set avutav' antee, nenu still algorithms clear cheyyalekapotunna finished",1
"chala thanks brow, nuvvuu help chesav — problem chaala worse avunu now",1
nenu OS interesting undy anti anukuntaa,0
"Arjun Mounika ki good morning text chesadu daily, adi read avunuu reply laedu — read receipts cruelty brow 💔",1
morning pulihora breakfast ki chesamu,0
healthy ga undadam ki chapati tinate challa undie,0
nenu ML interesting undi antee anukunde,0
"ammaaa chicken curry chesindi, nenu 'chala undi' annanu — edu, pure diplomacy brooo bruh",1
"relatives adugutunnaru 'what are your plans' ani, nenu physics pass avvadam plan broh — small goals lmao",1
group study sometimes helpful avnu anukunde 🤔,0
nenu today Hyderabad ki cycle lo vellanu,0
Bhaskar Rajahmundry lo relatives ni chusaadaniki chesadu,0
"nenu Balayya movies chustanu, chaalaa undi anti",0
"Lakshmi 'nuvvu change avvali' annadi, Srinu hairstyle change chesadu — nenu try chesanu broo",1
work from home easy ante — Arjun ammaaa background lo sambar chesthu meeting lo,1
"Pawan Kalyan dialogue Ramu university lo use chesadu, professor appreciate chesadhu — cinema education",1
auto wala 'meter laedu' antey 3x rate adugadu — Hyderabad experience bruh,1
"internals lo Babai ki 9/30 vasthe 'grace marks' antadu, grace means 9 ye broh bruh",1
Chitti back bench lo undie kani first bencher kanna better marks — back lo wifi strong undii bruh,1
"hero bike stunt chesadu, Babai try chesadu — bike undy, Babai hospital lo undie",1
"valentine's day ki Vikram alone undy, chicken curry order chesadu — self love era",1
"Teja Mounika tho first date ki Guntur lo idli tinnaru, bill split chesadu — modern love",1
egg rice challaa healthy ga undy daily tinte hmm,0
Warangal lo water supply schedule change avunuu,0
"amma cheppindi 'doctor avutav' ani, naa networks marks chusaka 'compounder avvachu' ani update chesindi",1
weather today chala hot ga undhi Warangal lo,0
"Lucky Indu tho first date ki Rajahmundry lo sambar tinnaru, bill split chesadu — modern love",1
naa hostel ki walking distance lo undi,0
"naa DSA paper lo okaa question kaadu telivindi, kani confident ga avvunu rasa — confidence bro not knowledge",1
group study sometimes helpful avunuu anukunde 🙂,0
"nenu vada tinnanu, chala undy",0
chicken curry challa healthy ga undy daily tinte 👍👍,0
"relatives adugutunnaru 'what are your plans' ani, nenu chemistry pass avvadam plan bro — small goals",1
"NTR movie review: 'logic edu' — fans: 'logic ante em bro, emotion chuso'",1
"nanna bike ki petrol ledhu, naaku pocket money edu, iddaru same team",1
"movie lo hero okkka song lo 5 countries lo dance chesadu, nenu okkka Vijayawada bus stop daateri ledhu",1
Prasad Hyderabad lo relatives ni chusaadaniki chesadhu,0
Sai new cycle kinukkunnadu last month,0
resume lo English skills mention cheyyadam important,0
"diet start chesanu — pesarattu chusaka cancel avunuu, health is wealth food is life lmao",1
water chala taagadam health ki challa avunu,0
Bhaskar library lo physics chadduvutunnadu,0
pulihora chaala healthy ga undie daily tinte,0
"nenu Pawan Kalyan movies chustanu, chaalaa undie anti",0
"Indu 'nuvvu change avvali' annadi, Surya hairstyle change chesadu — nenu try chesanu broo",1
algorithms prepare avvadam ki daily 2 hours chadduvukovadam avvunu,0
"nenu Prabhas movies chustanu, challaa undi antee",0
"Allu Arjun movie review: 'logic ledu' — fans: 'logic ante em broh, emotion chuso' lmao",1
Kiran ML assignment complete chesadhu yesterday,0
Bhaskar English assignment complete chesadhu yesterday,0
nenu Karimnagar lo WhatsApp use chesthu undie,0
Suresh Guntur lo relatives ni chusaadaniki chesdu,0
"Instagram lo roti order chesanu, wrong item vasindhi, hungry avunuu tinna — hunger > ego 💀",1
Venky library lo physics chadduvutunnadu,0
Sai exam hall lo CN class attend chesadhu 🤔,0
Kiran library lo DSA chadduvutunnadu,0
"traffic lo Warangal lo okka hour stuck, GPS '2 mins away' antu undii — GPS lying broh",1
Sai physics assignment complete chesadhu yesterday,0
"Rajesh broh exam ki prepare ledhu, result vasthe 'paper tough undii' ani blame chesadu bruh",1
bus timings change chesaru Kurnool lo recently,0
"Bhaskar library lo attendance leduu broh, but ammaa tho 'daily velthunna' antadu — technically laedu haha",1
"today networks lab session undie, prepare avutunna sure",0
group study sometimes helpful avunu anukuntunna 🙂,0
naa library ki walking distance lo undi,0
savings account lo auto debit set cheyyadam better,0
reading habit chala useful undhi long term lo,0
family function lo oka uncle adugadu 'marks entha' ani — nanna topic change chesadu immediately haha,1
"diet start chesanu — upma chusaka cancel chesanu, health is wealth but food is life",1
exam lo Prasad pray chesadu 'God MCQ lo A avvani cheyyatam' — specific prayer works,1
"placement cell lo HR adugadu 'where do you see yourself in 5 years', Chitti 'sleeping' annadu — honest answer",1
"amma cooking chesthu undi, nenu help cheyyadam try chesanu — amma 'nuvvu poni chadduvuko' annadi haha",1
"ammaaa cheppindi 'doctor avutav' ani, naa networks marks chusaka 'compounder avvachu' ani update chesindi",1
Nellore lo traffic problem address cheyyaali antey,0
"exam ki notes miss avvadam kaadhu, important undy",0
government 'smart city' antey Karimnagar lo RTC bus ki roads leduu — very smart bruh,1
college placement cell lo CN class leduu today antee Sai amma ki call chesadu 'holiday' ani — smart move 🤣,1
"Vijay Deverakonda dialogue Suresh hostel lo use chesadu, professor appreciate chesadhu — cinema education 🤣",1
group study sometimes helpful avunuu anukunde 🙌,0
"nannaa bike ki petrol ledhu, naaku pocket money leduu, iddaru same team finished",1
weather today challa hot ga undy Warangal lo,0
Karimnagar lo water supply schedule change avvunu,0
healthy ga undadam ki gongura rice tinate chaala undii,0
bike maintain cheyyadaniki regular service important undie,0
relationship status: DSA tho broo — at least it needs me,1
nenu chemistry interesting undie antey anukuntunna,0
"chaala thanks brooo, nuvu help chesav — problem chala worse avunu now",1
technology challa fast ga change avutundi 👍,0
"valentine's day ki Mahesh alone undie, pulihora order chesadu — self love era 😭😭",1
nenu TOC interesting undie antee anukuntunna,0
group study sometimes helpful avunu anukunde,0
"Pawan Kalyan oka punch lo 10 mandi ni ledu chesadu, nenu okaa chemistry paper clear cheyyalekapoyanu 💀",1
software engineer avvadam chaala kaashtam undie kani worth it,0
online learning convenient ga undi anukunta,0
nenu today Warangal ki cycle lo vellanu,0
"Mahesh Priya ki 'hi' text chesadu, 3 days tarvata reply vasindi — chaala busy schedule undi",1
"amma WhatsApp status 'my son is my pride' pettindi, naa result vasindi — delete chesdu",1
"ATM ki poina, cash ledhu, UPI try chesanu, network ledu — broke in every way",1
"naa phone new update vasindi, install chesanu 🙌",0
Chitti library lo English chadduvutunnadu,0
nenu today Rajahmundry ki Splendor lo vellanu ok,0
"naa chemistry marks chusaka oka nimisham silent ga undy, grief kaadu bro — pure shock",1
group study sometimes helpful avunuu anukunde ok,0
exam lo Ramu pray chesadu 'God MCQ lo A avvani cheyydam' — specific prayer works,1
"naa life Allu Arjun movie la undy — interval ki twist, climax ki logic laedu brooo",1
"Kiran assignment last minute chesadu, font 16, margins wide, 3 pages done — engineering genius gg",1
Naidu networks assignment complete chesaadu yesterday,0
state lo rainfall challaa undii this monsoon,0
ammaa: nuvvuu ekkado unnav? nenu: library lo. ammaaa: mee college lo library ekado undhi ra? caught haha,1
Sekhar university lo OS class attend chesadu cool,0
"babai cheppadu 'Sekhar ni chuso challaa undhi' — Sekhar fail avnu brooo, different level inspiration 💀",1
Teja mess lo physics class attend chesdu,0
"naa ML professor challaa fast brow, notes ledhu, brain ledu, hope edu, future edu",1
nenu Tirupati lo GPay use chesthu undi,0
Naidu maths assignment complete chesadu yesterday,0
"Bhaskar brow exam ki prepare edu, result vasthe 'paper tough undi' ani blame chesadu 🤣",1
regular exercise chaalaa important undy health ki cool,0
"ammaa pesarattu chesindi, nenu 'challaa undii' annanu — edu, pure diplomacy broo",1
Rajesh Vizag lo relatives ni chusaadaniki chesdu,0
"Teja assignment last minute chesadu, font 16, margins wide, 3 pages done — engineering genius lol",1
healthy ga undadam ki roti tinate chaalaa undhi,0
"ammaa cooking chesthu undy, nenu help cheyyadam try chesanu — ammaa 'nuvvu poni chadduvuko' annadi 😭😭",1
"nanna bike ki petrol leduu, naaku pocket money edu, iddaru same team",1
Sunday night 11 PM ki Monday ki prepare avvadam start chesanu — classic brow 💀,1
nenu today Warangal ki auto lo vellanu,0
auto wala 'meter ledu' antey 3x rate adugadu — Hyderabad experience lmao,1
relationship status: TOC tho broo — at least it needs me haha,1
"meeting lo mute avunuu matladanu, 5 mins tarvata telusindi — everyone saw broo gg",1
"relatives adugutunnaru 'what are your plans' ani, nenu TOC pass avvadam plan broo — small goals",1
"nenu Mahesh Babu movies chustanu, challa undi ante",0
"nannaa 'maa time lo challaa cheyyadham kashtapaddamu' antey, aatime lo TOC ledhu bro — different struggle",1
"amma cooking chesthu undy, nenu help cheyyadam try chesanu — ammaaa 'nuvvu poni chadduvuko' annadi 💀",1
"Karimnagar lo okka seat dorikithe lucky day ani anukunde, destination vastundi laedu haha",1
"valentine's day ki Nani alone undie, pongal order chesadu — self love era 😂",1
water challaa taagadam health ki chaalaa avunu,0
"'gym join chestanu' ani January 1 ki fee kattanu, January 5 ki forget avunuu — annual tradition 😂",1
government 'smart city' ante Tirupati lo Splendor ki roads ledu — very smart 💀,1
pilot avvadam chala kaashtam undii kani worth it,0
"naaku dosa chala ishtam, ammaa chesindi, vere dosa chesindi — betrayal 😭😭",1
Babai ML assignment complete chesdu yesterday,0
"valentine's day ki Chitti alone undy, pesarattu order chesadu — self love era gg",1
"traffic lo Kurnool lo oka hour stuck, GPS '2 mins away' antu undii — GPS lying brow",1
"ammaa 'oka data scientist ni chadi, set avutav' anti, nenu still English clear cheyyalekapotunna rip",1
"nenu online class attend chesanu today, notes rasanu 🤔",0
maths prepare avvadam ki daily 2 hours chadduvukovadam avunuu,0
"naa phone battery chaala fast poothundi, relationships kanna faster rip",1
weather today chala hot ga undii Guntur lo,0
doctor avvadam chaala kaashtam undy kani worth it 👍👍,0
online learning convenient ga undii anukunde hmm,0
"Prabhas movie lo villain challa try chesadu, hero ki okkka scratch laedu — plot armour max level",1
healthy ga undadam ki pongal tinate chaalaa undie,0
professor 'open book exam' ante Yadav library motham bag lo pettukochadu 🤣,1
"chaalaa thanks broh, nuwu help chesav — problem chaala worse avnu now",1
mass movie ante Allu Arjun dialogue ni Lucky WhatsApp status lo pettadu — feels undie broo bruh,1
crush cheppindi 'we are just friends' ani — physics fail kanna painful avunu broh,1
"Lucky exam hall lo attendance edu broh, but ammaa tho 'daily velthunna' antadu — technically edu",1
"today CN lab session undie, prepare avutunna",0
"naa life Balayya movie la undii — interval ki twist, climax ki logic leduu broo",1
"Yadav hostel lo attendance ledu brooo, but amma tho 'daily velthunna' antadu — technically edu haha",1
"Vijayawada lo okkka seat dorikithe lucky day ani anukunde, destination vastundi ledhu gg",1
"Yadav Bhavana ki 'hi' text chesadu, 3 days tarvata reply vasindi — challa busy schedule undhi 🤣",1
dosa chaala healthy ga undie daily tinte,0
"nannaa bike ki petrol ledu, naaku pocket money ledhu, iddaru same team finished",1
Naveen OS assignment complete chesadhu yesterday,0
"meeting lo mute avnu matladanu, 5 mins tarvata telusindi — everyone saw broh bruh",1
Rajesh library lo DBMS chadduvutunnadu,0
Gopi ML assignment complete chesdu yesterday,0
nenu networks interesting undi antey anukunde,0
regular exercise chala important undi health ki 👍👍,0
